-- phpMyAdmin SQL Dump
-- version 3.5.1
-- http://www.phpmyadmin.net
--
-- Host: localhost
-- Generation Time: Sep 02, 2015 at 10:03 AM
-- Server version: 5.5.24-log
-- PHP Version: 5.3.26

SET SQL_MODE="NO_AUTO_VALUE_ON_ZERO";
SET time_zone = "+00:00";


/*!40101 SET @OLD_CHARACTER_SET_CLIENT=@@CHARACTER_SET_CLIENT */;
/*!40101 SET @OLD_CHARACTER_SET_RESULTS=@@CHARACTER_SET_RESULTS */;
/*!40101 SET @OLD_COLLATION_CONNECTION=@@COLLATION_CONNECTION */;
/*!40101 SET NAMES utf8 */;

--
-- Database: `stechschema`
--

-- --------------------------------------------------------

--
-- Table structure for table `calculatedlist`
--

CREATE TABLE IF NOT EXISTS `calculatedlist` (
  `listIndex` int(11) NOT NULL AUTO_INCREMENT,
  `saleNo` varchar(10) DEFAULT NULL,
  `salePrice` decimal(10,4) DEFAULT NULL,
  `saleQTY` decimal(10,0) DEFAULT NULL,
  `CRE_USR` varchar(5) DEFAULT NULL,
  `CRE_DTE` datetime DEFAULT NULL,
  `UPD_USR` varchar(5) DEFAULT NULL,
  `UPD_DTE` datetime DEFAULT NULL,
  `DEL_USR` varchar(5) DEFAULT NULL,
  `DEL_DTE` datetime DEFAULT NULL,
  PRIMARY KEY (`listIndex`)
) ENGINE=InnoDB  DEFAULT CHARSET=utf8 AUTO_INCREMENT=4 ;

--
-- Dumping data for table `calculatedlist`
--

INSERT INTO `calculatedlist` (`listIndex`, `saleNo`, `salePrice`, `saleQTY`, `CRE_USR`, `CRE_DTE`, `UPD_USR`, `UPD_DTE`, `DEL_USR`, `DEL_DTE`) VALUES
(1, 'B58070001', '4.0000', '5', 'D000', '2015-07-04 16:49:13', 'D000', '2015-07-04 16:49:13', NULL, '2001-01-30 17:00:00'),
(2, 'B58070002', '7.0000', '9', 'D000', '2015-07-04 16:49:57', 'D000', '2015-07-04 16:49:57', NULL, '2001-01-30 17:00:00'),
(3, 'B58070003', '6.0000', '3', 'D000', '2015-07-05 09:42:43', 'D000', '2015-07-05 09:42:43', NULL, '2001-01-30 17:00:00');

-- --------------------------------------------------------

--
-- Table structure for table `inventoryin`
--

CREATE TABLE IF NOT EXISTS `inventoryin` (
  `inIndex` bigint(11) NOT NULL AUTO_INCREMENT,
  `inID` varchar(10) DEFAULT NULL,
  `orderNo` varchar(10) DEFAULT NULL,
  `supplierIndex` int(11) DEFAULT NULL,
  `itemIndex` int(11) DEFAULT NULL,
  `branchIndex` int(11) DEFAULT NULL,
  `inPrice` decimal(10,2) DEFAULT NULL,
  `inQTY` decimal(10,0) DEFAULT NULL,
  `stockQTY` decimal(10,0) DEFAULT NULL,
  `inDone` tinyint(1) DEFAULT NULL,
  `inTransportCost` decimal(10,0) DEFAULT NULL,
  `paymentDue` datetime DEFAULT NULL,
  `orderDate` datetime DEFAULT NULL,
  `receiveDate` datetime DEFAULT NULL,
  `expireDate` datetime DEFAULT NULL,
  `CRE_DTE` datetime DEFAULT NULL,
  `CRE_USR` varchar(5) DEFAULT NULL,
  `UPD_DTE` datetime DEFAULT NULL,
  `UPD_USR` varchar(5) DEFAULT NULL,
  `DEL_DTE` datetime DEFAULT NULL,
  `DEL_USR` varchar(5) DEFAULT NULL,
  PRIMARY KEY (`inIndex`)
) ENGINE=InnoDB DEFAULT CHARSET=utf8 AUTO_INCREMENT=1 ;

-- --------------------------------------------------------

--
-- Table structure for table `inventorylost`
--

CREATE TABLE IF NOT EXISTS `inventorylost` (
  `lostIndex` int(11) NOT NULL AUTO_INCREMENT,
  `lostID` varchar(10) DEFAULT NULL,
  `itemIndex` int(11) DEFAULT NULL,
  `branchIndex` int(11) DEFAULT NULL,
  `lostPrice` decimal(10,0) DEFAULT NULL,
  `lostQTY` int(11) DEFAULT NULL,
  `lostReason` varchar(150) DEFAULT NULL,
  `CRE_DTE` datetime DEFAULT NULL,
  `CRE_USR` varchar(5) DEFAULT NULL,
  `UPD_DTE` datetime DEFAULT NULL,
  `UPD_USR` varchar(5) DEFAULT NULL,
  `DEL_DTE` datetime DEFAULT NULL,
  `DEL_USR` varchar(5) DEFAULT NULL,
  PRIMARY KEY (`lostIndex`)
) ENGINE=InnoDB DEFAULT CHARSET=utf8 AUTO_INCREMENT=1 ;

-- --------------------------------------------------------

--
-- Table structure for table `inventorymove`
--

CREATE TABLE IF NOT EXISTS `inventorymove` (
  `moveIndex` int(11) NOT NULL AUTO_INCREMENT,
  `moveID` varchar(10) DEFAULT NULL,
  `itemIndex` int(11) DEFAULT NULL,
  `branchIndexFrom` int(11) DEFAULT NULL,
  `branchIndexTo` int(11) DEFAULT NULL,
  `movePrice` decimal(10,2) DEFAULT NULL,
  `moveQTY` decimal(10,0) DEFAULT NULL,
  `stockQTY` decimal(10,0) DEFAULT NULL,
  `moveDone` tinyint(1) DEFAULT NULL,
  `moveTransportCost` decimal(10,2) DEFAULT NULL,
  `moveDate` datetime DEFAULT NULL,
  `CRE_DTE` datetime DEFAULT NULL,
  `CRE_USR` varchar(5) DEFAULT NULL,
  `UPD_DTE` datetime DEFAULT NULL,
  `UPD_USR` varchar(5) DEFAULT NULL,
  `DEL_DTE` datetime DEFAULT NULL,
  `DEL_USR` varchar(5) DEFAULT NULL,
  PRIMARY KEY (`moveIndex`)
) ENGINE=InnoDB DEFAULT CHARSET=utf8 AUTO_INCREMENT=1 ;

-- --------------------------------------------------------

--
-- Table structure for table `inventoryreturn`
--

CREATE TABLE IF NOT EXISTS `inventoryreturn` (
  `returnIndex` int(11) NOT NULL AUTO_INCREMENT,
  `returnID` varchar(10) DEFAULT NULL,
  `itemIndex` int(11) DEFAULT NULL,
  `supplierIndex` int(11) DEFAULT NULL,
  `branchIndex` int(11) DEFAULT NULL,
  `returnPrice` decimal(10,0) DEFAULT NULL,
  `returnQTY` int(11) DEFAULT NULL,
  `returnTransportCost` decimal(10,0) DEFAULT NULL,
  `returnReason` varchar(150) DEFAULT NULL,
  `CRE_DTE` datetime DEFAULT NULL,
  `CRE_USR` varchar(5) DEFAULT NULL,
  `UPD_DTE` datetime DEFAULT NULL,
  `UPD_USR` varchar(5) DEFAULT NULL,
  `DEL_DTE` datetime DEFAULT NULL,
  `DEL_USR` varchar(5) DEFAULT NULL,
  PRIMARY KEY (`returnIndex`)
) ENGINE=InnoDB DEFAULT CHARSET=utf8 AUTO_INCREMENT=1 ;

-- --------------------------------------------------------

--
-- Stand-in structure for view `itemmovementview`
--
CREATE TABLE IF NOT EXISTS `itemmovementview` (
`itemIndex` int(11)
,`itemID` varchar(15)
,`actionType` varchar(10)
,`QTY` decimal(10,0)
,`stockQTY` decimal(10,0)
,`CRE_DTE` datetime
);
-- --------------------------------------------------------

--
-- Table structure for table `orderinfo`
--

CREATE TABLE IF NOT EXISTS `orderinfo` (
  `orderIndex` int(11) NOT NULL AUTO_INCREMENT,
  `saleNo` varchar(10) DEFAULT NULL,
  `tableNo` varchar(10) DEFAULT NULL,
  `customerNum` int(4) NOT NULL DEFAULT '1',
  `order_DTE` datetime DEFAULT NULL,
  `paid_DTE` datetime DEFAULT NULL,
  `UPD_USR` varchar(5) DEFAULT NULL,
  `UPD_DTE` datetime DEFAULT NULL,
  `DEL_USR` varchar(5) DEFAULT NULL,
  `DEL_DTE` datetime DEFAULT NULL,
  PRIMARY KEY (`orderIndex`)
) ENGINE=InnoDB  DEFAULT CHARSET=utf8 AUTO_INCREMENT=8 ;

--
-- Dumping data for table `orderinfo`
--

INSERT INTO `orderinfo` (`orderIndex`, `saleNo`, `tableNo`, `customerNum`, `order_DTE`, `paid_DTE`, `UPD_USR`, `UPD_DTE`, `DEL_USR`, `DEL_DTE`) VALUES
(1, 'V58070014', 'TA-04', 55, '2015-07-04 02:56:23', '2001-01-30 17:00:00', NULL, '2001-01-30 17:00:00', NULL, '2001-01-30 17:00:00'),
(2, 'C58070002', 'TA-05', 55, '2015-07-04 07:49:53', '2001-01-30 17:00:00', NULL, '2001-01-30 17:00:00', NULL, '2001-01-30 17:00:00'),
(3, 'C58070003', 'TA-04', 55, '2015-07-04 07:52:14', '2001-01-30 17:00:00', NULL, '2001-01-30 17:00:00', NULL, '2001-01-30 17:00:00'),
(4, 'C58070004', 'TA-06', 55, '2015-07-04 07:53:04', '2001-01-30 17:00:00', NULL, '2001-01-30 17:00:00', NULL, '2001-01-30 17:00:00'),
(5, 'C58070080', 'TA-01', 55, '2015-07-22 13:22:12', '2001-01-30 17:00:00', NULL, '2001-01-30 17:00:00', NULL, '2001-01-30 17:00:00'),
(6, 'C58070212', 'TA-02', 55, '2015-07-30 03:56:59', '2001-01-30 17:00:00', NULL, '2001-01-30 17:00:00', NULL, '2001-01-30 17:00:00'),
(7, 'C58080003', 'TA-01', 55, '2015-08-12 05:17:45', NULL, NULL, '2001-01-30 17:00:00', NULL, '2001-01-30 17:00:00');

-- --------------------------------------------------------

--
-- Stand-in structure for view `podetailview`
--
CREATE TABLE IF NOT EXISTS `podetailview` (
`inIndex` bigint(11)
,`inID` varchar(10)
,`orderNo` varchar(10)
,`supplierIndex` int(11)
,`itemIndex` int(11)
,`branchIndex` int(11)
,`inPrice` decimal(10,2)
,`inQTY` decimal(10,0)
,`inDone` tinyint(1)
,`inTransportCost` decimal(10,0)
,`paymentDue` datetime
,`orderDate` datetime
,`receiveDate` datetime
,`CRE_DTE` datetime
,`CRE_USR` varchar(5)
,`UPD_DTE` datetime
,`UPD_USR` varchar(5)
,`DEL_DTE` datetime
,`DEL_USR` varchar(5)
,`supplierID` varchar(5)
,`name` varchar(150)
,`itemID` varchar(15)
,`itembarcodeID` varchar(15)
,`itemName` varchar(128)
,`itemCatagoryIndex` int(11)
,`itemUnitIndex` int(11)
,`setvalue` varchar(50)
,`inTotal` decimal(20,2)
);
-- --------------------------------------------------------

--
-- Stand-in structure for view `poview`
--
CREATE TABLE IF NOT EXISTS `poview` (
`inIndex` bigint(11)
,`inID` varchar(10)
,`orderNo` varchar(10)
,`supplierIndex` int(11)
,`itemIndex` int(11)
,`branchIndex` int(11)
,`inPrice` decimal(10,2)
,`inQTY` decimal(10,0)
,`inDone` tinyint(1)
,`inTransportCost` decimal(10,0)
,`paymentDue` datetime
,`orderDate` datetime
,`receiveDate` datetime
,`CRE_DTE` datetime
,`CRE_USR` varchar(5)
,`UPD_DTE` datetime
,`UPD_USR` varchar(5)
,`DEL_DTE` datetime
,`DEL_USR` varchar(5)
,`supplierID` varchar(5)
,`name` varchar(150)
,`itemID` varchar(15)
,`itembarcodeID` varchar(15)
,`itemName` varchar(128)
,`itemCatagoryIndex` int(11)
,`itemUnitIndex` int(11)
,`setvalue` varchar(50)
);
-- --------------------------------------------------------

--
-- Table structure for table `saledetail`
--

CREATE TABLE IF NOT EXISTS `saledetail` (
  `saleIndex` bigint(11) NOT NULL AUTO_INCREMENT,
  `saleNo` varchar(10) DEFAULT NULL,
  `saleType` int(11) DEFAULT NULL,
  `customerIndex` int(11) DEFAULT NULL,
  `saleDone` tinyint(1) DEFAULT NULL,
  `creditCardID` varchar(15) DEFAULT NULL,
  `approvalCode` varchar(15) DEFAULT NULL,
  `saleTotalAmount` decimal(10,2) DEFAULT NULL,
  `saleTotalDiscount` decimal(10,2) DEFAULT NULL,
  `saleTotalBalance` decimal(10,2) DEFAULT NULL,
  `creditCardAuthorizer` varchar(20) DEFAULT NULL,
  `CRE_DTE` datetime DEFAULT NULL,
  `CRE_USR` varchar(5) DEFAULT NULL,
  `UPD_DTE` datetime DEFAULT NULL,
  `UPD_USR` varchar(5) DEFAULT NULL,
  `DEL_DTE` datetime DEFAULT NULL,
  `DEL_USR` varchar(5) DEFAULT NULL,
  PRIMARY KEY (`saleIndex`)
) ENGINE=InnoDB  DEFAULT CHARSET=utf8 AUTO_INCREMENT=759 ;

--
-- Dumping data for table `saledetail`
--

INSERT INTO `saledetail` (`saleIndex`, `saleNo`, `saleType`, `customerIndex`, `saleDone`, `creditCardID`, `approvalCode`, `saleTotalAmount`, `saleTotalDiscount`, `saleTotalBalance`, `creditCardAuthorizer`, `CRE_DTE`, `CRE_USR`, `UPD_DTE`, `UPD_USR`, `DEL_DTE`, `DEL_USR`) VALUES
(400, 'V58070001', 0, 1, 1, '[TBC]', '[TBC]', '65.00', '0.00', '65.00', '[TBC]', '2015-07-01 04:20:04', 'S001', '2001-01-30 17:00:00', NULL, '2001-01-30 17:00:00', NULL),
(401, 'V58070002', 0, 1, 1, '[TBC]', '[TBC]', '237.00', '0.00', '237.00', '[TBC]', '2015-07-01 04:22:31', 'S001', '2001-01-30 17:00:00', NULL, '2001-01-30 17:00:00', NULL),
(402, 'V58070003', 0, 1, 1, '[TBC]', '[TBC]', '281.00', '0.00', '281.00', '[TBC]', '2015-07-01 04:24:58', 'S001', '2001-01-30 17:00:00', NULL, '2001-01-30 17:00:00', NULL),
(403, 'V58070004', 0, 1, 1, '[TBC]', '[TBC]', '749.00', '0.00', '749.00', '[TBC]', '2015-07-01 04:54:35', 'S001', '2001-01-30 17:00:00', NULL, '2001-01-30 17:00:00', NULL),
(404, 'C58070001', 0, 1, 1, '[TBC]', '[TBC]', '25.00', '0.00', '25.00', '[TBC]', '2015-07-03 11:35:22', 'D000', '2001-01-30 17:00:00', NULL, '2001-01-30 17:00:00', NULL),
(405, 'V58070005', 0, 1, 1, '[TBC]', '[TBC]', '54.00', '0.00', '54.00', '[TBC]', '2015-07-03 11:43:32', 'S001', '2001-01-30 17:00:00', NULL, '2001-01-30 17:00:00', NULL),
(406, 'V58070006', 0, 1, 1, '[TBC]', '[TBC]', '84.00', '0.00', '84.00', '[TBC]', '2015-07-03 11:45:47', 'S001', '2001-01-30 17:00:00', NULL, '2001-01-30 17:00:00', NULL),
(407, 'V58070007', 0, 1, 1, '[TBC]', '[TBC]', '616.00', '0.00', '616.00', '[TBC]', '2015-07-03 11:46:22', 'S001', '2001-01-30 17:00:00', NULL, '2001-01-30 17:00:00', NULL),
(408, 'V58070008', 0, 1, 1, '[TBC]', '[TBC]', '207.00', '0.00', '207.00', '[TBC]', '2015-07-03 14:52:23', 'S001', '2001-01-30 17:00:00', NULL, '2001-01-30 17:00:00', NULL),
(409, 'V58070009', 0, 1, 1, '[TBC]', '[TBC]', '148.00', '0.00', '148.00', '[TBC]', '2015-07-03 14:54:22', 'S001', '2001-01-30 17:00:00', NULL, '2001-01-30 17:00:00', NULL),
(410, 'V58070010', 0, 1, 1, '[TBC]', '[TBC]', '168.00', '0.00', '168.00', '[TBC]', '2015-07-03 14:55:11', 'S001', '2001-01-30 17:00:00', NULL, '2001-01-30 17:00:00', NULL),
(411, 'V58070011', 0, 1, 1, '[TBC]', '[TBC]', '354.00', '0.00', '354.00', '[TBC]', '2015-07-03 14:56:54', 'S001', '2001-01-30 17:00:00', NULL, '2001-01-30 17:00:00', NULL),
(412, 'V58070012', 0, 1, 1, '[TBC]', '[TBC]', '566.00', '0.00', '566.00', '[TBC]', '2015-07-04 02:23:02', 'S001', '2001-01-30 17:00:00', NULL, '2001-01-30 17:00:00', NULL),
(413, 'V58070013', 0, 1, 1, '[TBC]', '[TBC]', '74.00', '0.00', '74.00', '[TBC]', '2015-07-04 02:27:37', 'S001', '2001-01-30 17:00:00', NULL, '2001-01-30 17:00:00', NULL),
(414, 'V58070014', 0, 1, 1, '[TBC]', '[TBC]', '187.00', '0.00', '187.00', '[TBC]', '2015-07-04 02:56:23', 'S001', '2001-01-30 17:00:00', NULL, '2001-01-30 17:00:00', NULL),
(415, 'V58070015', 0, 1, 1, '[TBC]', '[TBC]', '64.00', '0.00', '64.00', '[TBC]', '2015-07-04 02:57:06', 'S001', '2001-01-30 17:00:00', NULL, '2001-01-30 17:00:00', NULL),
(416, 'V58070016', 0, 1, 1, '[TBC]', '[TBC]', '148.00', '0.00', '148.00', '[TBC]', '2015-07-04 04:20:11', 'S001', '2001-01-30 17:00:00', NULL, '2001-01-30 17:00:00', NULL),
(417, 'C58070002', 0, 1, 1, '[TBC]', '[TBC]', '124.00', '0.00', '124.00', '[TBC]', '2015-07-04 07:49:53', 'D000', '2001-01-30 17:00:00', NULL, '2001-01-30 17:00:00', NULL),
(418, 'C58070003', 0, 1, 1, '[TBC]', '[TBC]', '469.00', '0.00', '469.00', '[TBC]', '2015-07-04 07:52:29', 'D000', '2015-07-04 07:52:29', 'D000', '2001-01-30 17:00:00', NULL),
(419, 'C58070004', 0, 1, 1, '[TBC]', '[TBC]', '543.00', '0.00', '543.00', '[TBC]', '2015-07-04 07:53:04', 'D000', '2001-01-30 17:00:00', NULL, '2001-01-30 17:00:00', NULL),
(420, 'C58070005', 0, 1, 1, '[TBC]', '[TBC]', '25.00', '0.00', '25.00', '[TBC]', '2015-07-04 14:15:53', 'D000', '2001-01-30 17:00:00', NULL, '2001-01-30 17:00:00', NULL),
(421, 'C58070006', 0, 1, 1, '[TBC]', '[TBC]', '35.00', '0.00', '35.00', '[TBC]', '2015-07-04 14:17:03', 'D000', '2001-01-30 17:00:00', NULL, '2001-01-30 17:00:00', NULL),
(422, 'B58070001', 0, 1, 1, '[TBC]', '[TBC]', '20.00', '0.00', '0.00', '[TBC]', '2015-07-04 16:49:15', 'D000', '2015-07-04 16:49:15', 'D000', '2001-01-30 17:00:00', NULL),
(423, 'B58070002', 0, 1, 1, '[TBC]', '[TBC]', '63.00', '0.00', '0.00', '[TBC]', '2015-07-04 16:49:58', 'D000', '2015-07-04 16:49:58', 'D000', '2001-01-30 17:00:00', NULL),
(424, 'B58070003', 0, 1, 1, '[TBC]', '[TBC]', '18.00', '0.00', '0.00', '[TBC]', '2015-07-05 09:42:44', 'D000', '2015-07-05 09:42:44', 'D000', '2001-01-30 17:00:00', NULL),
(425, 'C58070007', 0, 1, 1, '[TBC]', '[TBC]', '20.00', '0.00', '20.00', '[TBC]', '2015-07-20 13:43:02', 'D000', '2001-01-30 17:00:00', NULL, '2001-01-30 17:00:00', NULL),
(426, 'C58070008', 0, 1, 1, '[TBC]', '[TBC]', '20.00', '0.00', '20.00', '[TBC]', '2015-07-20 13:52:52', 'D000', '2001-01-30 17:00:00', NULL, '2001-01-30 17:00:00', NULL),
(427, 'C58070009', 0, 1, 1, '[TBC]', '[TBC]', '40.00', '0.00', '40.00', '[TBC]', '2015-07-20 14:07:32', 'D000', '2001-01-30 17:00:00', NULL, '2001-01-30 17:00:00', NULL),
(428, 'V58070017', 0, 1, 1, '[TBC]', '[TBC]', '40.00', '0.00', '40.00', '[TBC]', '2015-07-20 14:24:35', 'S001', '2001-01-30 17:00:00', NULL, '2001-01-30 17:00:00', NULL),
(429, 'V58070018', 0, 1, 1, '[TBC]', '[TBC]', '59.00', '0.00', '59.00', '[TBC]', '2015-07-20 17:36:14', 'S001', '2001-01-30 17:00:00', NULL, '2001-01-30 17:00:00', NULL),
(430, 'V58070019', 0, 1, 1, '[TBC]', '[TBC]', '59.00', '0.00', '59.00', '[TBC]', '2015-07-21 03:23:43', 'S001', '2001-01-30 17:00:00', NULL, '2001-01-30 17:00:00', NULL),
(431, 'C58070010', 0, 1, 1, '[TBC]', '[TBC]', '60.00', '0.00', '60.00', '[TBC]', '2015-07-21 04:37:45', 'D000', '2001-01-30 17:00:00', NULL, '2001-01-30 17:00:00', NULL),
(432, 'C58070011', 0, 1, 1, '[TBC]', '[TBC]', '55.00', '0.00', '55.00', '[TBC]', '2015-07-21 04:38:29', 'D000', '2001-01-30 17:00:00', NULL, '2001-01-30 17:00:00', NULL),
(433, 'C58070012', 0, 1, 1, '[TBC]', '[TBC]', '69.00', '0.00', '69.00', '[TBC]', '2015-07-21 04:38:54', 'D000', '2001-01-30 17:00:00', NULL, '2001-01-30 17:00:00', NULL),
(434, 'C58070013', 0, 1, 1, '[TBC]', '[TBC]', '94.00', '0.00', '94.00', '[TBC]', '2015-07-21 06:45:37', 'D000', '2001-01-30 17:00:00', NULL, '2001-01-30 17:00:00', NULL),
(435, 'C58070014', 0, 1, 1, '[TBC]', '[TBC]', '65.00', '0.00', '65.00', '[TBC]', '2015-07-21 06:45:54', 'D000', '2001-01-30 17:00:00', NULL, '2001-01-30 17:00:00', NULL),
(436, 'C58070015', 0, 1, 1, '[TBC]', '[TBC]', '69.00', '0.00', '69.00', '[TBC]', '2015-07-21 09:02:02', 'D000', '2001-01-30 17:00:00', NULL, '2001-01-30 17:00:00', NULL),
(437, 'C58070016', 0, 1, 1, '[TBC]', '[TBC]', '64.00', '0.00', '64.00', '[TBC]', '2015-07-21 11:26:08', 'D000', '2001-01-30 17:00:00', NULL, '2001-01-30 17:00:00', NULL),
(438, 'C58070017', 0, 1, 1, '[TBC]', '[TBC]', '50.00', '0.00', '50.00', '[TBC]', '2015-07-21 11:30:00', 'D000', '2001-01-30 17:00:00', NULL, '2001-01-30 17:00:00', NULL),
(439, 'C58070018', 0, 1, 1, '[TBC]', '[TBC]', '59.00', '0.00', '59.00', '[TBC]', '2015-07-21 11:40:02', 'D000', '2001-01-30 17:00:00', NULL, '2001-01-30 17:00:00', NULL),
(440, 'C58070019', 0, 1, 1, '[TBC]', '[TBC]', '20.00', '0.00', '20.00', '[TBC]', '2015-07-21 11:45:32', 'D000', '2001-01-30 17:00:00', NULL, '2001-01-30 17:00:00', NULL),
(441, 'C58070020', 0, 1, 1, '[TBC]', '[TBC]', '20.00', '0.00', '20.00', '[TBC]', '2015-07-21 11:46:50', 'D000', '2001-01-30 17:00:00', NULL, '2001-01-30 17:00:00', NULL),
(442, 'C58070021', 0, 1, 1, '[TBC]', '[TBC]', '105.00', '0.00', '105.00', '[TBC]', '2015-07-21 15:00:34', 'D000', '2001-01-30 17:00:00', NULL, '2001-01-30 17:00:00', NULL),
(443, 'C58070022', 0, 1, 1, '[TBC]', '[TBC]', '40.00', '0.00', '40.00', '[TBC]', '2015-07-21 16:18:22', 'D000', '2001-01-30 17:00:00', NULL, '2001-01-30 17:00:00', NULL),
(444, 'C58070023', 0, 1, 1, '[TBC]', '[TBC]', '25.00', '0.00', '25.00', '[TBC]', '2015-07-21 16:21:10', 'D000', '2001-01-30 17:00:00', NULL, '2001-01-30 17:00:00', NULL),
(445, 'C58070024', 0, 1, 1, '[TBC]', '[TBC]', '20.00', '0.00', '20.00', '[TBC]', '2015-07-21 16:22:42', 'D000', '2001-01-30 17:00:00', NULL, '2001-01-30 17:00:00', NULL),
(446, 'C58070025', 0, 1, 1, '[TBC]', '[TBC]', '200.00', '0.00', '200.00', '[TBC]', '2015-07-21 16:28:36', 'D000', '2001-01-30 17:00:00', NULL, '2001-01-30 17:00:00', NULL),
(447, 'C58070026', 0, 1, 1, '[TBC]', '[TBC]', '25.00', '0.00', '25.00', '[TBC]', '2015-07-21 16:31:22', 'D000', '2001-01-30 17:00:00', NULL, '2001-01-30 17:00:00', NULL),
(448, 'C58070027', 0, 1, 1, '[TBC]', '[TBC]', '20.00', '0.00', '20.00', '[TBC]', '2015-07-21 16:32:22', 'D000', '2001-01-30 17:00:00', NULL, '2001-01-30 17:00:00', NULL),
(449, 'C58070028', 0, 1, 1, '[TBC]', '[TBC]', '64.00', '0.00', '64.00', '[TBC]', '2015-07-21 16:33:43', 'D000', '2001-01-30 17:00:00', NULL, '2001-01-30 17:00:00', NULL),
(450, 'C58070029', 0, 1, 1, '[TBC]', '[TBC]', '225.00', '0.00', '225.00', '[TBC]', '2015-07-21 16:34:39', 'D000', '2001-01-30 17:00:00', NULL, '2001-01-30 17:00:00', NULL),
(451, 'C58070030', 0, 1, 1, '[TBC]', '[TBC]', '25.00', '0.00', '25.00', '[TBC]', '2015-07-21 16:35:52', 'D000', '2001-01-30 17:00:00', NULL, '2001-01-30 17:00:00', NULL),
(452, 'C58070031', 0, 1, 1, '[TBC]', '[TBC]', '69.00', '0.00', '69.00', '[TBC]', '2015-07-21 16:37:01', 'D000', '2001-01-30 17:00:00', NULL, '2001-01-30 17:00:00', NULL),
(453, 'C58070032', 0, 1, 1, '[TBC]', '[TBC]', '30.00', '0.00', '30.00', '[TBC]', '2015-07-21 16:53:20', 'D000', '2001-01-30 17:00:00', NULL, '2001-01-30 17:00:00', NULL),
(454, 'C58070033', 0, 1, 1, '[TBC]', '[TBC]', '55.00', '0.00', '55.00', '[TBC]', '2015-07-21 17:11:08', 'D000', '2001-01-30 17:00:00', NULL, '2001-01-30 17:00:00', NULL),
(455, 'C58070034', 0, 1, 1, '[TBC]', '[TBC]', '30.00', '0.00', '30.00', '[TBC]', '2015-07-21 17:13:33', 'D000', '2001-01-30 17:00:00', NULL, '2001-01-30 17:00:00', NULL),
(456, 'C58070035', 0, 1, 1, '[TBC]', '[TBC]', '20.00', '0.00', '20.00', '[TBC]', '2015-07-21 17:27:54', 'D000', '2001-01-30 17:00:00', NULL, '2001-01-30 17:00:00', NULL),
(457, 'C58070036', 0, 1, 1, '[TBC]', '[TBC]', '39.00', '0.00', '39.00', '[TBC]', '2015-07-21 17:30:51', 'D000', '2001-01-30 17:00:00', NULL, '2001-01-30 17:00:00', NULL),
(458, 'C58070037', 0, 1, 1, '[TBC]', '[TBC]', '40.00', '0.00', '40.00', '[TBC]', '2015-07-21 17:34:04', 'D000', '2001-01-30 17:00:00', NULL, '2001-01-30 17:00:00', NULL),
(459, 'C58070038', 0, 1, 1, '[TBC]', '[TBC]', '25.00', '0.00', '25.00', '[TBC]', '2015-07-21 17:37:11', 'D000', '2001-01-30 17:00:00', NULL, '2001-01-30 17:00:00', NULL),
(460, 'C58070039', 0, 1, 1, '[TBC]', '[TBC]', '120.00', '0.00', '120.00', '[TBC]', '2015-07-22 00:49:12', 'D000', '2001-01-30 17:00:00', NULL, '2001-01-30 17:00:00', NULL),
(461, 'C58070040', 0, 1, 1, '[TBC]', '[TBC]', '200.00', '0.00', '200.00', '[TBC]', '2015-07-22 00:50:03', 'D000', '2001-01-30 17:00:00', NULL, '2001-01-30 17:00:00', NULL),
(462, 'C58070041', 0, 1, 1, '[TBC]', '[TBC]', '100.00', '0.00', '100.00', '[TBC]', '2015-07-22 00:54:03', 'D000', '2001-01-30 17:00:00', NULL, '2001-01-30 17:00:00', NULL),
(463, 'C58070042', 0, 1, 1, '[TBC]', '[TBC]', '69.00', '0.00', '69.00', '[TBC]', '2015-07-22 01:34:19', 'D000', '2001-01-30 17:00:00', NULL, '2001-01-30 17:00:00', NULL),
(464, 'C58070043', 0, 1, 1, '[TBC]', '[TBC]', '94.00', '0.00', '94.00', '[TBC]', '2015-07-22 01:50:44', 'D000', '2001-01-30 17:00:00', NULL, '2001-01-30 17:00:00', NULL),
(465, 'C58070044', 0, 1, 1, '[TBC]', '[TBC]', '25.00', '0.00', '25.00', '[TBC]', '2015-07-22 02:08:40', 'D000', '2001-01-30 17:00:00', NULL, '2001-01-30 17:00:00', NULL),
(466, 'C58070045', 0, 1, 1, '[TBC]', '[TBC]', '148.00', '0.00', '148.00', '[TBC]', '2015-07-22 02:21:48', 'D000', '2001-01-30 17:00:00', NULL, '2001-01-30 17:00:00', NULL),
(467, 'C58070046', 0, 1, 1, '[TBC]', '[TBC]', '20.00', '0.00', '20.00', '[TBC]', '2015-07-22 03:02:25', 'D000', '2001-01-30 17:00:00', NULL, '2001-01-30 17:00:00', NULL),
(468, 'C58070047', 0, 1, 1, '[TBC]', '[TBC]', '125.00', '0.00', '125.00', '[TBC]', '2015-07-22 03:39:13', 'D000', '2001-01-30 17:00:00', NULL, '2001-01-30 17:00:00', NULL),
(469, 'C58070048', 0, 1, 1, '[TBC]', '[TBC]', '69.00', '0.00', '69.00', '[TBC]', '2015-07-22 03:50:27', 'D000', '2001-01-30 17:00:00', NULL, '2001-01-30 17:00:00', NULL),
(470, 'C58070049', 0, 1, 1, '[TBC]', '[TBC]', '20.00', '0.00', '20.00', '[TBC]', '2015-07-22 03:52:26', 'D000', '2001-01-30 17:00:00', NULL, '2001-01-30 17:00:00', NULL),
(471, 'C58070050', 0, 1, 1, '[TBC]', '[TBC]', '120.00', '0.00', '120.00', '[TBC]', '2015-07-22 03:55:51', 'D000', '2001-01-30 17:00:00', NULL, '2001-01-30 17:00:00', NULL),
(472, 'C58070051', 0, 1, 1, '[TBC]', '[TBC]', '200.00', '0.00', '200.00', '[TBC]', '2015-07-22 03:56:34', 'D000', '2001-01-30 17:00:00', NULL, '2001-01-30 17:00:00', NULL),
(473, 'C58070052', 0, 1, 1, '[TBC]', '[TBC]', '59.00', '0.00', '59.00', '[TBC]', '2015-07-22 04:11:15', 'D000', '2001-01-30 17:00:00', NULL, '2001-01-30 17:00:00', NULL),
(474, 'C58070053', 0, 1, 1, '[TBC]', '[TBC]', '100.00', '0.00', '100.00', '[TBC]', '2015-07-22 04:14:22', 'D000', '2001-01-30 17:00:00', NULL, '2001-01-30 17:00:00', NULL),
(475, 'C58070054', 0, 1, 1, '[TBC]', '[TBC]', '210.00', '0.00', '210.00', '[TBC]', '2015-07-22 04:15:33', 'D000', '2001-01-30 17:00:00', NULL, '2001-01-30 17:00:00', NULL),
(476, 'C58070055', 0, 1, 1, '[TBC]', '[TBC]', '364.00', '0.00', '364.00', '[TBC]', '2015-07-22 04:27:35', 'D000', '2001-01-30 17:00:00', NULL, '2001-01-30 17:00:00', NULL),
(477, 'C58070056', 0, 1, 1, '[TBC]', '[TBC]', '155.00', '0.00', '155.00', '[TBC]', '2015-07-22 04:45:12', 'D000', '2001-01-30 17:00:00', NULL, '2001-01-30 17:00:00', NULL),
(478, 'C58070057', 0, 1, 1, '[TBC]', '[TBC]', '45.00', '0.00', '45.00', '[TBC]', '2015-07-22 04:53:52', 'D000', '2001-01-30 17:00:00', NULL, '2001-01-30 17:00:00', NULL),
(479, 'C58070058', 0, 1, 1, '[TBC]', '[TBC]', '30.00', '0.00', '30.00', '[TBC]', '2015-07-22 04:56:45', 'D000', '2001-01-30 17:00:00', NULL, '2001-01-30 17:00:00', NULL),
(480, 'C58070059', 0, 1, 1, '[TBC]', '[TBC]', '69.00', '0.00', '69.00', '[TBC]', '2015-07-22 04:58:59', 'D000', '2001-01-30 17:00:00', NULL, '2001-01-30 17:00:00', NULL),
(481, 'C58070060', 0, 1, 1, '[TBC]', '[TBC]', '69.00', '0.00', '69.00', '[TBC]', '2015-07-22 05:00:21', 'D000', '2001-01-30 17:00:00', NULL, '2001-01-30 17:00:00', NULL),
(482, 'C58070061', 0, 1, 1, '[TBC]', '[TBC]', '128.00', '0.00', '128.00', '[TBC]', '2015-07-22 05:03:57', 'D000', '2001-01-30 17:00:00', NULL, '2001-01-30 17:00:00', NULL),
(483, 'C58070062', 0, 1, 1, '[TBC]', '[TBC]', '69.00', '0.00', '69.00', '[TBC]', '2015-07-22 05:05:41', 'D000', '2001-01-30 17:00:00', NULL, '2001-01-30 17:00:00', NULL),
(484, 'C58070063', 0, 1, 1, '[TBC]', '[TBC]', '69.00', '0.00', '69.00', '[TBC]', '2015-07-22 05:07:12', 'D000', '2001-01-30 17:00:00', NULL, '2001-01-30 17:00:00', NULL),
(485, 'C58070064', 0, 1, 1, '[TBC]', '[TBC]', '30.00', '0.00', '30.00', '[TBC]', '2015-07-22 05:08:57', 'D000', '2001-01-30 17:00:00', NULL, '2001-01-30 17:00:00', NULL),
(486, 'C58070065', 0, 1, 1, '[TBC]', '[TBC]', '20.00', '0.00', '20.00', '[TBC]', '2015-07-22 05:10:36', 'D000', '2001-01-30 17:00:00', NULL, '2001-01-30 17:00:00', NULL),
(487, 'C58070066', 0, 1, 1, '[TBC]', '[TBC]', '30.00', '0.00', '30.00', '[TBC]', '2015-07-22 05:11:02', 'D000', '2001-01-30 17:00:00', NULL, '2001-01-30 17:00:00', NULL),
(488, 'C58070067', 0, 1, 1, '[TBC]', '[TBC]', '25.00', '0.00', '25.00', '[TBC]', '2015-07-22 05:12:35', 'D000', '2001-01-30 17:00:00', NULL, '2001-01-30 17:00:00', NULL),
(489, 'C58070068', 0, 1, 1, '[TBC]', '[TBC]', '59.00', '0.00', '59.00', '[TBC]', '2015-07-22 05:14:26', 'D000', '2001-01-30 17:00:00', NULL, '2001-01-30 17:00:00', NULL),
(490, 'C58070069', 0, 1, 1, '[TBC]', '[TBC]', '79.00', '0.00', '79.00', '[TBC]', '2015-07-22 05:15:41', 'D000', '2001-01-30 17:00:00', NULL, '2001-01-30 17:00:00', NULL),
(491, 'C58070070', 0, 1, 1, '[TBC]', '[TBC]', '25.00', '0.00', '25.00', '[TBC]', '2015-07-22 05:21:46', 'D000', '2001-01-30 17:00:00', NULL, '2001-01-30 17:00:00', NULL),
(492, 'C58070071', 0, 1, 1, '[TBC]', '[TBC]', '89.00', '0.00', '89.00', '[TBC]', '2015-07-22 06:52:34', 'D000', '2001-01-30 17:00:00', NULL, '2001-01-30 17:00:00', NULL),
(493, 'C58070072', 0, 1, 1, '[TBC]', '[TBC]', '99.00', '0.00', '99.00', '[TBC]', '2015-07-22 06:54:48', 'D000', '2001-01-30 17:00:00', NULL, '2001-01-30 17:00:00', NULL),
(494, 'C58070073', 0, 1, 1, '[TBC]', '[TBC]', '25.00', '0.00', '25.00', '[TBC]', '2015-07-22 09:53:18', 'D000', '2001-01-30 17:00:00', NULL, '2001-01-30 17:00:00', NULL),
(495, 'C58070074', 0, 1, 1, '[TBC]', '[TBC]', '15.00', '0.00', '15.00', '[TBC]', '2015-07-22 10:06:51', 'D000', '2001-01-30 17:00:00', NULL, '2001-01-30 17:00:00', NULL),
(496, 'C58070075', 0, 1, 1, '[TBC]', '[TBC]', '69.00', '0.00', '69.00', '[TBC]', '2015-07-22 10:09:16', 'D000', '2001-01-30 17:00:00', NULL, '2001-01-30 17:00:00', NULL),
(497, 'C58070076', 0, 1, 1, '[TBC]', '[TBC]', '114.00', '0.00', '114.00', '[TBC]', '2015-07-22 10:11:39', 'D000', '2001-01-30 17:00:00', NULL, '2001-01-30 17:00:00', NULL),
(498, 'C58070077', 0, 1, 1, '[TBC]', '[TBC]', '20.00', '0.00', '20.00', '[TBC]', '2015-07-22 12:08:07', 'D000', '2001-01-30 17:00:00', NULL, '2001-01-30 17:00:00', NULL),
(499, 'C58070078', 0, 1, 1, '[TBC]', '[TBC]', '79.00', '0.00', '79.00', '[TBC]', '2015-07-22 12:10:13', 'D000', '2001-01-30 17:00:00', NULL, '2001-01-30 17:00:00', NULL),
(500, 'C58070079', 0, 1, 1, '[TBC]', '[TBC]', '100.00', '0.00', '100.00', '[TBC]', '2015-07-22 12:58:10', 'D000', '2001-01-30 17:00:00', NULL, '2001-01-30 17:00:00', NULL),
(501, 'C58070080', 0, 1, 1, '[TBC]', '[TBC]', '69.00', '0.00', '69.00', '[TBC]', '2015-07-22 13:22:12', 'D000', '2001-01-30 17:00:00', NULL, '2001-01-30 17:00:00', NULL),
(502, 'C58070081', 0, 1, 1, '[TBC]', '[TBC]', '169.00', '0.00', '169.00', '[TBC]', '2015-07-22 13:22:27', 'D000', '2001-01-30 17:00:00', NULL, '2001-01-30 17:00:00', NULL),
(503, 'C58070082', 0, 1, 1, '[TBC]', '[TBC]', '169.00', '0.00', '169.00', '[TBC]', '2015-07-22 13:30:53', 'D000', '2001-01-30 17:00:00', NULL, '2001-01-30 17:00:00', NULL),
(504, 'C58070083', 0, 1, 1, '[TBC]', '[TBC]', '25.00', '0.00', '25.00', '[TBC]', '2015-07-22 13:53:13', 'D000', '2001-01-30 17:00:00', NULL, '2001-01-30 17:00:00', NULL),
(505, 'C58070084', 0, 1, 1, '[TBC]', '[TBC]', '20.00', '0.00', '20.00', '[TBC]', '2015-07-22 13:57:53', 'D000', '2001-01-30 17:00:00', NULL, '2001-01-30 17:00:00', NULL),
(506, 'C58070085', 0, 1, 1, '[TBC]', '[TBC]', '185.00', '0.00', '185.00', '[TBC]', '2015-07-22 14:01:15', 'D000', '2001-01-30 17:00:00', NULL, '2001-01-30 17:00:00', NULL),
(507, 'C58070086', 0, 1, 1, '[TBC]', '[TBC]', '40.00', '0.00', '40.00', '[TBC]', '2015-07-23 02:40:16', 'D000', '2001-01-30 17:00:00', NULL, '2001-01-30 17:00:00', NULL),
(508, 'C58070087', 0, 1, 1, '[TBC]', '[TBC]', '20.00', '0.00', '20.00', '[TBC]', '2015-07-23 02:44:45', 'D000', '2001-01-30 17:00:00', NULL, '2001-01-30 17:00:00', NULL),
(509, 'C58070088', 0, 1, 1, '[TBC]', '[TBC]', '35.00', '0.00', '35.00', '[TBC]', '2015-07-23 02:46:52', 'D000', '2001-01-30 17:00:00', NULL, '2001-01-30 17:00:00', NULL),
(510, 'C58070089', 0, 1, 1, '[TBC]', '[TBC]', '50.00', '0.00', '50.00', '[TBC]', '2015-07-23 02:48:41', 'D000', '2001-01-30 17:00:00', NULL, '2001-01-30 17:00:00', NULL),
(511, 'C58070090', 0, 1, 1, '[TBC]', '[TBC]', '258.00', '0.00', '258.00', '[TBC]', '2015-07-23 02:50:20', 'D000', '2001-01-30 17:00:00', NULL, '2001-01-30 17:00:00', NULL),
(512, 'C58070091', 0, 1, 1, '[TBC]', '[TBC]', '20.00', '0.00', '20.00', '[TBC]', '2015-07-23 03:06:26', 'D000', '2001-01-30 17:00:00', NULL, '2001-01-30 17:00:00', NULL),
(513, 'C58070092', 0, 1, 1, '[TBC]', '[TBC]', '84.00', '0.00', '84.00', '[TBC]', '2015-07-23 03:09:27', 'D000', '2001-01-30 17:00:00', NULL, '2001-01-30 17:00:00', NULL),
(514, 'C58070093', 0, 1, 1, '[TBC]', '[TBC]', '214.00', '0.00', '214.00', '[TBC]', '2015-07-23 03:12:32', 'D000', '2001-01-30 17:00:00', NULL, '2001-01-30 17:00:00', NULL),
(515, 'C58070094', 0, 1, 1, '[TBC]', '[TBC]', '59.00', '0.00', '59.00', '[TBC]', '2015-07-23 03:14:18', 'D000', '2001-01-30 17:00:00', NULL, '2001-01-30 17:00:00', NULL),
(516, 'C58070095', 0, 1, 1, '[TBC]', '[TBC]', '60.00', '0.00', '60.00', '[TBC]', '2015-07-23 14:47:00', 'D000', '2001-01-30 17:00:00', NULL, '2001-01-30 17:00:00', NULL),
(517, 'C58070096', 0, 1, 1, '[TBC]', '[TBC]', '128.00', '0.00', '128.00', '[TBC]', '2015-07-23 14:49:43', 'D000', '2001-01-30 17:00:00', NULL, '2001-01-30 17:00:00', NULL),
(518, 'C58070097', 0, 1, 1, '[TBC]', '[TBC]', '142.00', '0.00', '142.00', '[TBC]', '2015-07-23 15:31:05', 'D000', '2001-01-30 17:00:00', NULL, '2001-01-30 17:00:00', NULL),
(519, 'C58070098', 0, 1, 1, '[TBC]', '[TBC]', '50.00', '0.00', '50.00', '[TBC]', '2015-07-23 16:50:59', 'D000', '2001-01-30 17:00:00', NULL, '2001-01-30 17:00:00', NULL),
(520, 'C58070099', 0, 1, 1, '[TBC]', '[TBC]', '20.00', '0.00', '20.00', '[TBC]', '2015-07-23 16:58:40', 'D000', '2001-01-30 17:00:00', NULL, '2001-01-30 17:00:00', NULL),
(521, 'C58070100', 0, 1, 1, '[TBC]', '[TBC]', '39.00', '0.00', '39.00', '[TBC]', '2015-07-23 16:59:32', 'D000', '2001-01-30 17:00:00', NULL, '2001-01-30 17:00:00', NULL),
(522, 'C58070101', 0, 1, 1, '[TBC]', '[TBC]', '20.00', '0.00', '20.00', '[TBC]', '2015-07-23 17:05:43', 'D000', '2001-01-30 17:00:00', NULL, '2001-01-30 17:00:00', NULL),
(523, 'C58070102', 0, 1, 1, '[TBC]', '[TBC]', '25.00', '0.00', '25.00', '[TBC]', '2015-07-23 17:11:20', 'D000', '2001-01-30 17:00:00', NULL, '2001-01-30 17:00:00', NULL),
(524, 'C58070103', 0, 1, 1, '[TBC]', '[TBC]', '25.00', '0.00', '25.00', '[TBC]', '2015-07-23 17:16:25', 'D000', '2001-01-30 17:00:00', NULL, '2001-01-30 17:00:00', NULL),
(525, 'C58070104', 0, 1, 1, '[TBC]', '[TBC]', '25.00', '0.00', '25.00', '[TBC]', '2015-07-23 17:20:22', 'D000', '2001-01-30 17:00:00', NULL, '2001-01-30 17:00:00', NULL),
(526, 'C58070105', 0, 1, 1, '[TBC]', '[TBC]', '25.00', '0.00', '25.00', '[TBC]', '2015-07-23 17:29:14', 'D000', '2001-01-30 17:00:00', NULL, '2001-01-30 17:00:00', NULL),
(527, 'C58070106', 0, 1, 1, '[TBC]', '[TBC]', '25.00', '0.00', '25.00', '[TBC]', '2015-07-23 17:34:30', 'D000', '2001-01-30 17:00:00', NULL, '2001-01-30 17:00:00', NULL),
(528, 'C58070107', 0, 1, 1, '[TBC]', '[TBC]', '20.00', '0.00', '20.00', '[TBC]', '2015-07-23 17:43:05', 'D000', '2001-01-30 17:00:00', NULL, '2001-01-30 17:00:00', NULL),
(529, 'C58070108', 0, 1, 1, '[TBC]', '[TBC]', '25.00', '0.00', '25.00', '[TBC]', '2015-07-23 18:12:01', 'D000', '2001-01-30 17:00:00', NULL, '2001-01-30 17:00:00', NULL),
(530, 'C58070109', 0, 1, 1, '[TBC]', '[TBC]', '20.00', '0.00', '20.00', '[TBC]', '2015-07-23 18:15:47', 'D000', '2001-01-30 17:00:00', NULL, '2001-01-30 17:00:00', NULL),
(531, 'C58070110', 0, 1, 1, '[TBC]', '[TBC]', '40.00', '0.00', '40.00', '[TBC]', '2015-07-23 18:21:45', 'D000', '2001-01-30 17:00:00', NULL, '2001-01-30 17:00:00', NULL),
(532, 'C58070111', 0, 1, 1, '[TBC]', '[TBC]', '25.00', '0.00', '25.00', '[TBC]', '2015-07-24 03:20:20', 'D000', '2001-01-30 17:00:00', NULL, '2001-01-30 17:00:00', NULL),
(533, 'C58070112', 0, 1, 1, '[TBC]', '[TBC]', '40.00', '0.00', '40.00', '[TBC]', '2015-07-24 05:48:57', 'D000', '2001-01-30 17:00:00', NULL, '2001-01-30 17:00:00', NULL),
(534, 'C58070113', 0, 1, 1, '[TBC]', '[TBC]', '69.00', '0.00', '69.00', '[TBC]', '2015-07-24 07:11:26', 'D000', '2001-01-30 17:00:00', NULL, '2001-01-30 17:00:00', NULL),
(535, 'C58070114', 0, 1, 1, '[TBC]', '[TBC]', '79.00', '0.00', '79.00', '[TBC]', '2015-07-24 07:12:28', 'D000', '2001-01-30 17:00:00', NULL, '2001-01-30 17:00:00', NULL),
(536, 'C58070115', 0, 1, 1, '[TBC]', '[TBC]', '69.00', '0.00', '69.00', '[TBC]', '2015-07-24 07:17:39', 'D000', '2001-01-30 17:00:00', NULL, '2001-01-30 17:00:00', NULL),
(537, 'C58070116', 0, 1, 1, '[TBC]', '[TBC]', '69.00', '0.00', '69.00', '[TBC]', '2015-07-24 07:17:58', 'D000', '2001-01-30 17:00:00', NULL, '2001-01-30 17:00:00', NULL),
(538, 'C58070117', 0, 1, 1, '[TBC]', '[TBC]', '819.00', '0.00', '819.00', '[TBC]', '2015-07-24 07:19:53', 'D000', '2001-01-30 17:00:00', NULL, '2001-01-30 17:00:00', NULL),
(539, 'C58070118', 0, 1, 1, '[TBC]', '[TBC]', '928.00', '0.00', '928.00', '[TBC]', '2015-07-24 07:20:42', 'D000', '2001-01-30 17:00:00', NULL, '2001-01-30 17:00:00', NULL),
(540, 'C58070119', 0, 1, 1, '[TBC]', '[TBC]', '45.00', '0.00', '45.00', '[TBC]', '2015-07-24 07:58:09', 'D000', '2001-01-30 17:00:00', NULL, '2001-01-30 17:00:00', NULL),
(541, 'C58070120', 0, 1, 1, '[TBC]', '[TBC]', '25.00', '0.00', '25.00', '[TBC]', '2015-07-24 08:00:27', 'D000', '2001-01-30 17:00:00', NULL, '2001-01-30 17:00:00', NULL),
(542, 'C58070121', 0, 1, 1, '[TBC]', '[TBC]', '30.00', '0.00', '30.00', '[TBC]', '2015-07-24 08:48:38', 'D000', '2001-01-30 17:00:00', NULL, '2001-01-30 17:00:00', NULL),
(543, 'C58070122', 0, 1, 1, '[TBC]', '[TBC]', '35.00', '0.00', '35.00', '[TBC]', '2015-07-24 09:05:37', 'D000', '2001-01-30 17:00:00', NULL, '2001-01-30 17:00:00', NULL),
(544, 'C58070123', 0, 1, 1, '[TBC]', '[TBC]', '25.00', '0.00', '25.00', '[TBC]', '2015-07-24 09:19:56', 'D000', '2001-01-30 17:00:00', NULL, '2001-01-30 17:00:00', NULL),
(545, 'C58070124', 0, 1, 1, '[TBC]', '[TBC]', '30.00', '0.00', '30.00', '[TBC]', '2015-07-24 09:24:09', 'D000', '2001-01-30 17:00:00', NULL, '2001-01-30 17:00:00', NULL),
(546, 'C58070125', 0, 1, 1, '[TBC]', '[TBC]', '79.00', '0.00', '79.00', '[TBC]', '2015-07-24 09:31:19', 'D000', '2001-01-30 17:00:00', NULL, '2001-01-30 17:00:00', NULL),
(547, 'C58070126', 0, 1, 1, '[TBC]', '[TBC]', '30.00', '0.00', '30.00', '[TBC]', '2015-07-24 09:35:45', 'D000', '2001-01-30 17:00:00', NULL, '2001-01-30 17:00:00', NULL),
(548, 'C58070127', 0, 1, 1, '[TBC]', '[TBC]', '30.00', '0.00', '30.00', '[TBC]', '2015-07-24 09:39:06', 'D000', '2001-01-30 17:00:00', NULL, '2001-01-30 17:00:00', NULL),
(549, 'C58070128', 0, 1, 1, '[TBC]', '[TBC]', '30.00', '0.00', '30.00', '[TBC]', '2015-07-24 09:48:42', 'D000', '2001-01-30 17:00:00', NULL, '2001-01-30 17:00:00', NULL),
(550, 'C58070129', 0, 1, 1, '[TBC]', '[TBC]', '35.00', '0.00', '35.00', '[TBC]', '2015-07-24 17:22:53', 'D000', '2001-01-30 17:00:00', NULL, '2001-01-30 17:00:00', NULL),
(551, 'C58070130', 0, 1, 1, '[TBC]', '[TBC]', '30.00', '0.00', '30.00', '[TBC]', '2015-07-24 17:28:22', 'D000', '2001-01-30 17:00:00', NULL, '2001-01-30 17:00:00', NULL),
(552, 'C58070131', 0, 1, 1, '[TBC]', '[TBC]', '20.00', '0.00', '20.00', '[TBC]', '2015-07-24 17:42:57', 'D000', '2001-01-30 17:00:00', NULL, '2001-01-30 17:00:00', NULL),
(553, 'C58070132', 0, 1, 1, '[TBC]', '[TBC]', '20.00', '0.00', '20.00', '[TBC]', '2015-07-24 17:45:37', 'D000', '2001-01-30 17:00:00', NULL, '2001-01-30 17:00:00', NULL),
(554, 'C58070133', 0, 1, 1, '[TBC]', '[TBC]', '20.00', '0.00', '20.00', '[TBC]', '2015-07-24 17:49:48', 'D000', '2001-01-30 17:00:00', NULL, '2001-01-30 17:00:00', NULL),
(555, 'C58070134', 0, 1, 1, '[TBC]', '[TBC]', '30.00', '0.00', '30.00', '[TBC]', '2015-07-24 18:02:52', 'D000', '2001-01-30 17:00:00', NULL, '2001-01-30 17:00:00', NULL),
(556, 'C58070135', 0, 1, 1, '[TBC]', '[TBC]', '30.00', '0.00', '30.00', '[TBC]', '2015-07-24 18:10:22', 'D000', '2001-01-30 17:00:00', NULL, '2001-01-30 17:00:00', NULL),
(557, 'C58070136', 0, 1, 1, '[TBC]', '[TBC]', '30.00', '0.00', '30.00', '[TBC]', '2015-07-24 18:14:33', 'D000', '2001-01-30 17:00:00', NULL, '2001-01-30 17:00:00', NULL),
(558, 'C58070137', 0, 1, 1, '[TBC]', '[TBC]', '20.00', '0.00', '20.00', '[TBC]', '2015-07-24 18:21:08', 'D000', '2001-01-30 17:00:00', NULL, '2001-01-30 17:00:00', NULL),
(559, 'C58070138', 0, 1, 1, '[TBC]', '[TBC]', '39.00', '0.00', '39.00', '[TBC]', '2015-07-24 18:33:07', 'D000', '2001-01-30 17:00:00', NULL, '2001-01-30 17:00:00', NULL),
(560, 'C58070139', 0, 1, 1, '[TBC]', '[TBC]', '20.00', '0.00', '20.00', '[TBC]', '2015-07-24 18:44:50', 'D000', '2001-01-30 17:00:00', NULL, '2001-01-30 17:00:00', NULL),
(561, 'C58070140', 0, 1, 1, '[TBC]', '[TBC]', '39.00', '0.00', '39.00', '[TBC]', '2015-07-25 08:01:48', 'D000', '2001-01-30 17:00:00', NULL, '2001-01-30 17:00:00', NULL),
(562, 'C58070141', 0, 1, 1, '[TBC]', '[TBC]', '30.00', '0.00', '30.00', '[TBC]', '2015-07-25 08:06:30', 'D000', '2001-01-30 17:00:00', NULL, '2001-01-30 17:00:00', NULL),
(563, 'C58070142', 0, 1, 1, '[TBC]', '[TBC]', '20.00', '0.00', '20.00', '[TBC]', '2015-07-25 08:11:46', 'D000', '2001-01-30 17:00:00', NULL, '2001-01-30 17:00:00', NULL),
(564, 'C58070143', 0, 1, 1, '[TBC]', '[TBC]', '25.00', '0.00', '25.00', '[TBC]', '2015-07-25 08:15:02', 'D000', '2001-01-30 17:00:00', NULL, '2001-01-30 17:00:00', NULL),
(565, 'C58070144', 0, 1, 1, '[TBC]', '[TBC]', '20.00', '0.00', '20.00', '[TBC]', '2015-07-25 08:15:31', 'D000', '2001-01-30 17:00:00', NULL, '2001-01-30 17:00:00', NULL),
(566, 'C58070145', 0, 1, 1, '[TBC]', '[TBC]', '30.00', '0.00', '30.00', '[TBC]', '2015-07-25 08:16:39', 'D000', '2001-01-30 17:00:00', NULL, '2001-01-30 17:00:00', NULL),
(567, 'C58070146', 0, 1, 1, '[TBC]', '[TBC]', '20.00', '0.00', '20.00', '[TBC]', '2015-07-25 08:22:11', 'D000', '2001-01-30 17:00:00', NULL, '2001-01-30 17:00:00', NULL),
(568, 'C58070147', 0, 1, 1, '[TBC]', '[TBC]', '45.00', '0.00', '45.00', '[TBC]', '2015-07-25 08:37:11', 'D000', '2001-01-30 17:00:00', NULL, '2001-01-30 17:00:00', NULL),
(569, 'C58070148', 0, 1, 1, '[TBC]', '[TBC]', '20.00', '0.00', '20.00', '[TBC]', '2015-07-25 08:44:15', 'D000', '2001-01-30 17:00:00', NULL, '2001-01-30 17:00:00', NULL),
(570, 'C58070149', 0, 1, 1, '[TBC]', '[TBC]', '30.00', '0.00', '30.00', '[TBC]', '2015-07-25 08:48:12', 'D000', '2001-01-30 17:00:00', NULL, '2001-01-30 17:00:00', NULL),
(571, 'C58070150', 0, 1, 1, '[TBC]', '[TBC]', '20.00', '0.00', '20.00', '[TBC]', '2015-07-25 08:53:36', 'D000', '2001-01-30 17:00:00', NULL, '2001-01-30 17:00:00', NULL),
(572, 'C58070151', 0, 1, 1, '[TBC]', '[TBC]', '20.00', '0.00', '20.00', '[TBC]', '2015-07-25 08:54:38', 'D000', '2001-01-30 17:00:00', NULL, '2001-01-30 17:00:00', NULL),
(573, 'C58070152', 0, 1, 1, '[TBC]', '[TBC]', '20.00', '0.00', '20.00', '[TBC]', '2015-07-25 08:54:58', 'D000', '2001-01-30 17:00:00', NULL, '2001-01-30 17:00:00', NULL),
(574, 'C58070153', 0, 1, 1, '[TBC]', '[TBC]', '20.00', '0.00', '20.00', '[TBC]', '2015-07-25 09:46:08', 'D000', '2001-01-30 17:00:00', NULL, '2001-01-30 17:00:00', NULL),
(575, 'C58070154', 0, 1, 1, '[TBC]', '[TBC]', '20.00', '0.00', '20.00', '[TBC]', '2015-07-25 10:02:32', 'D000', '2001-01-30 17:00:00', NULL, '2001-01-30 17:00:00', NULL),
(576, 'C58070155', 0, 1, 1, '[TBC]', '[TBC]', '20.00', '0.00', '20.00', '[TBC]', '2015-07-25 10:10:26', 'D000', '2001-01-30 17:00:00', NULL, '2001-01-30 17:00:00', NULL),
(577, 'C58070156', 0, 1, 1, '[TBC]', '[TBC]', '20.00', '0.00', '20.00', '[TBC]', '2015-07-25 10:15:49', 'D000', '2001-01-30 17:00:00', NULL, '2001-01-30 17:00:00', NULL),
(578, 'C58070157', 0, 1, 1, '[TBC]', '[TBC]', '20.00', '0.00', '20.00', '[TBC]', '2015-07-25 10:17:28', 'D000', '2001-01-30 17:00:00', NULL, '2001-01-30 17:00:00', NULL),
(579, 'C58070158', 0, 1, 1, '[TBC]', '[TBC]', '20.00', '0.00', '20.00', '[TBC]', '2015-07-25 10:18:53', 'D000', '2001-01-30 17:00:00', NULL, '2001-01-30 17:00:00', NULL),
(580, 'C58070159', 0, 1, 1, '[TBC]', '[TBC]', '20.00', '0.00', '20.00', '[TBC]', '2015-07-25 10:21:09', 'D000', '2001-01-30 17:00:00', NULL, '2001-01-30 17:00:00', NULL),
(581, 'C58070160', 0, 1, 1, '[TBC]', '[TBC]', '20.00', '0.00', '20.00', '[TBC]', '2015-07-25 11:30:43', 'D000', '2001-01-30 17:00:00', NULL, '2001-01-30 17:00:00', NULL),
(582, 'C58070161', 0, 1, 1, '[TBC]', '[TBC]', '20.00', '0.00', '20.00', '[TBC]', '2015-07-25 12:35:03', 'D000', '2001-01-30 17:00:00', NULL, '2001-01-30 17:00:00', NULL),
(583, 'C58070162', 0, 1, 1, '[TBC]', '[TBC]', '69.00', '0.00', '69.00', '[TBC]', '2015-07-25 13:07:42', 'D000', '2001-01-30 17:00:00', NULL, '2001-01-30 17:00:00', NULL),
(584, 'C58070163', 0, 1, 1, '[TBC]', '[TBC]', '337.00', '0.00', '337.00', '[TBC]', '2015-07-25 13:08:16', 'D000', '2001-01-30 17:00:00', NULL, '2001-01-30 17:00:00', NULL),
(585, 'C58070164', 0, 1, 1, '[TBC]', '[TBC]', '25.00', '0.00', '25.00', '[TBC]', '2015-07-25 13:15:52', 'D000', '2001-01-30 17:00:00', NULL, '2001-01-30 17:00:00', NULL),
(586, 'C58070165', 0, 1, 1, '[TBC]', '[TBC]', '20.00', '0.00', '20.00', '[TBC]', '2015-07-25 14:21:50', 'D000', '2001-01-30 17:00:00', NULL, '2001-01-30 17:00:00', NULL),
(587, 'C58070166', 0, 1, 1, '[TBC]', '[TBC]', '20.00', '0.00', '20.00', '[TBC]', '2015-07-25 14:24:08', 'D000', '2001-01-30 17:00:00', NULL, '2001-01-30 17:00:00', NULL),
(588, 'C58070167', 0, 1, 1, '[TBC]', '[TBC]', '20.00', '0.00', '20.00', '[TBC]', '2015-07-25 14:34:44', 'D000', '2001-01-30 17:00:00', NULL, '2001-01-30 17:00:00', NULL),
(589, 'C58070168', 0, 1, 1, '[TBC]', '[TBC]', '20.00', '0.00', '20.00', '[TBC]', '2015-07-25 14:35:54', 'D000', '2001-01-30 17:00:00', NULL, '2001-01-30 17:00:00', NULL),
(590, 'C58070169', 0, 1, 1, '[TBC]', '[TBC]', '20.00', '0.00', '20.00', '[TBC]', '2015-07-25 15:09:38', 'D000', '2001-01-30 17:00:00', NULL, '2001-01-30 17:00:00', NULL),
(591, 'C58070170', 0, 1, 1, '[TBC]', '[TBC]', '20.00', '0.00', '20.00', '[TBC]', '2015-07-25 15:38:00', 'D000', '2001-01-30 17:00:00', NULL, '2001-01-30 17:00:00', NULL),
(592, 'C58070171', 0, 1, 1, '[TBC]', '[TBC]', '20.00', '0.00', '20.00', '[TBC]', '2015-07-25 16:01:08', 'D000', '2001-01-30 17:00:00', NULL, '2001-01-30 17:00:00', NULL),
(593, 'C58070172', 0, 1, 1, '[TBC]', '[TBC]', '39.00', '0.00', '39.00', '[TBC]', '2015-07-25 16:04:06', 'D000', '2001-01-30 17:00:00', NULL, '2001-01-30 17:00:00', NULL),
(594, 'C58070173', 0, 1, 1, '[TBC]', '[TBC]', '69.00', '0.00', '69.00', '[TBC]', '2015-07-25 17:05:44', 'D000', '2001-01-30 17:00:00', NULL, '2001-01-30 17:00:00', NULL),
(595, 'C58070174', 0, 1, 1, '[TBC]', '[TBC]', '79.00', '0.00', '79.00', '[TBC]', '2015-07-25 17:10:15', 'D000', '2001-01-30 17:00:00', NULL, '2001-01-30 17:00:00', NULL),
(596, 'C58070175', 0, 1, 1, '[TBC]', '[TBC]', '25.00', '0.00', '25.00', '[TBC]', '2015-07-26 00:35:44', 'D000', '2001-01-30 17:00:00', NULL, '2001-01-30 17:00:00', NULL),
(597, 'C58070176', 0, 1, 1, '[TBC]', '[TBC]', '30.00', '0.00', '30.00', '[TBC]', '2015-07-26 00:46:20', 'D000', '2001-01-30 17:00:00', NULL, '2001-01-30 17:00:00', NULL),
(598, 'C58070177', 0, 1, 1, '[TBC]', '[TBC]', '20.00', '0.00', '20.00', '[TBC]', '2015-07-26 00:49:20', 'D000', '2001-01-30 17:00:00', NULL, '2001-01-30 17:00:00', NULL),
(599, 'C58070178', 0, 1, 1, '[TBC]', '[TBC]', '20.00', '0.00', '20.00', '[TBC]', '2015-07-26 00:55:16', 'D000', '2001-01-30 17:00:00', NULL, '2001-01-30 17:00:00', NULL),
(600, 'C58070179', 0, 1, 1, '[TBC]', '[TBC]', '20.00', '0.00', '20.00', '[TBC]', '2015-07-26 01:22:23', 'D000', '2001-01-30 17:00:00', NULL, '2001-01-30 17:00:00', NULL),
(601, 'C58070180', 0, 1, 1, '[TBC]', '[TBC]', '20.00', '0.00', '20.00', '[TBC]', '2015-07-26 01:22:38', 'D000', '2001-01-30 17:00:00', NULL, '2001-01-30 17:00:00', NULL),
(602, 'C58070181', 0, 1, 1, '[TBC]', '[TBC]', '20.00', '0.00', '20.00', '[TBC]', '2015-07-26 01:25:16', 'D000', '2001-01-30 17:00:00', NULL, '2001-01-30 17:00:00', NULL),
(603, 'C58070182', 0, 1, 1, '[TBC]', '[TBC]', '25.00', '0.00', '25.00', '[TBC]', '2015-07-26 02:18:16', 'D000', '2001-01-30 17:00:00', NULL, '2001-01-30 17:00:00', NULL),
(604, 'C58070183', 0, 1, 1, '[TBC]', '[TBC]', '20.00', '0.00', '20.00', '[TBC]', '2015-07-26 06:59:25', 'D000', '2001-01-30 17:00:00', NULL, '2001-01-30 17:00:00', NULL),
(605, 'C58070184', 0, 1, 1, '[TBC]', '[TBC]', '50.00', '0.00', '50.00', '[TBC]', '2015-07-26 07:01:20', 'D000', '2001-01-30 17:00:00', NULL, '2001-01-30 17:00:00', NULL),
(606, 'C58070185', 0, 1, 1, '[TBC]', '[TBC]', '20.00', '0.00', '20.00', '[TBC]', '2015-07-26 07:07:09', 'D000', '2001-01-30 17:00:00', NULL, '2001-01-30 17:00:00', NULL),
(607, 'C58070186', 0, 1, 1, '[TBC]', '[TBC]', '20.00', '0.00', '20.00', '[TBC]', '2015-07-26 07:14:19', 'D000', '2001-01-30 17:00:00', NULL, '2001-01-30 17:00:00', NULL),
(608, 'C58070187', 0, 1, 1, '[TBC]', '[TBC]', '20.00', '0.00', '20.00', '[TBC]', '2015-07-27 05:45:10', 'D000', '2001-01-30 17:00:00', NULL, '2001-01-30 17:00:00', NULL),
(609, 'C58070188', 0, 1, 1, '[TBC]', '[TBC]', '20.00', '0.00', '20.00', '[TBC]', '2015-07-27 05:49:26', 'D000', '2001-01-30 17:00:00', NULL, '2001-01-30 17:00:00', NULL),
(610, 'C58070189', 0, 1, 1, '[TBC]', '[TBC]', '20.00', '0.00', '20.00', '[TBC]', '2015-07-31 05:55:50', 'D000', '2001-01-30 17:00:00', NULL, '2001-01-30 17:00:00', NULL),
(611, 'C58070190', 0, 1, 1, '[TBC]', '[TBC]', '20.00', '0.00', '20.00', '[TBC]', '2015-07-31 10:59:41', 'D000', '2001-01-30 17:00:00', NULL, '2001-01-30 17:00:00', NULL),
(612, 'C58070191', 0, 1, 1, '[TBC]', '[TBC]', '20.00', '0.00', '20.00', '[TBC]', '2015-07-31 14:05:12', 'D000', '2001-01-30 17:00:00', NULL, '2001-01-30 17:00:00', NULL),
(613, 'C58070192', 0, 1, 1, '[TBC]', '[TBC]', '69.00', '0.00', '69.00', '[TBC]', '2015-07-31 14:09:01', 'D000', '2001-01-30 17:00:00', NULL, '2001-01-30 17:00:00', NULL),
(614, 'C58070193', 0, 1, 1, '[TBC]', '[TBC]', '20.00', '0.00', '20.00', '[TBC]', '2015-07-31 14:15:35', 'D000', '2001-01-30 17:00:00', NULL, '2001-01-30 17:00:00', NULL),
(615, 'C58070194', 0, 1, 1, '[TBC]', '[TBC]', '99.00', '0.00', '99.00', '[TBC]', '2015-07-31 14:19:28', 'D000', '2001-01-30 17:00:00', NULL, '2001-01-30 17:00:00', NULL),
(616, 'C58070195', 0, 1, 1, '[TBC]', '[TBC]', '128.00', '0.00', '128.00', '[TBC]', '2015-07-31 14:21:40', 'D000', '2001-01-30 17:00:00', NULL, '2001-01-30 17:00:00', NULL),
(617, 'C58070196', 0, 1, 1, '[TBC]', '[TBC]', '59.00', '0.00', '59.00', '[TBC]', '2015-07-31 14:41:07', 'D000', '2001-01-30 17:00:00', NULL, '2001-01-30 17:00:00', NULL),
(618, 'C58070197', 0, 1, 1, '[TBC]', '[TBC]', '20.00', '0.00', '20.00', '[TBC]', '2015-07-28 09:07:36', 'D000', '2001-01-30 17:00:00', NULL, '2001-01-30 17:00:00', NULL),
(619, 'C58070198', 0, 1, 1, '[TBC]', '[TBC]', '20.00', '0.00', '20.00', '[TBC]', '2015-07-29 09:45:03', 'D000', '2001-01-30 17:00:00', NULL, '2001-01-30 17:00:00', NULL),
(620, 'C58070199', 0, 1, 1, '[TBC]', '[TBC]', '25.00', '0.00', '25.00', '[TBC]', '2015-07-29 09:45:44', 'D000', '2001-01-30 17:00:00', NULL, '2001-01-30 17:00:00', NULL),
(621, 'C58070200', 0, 1, 1, '[TBC]', '[TBC]', '20.00', '0.00', '20.00', '[TBC]', '2015-07-29 10:07:44', 'D000', '2001-01-30 17:00:00', NULL, '2001-01-30 17:00:00', NULL),
(622, 'C58070201', 0, 1, 1, '[TBC]', '[TBC]', '20.00', '0.00', '20.00', '[TBC]', '2015-07-29 15:46:47', 'D000', '2001-01-30 17:00:00', NULL, '2001-01-30 17:00:00', NULL),
(623, 'C58070202', 0, 1, 1, '[TBC]', '[TBC]', '55.00', '0.00', '55.00', '[TBC]', '2015-07-29 16:20:33', 'D000', '2001-01-30 17:00:00', NULL, '2001-01-30 17:00:00', NULL),
(624, 'C58070203', 0, 1, 1, '[TBC]', '[TBC]', '20.00', '0.00', '20.00', '[TBC]', '2015-07-29 16:48:56', 'D000', '2001-01-30 17:00:00', NULL, '2001-01-30 17:00:00', NULL),
(625, 'C58070204', 0, 1, 1, '[TBC]', '[TBC]', '25.00', '0.00', '25.00', '[TBC]', '2015-07-29 16:50:16', 'D000', '2001-01-30 17:00:00', NULL, '2001-01-30 17:00:00', NULL),
(626, 'C58070205', 0, 1, 1, '[TBC]', '[TBC]', '20.00', '0.00', '20.00', '[TBC]', '2015-07-29 17:04:29', 'D000', '2001-01-30 17:00:00', NULL, '2001-01-30 17:00:00', NULL),
(627, 'C58070206', 0, 1, 1, '[TBC]', '[TBC]', '20.00', '0.00', '20.00', '[TBC]', '2015-07-29 17:10:09', 'D000', '2001-01-30 17:00:00', NULL, '2001-01-30 17:00:00', NULL),
(628, 'C58070207', 0, 1, 1, '[TBC]', '[TBC]', '20.00', '0.00', '20.00', '[TBC]', '2015-07-29 17:12:37', 'D000', '2001-01-30 17:00:00', NULL, '2001-01-30 17:00:00', NULL),
(629, 'C58070208', 0, 1, 1, '[TBC]', '[TBC]', '270.00', '0.00', '270.00', '[TBC]', '2015-07-29 17:25:37', 'D000', '2001-01-30 17:00:00', NULL, '2001-01-30 17:00:00', NULL),
(630, 'C58070209', 0, 1, 1, '[TBC]', '[TBC]', '20.00', '0.00', '20.00', '[TBC]', '2015-07-29 17:41:07', 'D000', '2001-01-30 17:00:00', NULL, '2001-01-30 17:00:00', NULL),
(631, 'C58070210', 0, 1, 1, '[TBC]', '[TBC]', '599.00', '0.00', '599.00', '[TBC]', '2015-07-30 03:29:08', 'D000', '2001-01-30 17:00:00', NULL, '2001-01-30 17:00:00', NULL),
(632, 'C58070211', 0, 1, 1, '[TBC]', '[TBC]', '25.00', '0.00', '25.00', '[TBC]', '2015-07-30 03:32:32', 'D000', '2001-01-30 17:00:00', NULL, '2001-01-30 17:00:00', NULL),
(633, 'C58070212', 0, 1, -1, '[TBC]', '[TBC]', '64.00', '0.00', '64.00', '[TBC]', '2015-07-30 03:56:59', 'D000', '2001-01-30 17:00:00', NULL, '2001-01-30 17:00:00', NULL),
(634, 'C58070213', 0, 1, 1, '[TBC]', '[TBC]', '134.00', '0.00', '134.00', '[TBC]', '2015-07-30 08:04:20', 'D000', '2001-01-30 17:00:00', NULL, '2001-01-30 17:00:00', NULL),
(635, 'C58080001', 0, 1, 1, '[TBC]', '[TBC]', '168.00', '0.00', '168.00', '[TBC]', '2015-08-11 07:18:23', 'D000', '2001-01-30 17:00:00', NULL, '2001-01-30 17:00:00', NULL),
(636, 'C58080002', 0, 1, 1, '[TBC]', '[TBC]', '30.00', '0.00', '30.00', '[TBC]', '2015-08-11 10:20:47', 'D000', '2001-01-30 17:00:00', NULL, '2001-01-30 17:00:00', NULL),
(637, 'C58080003', 0, 1, 0, '[TBC]', '[TBC]', '40.00', '0.00', '40.00', '[TBC]', '2015-08-29 08:15:28', 'D000', '2015-08-29 08:15:28', 'D000', '2001-01-30 17:00:00', NULL),
(638, 'C58080004', 0, 1, 1, '[TBC]', '[TBC]', '114.00', '0.00', '114.00', '[TBC]', '2015-08-12 05:18:05', 'D000', '2001-01-30 17:00:00', NULL, '2001-01-30 17:00:00', NULL),
(639, 'C58080005', 0, 1, 1, '[TBC]', '[TBC]', '94.00', '0.00', '94.00', '[TBC]', '2015-08-12 05:19:56', 'D000', '2001-01-30 17:00:00', NULL, '2001-01-30 17:00:00', NULL),
(640, 'C58080006', 0, 1, 1, '[TBC]', '[TBC]', '20.00', '0.00', '20.00', '[TBC]', '2015-08-12 11:20:10', 'D000', '2001-01-30 17:00:00', NULL, '2001-01-30 17:00:00', NULL),
(641, 'C58080007', 0, 1, 1, '[TBC]', '[TBC]', '89.00', '0.00', '89.00', '[TBC]', '2015-08-12 11:21:58', 'D000', '2001-01-30 17:00:00', NULL, '2001-01-30 17:00:00', NULL),
(642, 'C58080008', 0, 1, 1, '[TBC]', '[TBC]', '45.00', '0.00', '45.00', '[TBC]', '2015-08-12 11:24:07', 'D000', '2001-01-30 17:00:00', NULL, '2001-01-30 17:00:00', NULL),
(643, 'C58080009', 0, 1, 1, '[TBC]', '[TBC]', '89.00', '0.00', '89.00', '[TBC]', '2015-08-12 11:25:32', 'D000', '2001-01-30 17:00:00', NULL, '2001-01-30 17:00:00', NULL),
(644, 'C58080010', 0, 1, 1, '[TBC]', '[TBC]', '20.00', '0.00', '20.00', '[TBC]', '2015-08-12 11:32:08', 'D000', '2001-01-30 17:00:00', NULL, '2001-01-30 17:00:00', NULL),
(645, 'C58080011', 0, 1, 1, '[TBC]', '[TBC]', '30.00', '0.00', '30.00', '[TBC]', '2015-08-12 13:38:33', 'D000', '2001-01-30 17:00:00', NULL, '2001-01-30 17:00:00', NULL),
(646, 'C58080012', 0, 1, 1, '[TBC]', '[TBC]', '25.00', '0.00', '25.00', '[TBC]', '2015-08-12 13:43:31', 'D000', '2001-01-30 17:00:00', NULL, '2001-01-30 17:00:00', NULL),
(647, 'C58080013', 0, 1, 1, '[TBC]', '[TBC]', '20.00', '0.00', '20.00', '[TBC]', '2015-08-12 13:52:58', 'D000', '2001-01-30 17:00:00', NULL, '2001-01-30 17:00:00', NULL),
(648, 'C58080014', 0, 1, 1, '[TBC]', '[TBC]', '20.00', '0.00', '20.00', '[TBC]', '2015-08-12 13:55:02', 'D000', '2001-01-30 17:00:00', NULL, '2001-01-30 17:00:00', NULL),
(649, 'C58080015', 0, 1, 1, '[TBC]', '[TBC]', '20.00', '0.00', '20.00', '[TBC]', '2015-08-12 15:26:52', 'D000', '2001-01-30 17:00:00', NULL, '2001-01-30 17:00:00', NULL),
(650, 'C58080016', 0, 1, 1, '[TBC]', '[TBC]', '20.00', '0.00', '20.00', '[TBC]', '2015-08-12 15:36:12', 'D000', '2001-01-30 17:00:00', NULL, '2001-01-30 17:00:00', NULL),
(651, 'C58080017', 0, 1, 1, '[TBC]', '[TBC]', '20.00', '0.00', '20.00', '[TBC]', '2015-08-12 15:38:36', 'D000', '2001-01-30 17:00:00', NULL, '2001-01-30 17:00:00', NULL),
(652, 'C58080018', 0, 1, 1, '[TBC]', '[TBC]', '20.00', '0.00', '20.00', '[TBC]', '2015-08-12 15:53:31', 'D000', '2001-01-30 17:00:00', NULL, '2001-01-30 17:00:00', NULL),
(653, 'C58080019', 0, 1, 1, '[TBC]', '[TBC]', '20.00', '0.00', '20.00', '[TBC]', '2015-08-12 15:57:56', 'D000', '2001-01-30 17:00:00', NULL, '2001-01-30 17:00:00', NULL),
(654, 'C58080020', 0, 1, 1, '[TBC]', '[TBC]', '20.00', '0.00', '20.00', '[TBC]', '2015-08-12 15:59:12', 'D000', '2001-01-30 17:00:00', NULL, '2001-01-30 17:00:00', NULL),
(655, 'C58080021', 0, 1, 1, '[TBC]', '[TBC]', '20.00', '0.00', '20.00', '[TBC]', '2015-08-13 02:03:55', 'D000', '2001-01-30 17:00:00', NULL, '2001-01-30 17:00:00', NULL),
(656, 'C58080022', 0, 1, 1, '[TBC]', '[TBC]', '79.00', '0.00', '79.00', '[TBC]', '2015-08-13 06:37:51', 'D000', '2001-01-30 17:00:00', NULL, '2001-01-30 17:00:00', NULL),
(657, 'C58080023', 0, 1, 1, '[TBC]', '[TBC]', '60.00', '0.00', '60.00', '[TBC]', '2015-08-13 06:43:25', 'D000', '2001-01-30 17:00:00', NULL, '2001-01-30 17:00:00', NULL),
(658, 'C58080024', 0, 1, 1, '[TBC]', '[TBC]', '20.00', '0.00', '20.00', '[TBC]', '2015-08-13 06:45:23', 'D000', '2001-01-30 17:00:00', NULL, '2001-01-30 17:00:00', NULL),
(659, 'C58080025', 0, 1, 1, '[TBC]', '[TBC]', '35.00', '0.00', '35.00', '[TBC]', '2015-08-13 06:46:01', 'D000', '2001-01-30 17:00:00', NULL, '2001-01-30 17:00:00', NULL),
(660, 'C58080026', 0, 1, 1, '[TBC]', '[TBC]', '20.00', '0.00', '20.00', '[TBC]', '2015-08-13 06:53:46', 'D000', '2001-01-30 17:00:00', NULL, '2001-01-30 17:00:00', NULL),
(661, 'C58080027', 0, 1, 1, '[TBC]', '[TBC]', '110.00', '0.00', '110.00', '[TBC]', '2015-08-13 06:57:59', 'D000', '2001-01-30 17:00:00', NULL, '2001-01-30 17:00:00', NULL),
(662, 'C58080028', 0, 1, 1, '[TBC]', '[TBC]', '25.00', '0.00', '25.00', '[TBC]', '2015-08-13 09:36:20', 'D000', '2001-01-30 17:00:00', NULL, '2001-01-30 17:00:00', NULL),
(663, 'C58080029', 0, 1, 1, '[TBC]', '[TBC]', '20.00', '0.00', '20.00', '[TBC]', '2015-08-13 10:33:02', 'D000', '2001-01-30 17:00:00', NULL, '2001-01-30 17:00:00', NULL),
(664, 'C58080030', 0, 1, 1, '[TBC]', '[TBC]', '20.00', '0.00', '20.00', '[TBC]', '2015-08-13 10:37:31', 'D000', '2001-01-30 17:00:00', NULL, '2001-01-30 17:00:00', NULL),
(665, 'C58080031', 0, 1, 1, '[TBC]', '[TBC]', '20.00', '0.00', '20.00', '[TBC]', '2015-08-13 10:40:16', 'D000', '2001-01-30 17:00:00', NULL, '2001-01-30 17:00:00', NULL),
(666, 'C58080032', 0, 1, 1, '[TBC]', '[TBC]', '20.00', '0.00', '20.00', '[TBC]', '2015-08-13 11:01:36', 'D000', '2001-01-30 17:00:00', NULL, '2001-01-30 17:00:00', NULL),
(667, 'C58080033', 0, 1, 1, '[TBC]', '[TBC]', '20.00', '0.00', '20.00', '[TBC]', '2015-08-13 11:04:53', 'D000', '2001-01-30 17:00:00', NULL, '2001-01-30 17:00:00', NULL),
(668, 'C58080034', 0, 1, 1, '[TBC]', '[TBC]', '20.00', '0.00', '20.00', '[TBC]', '2015-08-13 11:47:31', 'D000', '2001-01-30 17:00:00', NULL, '2001-01-30 17:00:00', NULL),
(669, 'C58080035', 0, 1, 1, '[TBC]', '[TBC]', '30.00', '0.00', '30.00', '[TBC]', '2015-08-13 12:01:36', 'D000', '2001-01-30 17:00:00', NULL, '2001-01-30 17:00:00', NULL),
(670, 'C58080036', 0, 1, 1, '[TBC]', '[TBC]', '30.00', '0.00', '30.00', '[TBC]', '2015-08-13 12:09:35', 'D000', '2001-01-30 17:00:00', NULL, '2001-01-30 17:00:00', NULL),
(671, 'C58080037', 0, 1, 1, '[TBC]', '[TBC]', '20.00', '0.00', '20.00', '[TBC]', '2015-08-13 12:16:46', 'D000', '2001-01-30 17:00:00', NULL, '2001-01-30 17:00:00', NULL),
(672, 'C58080038', 0, 1, 1, '[TBC]', '[TBC]', '20.00', '0.00', '20.00', '[TBC]', '2015-08-13 12:21:25', 'D000', '2001-01-30 17:00:00', NULL, '2001-01-30 17:00:00', NULL),
(673, 'C58080039', 0, 1, 1, '[TBC]', '[TBC]', '20.00', '0.00', '20.00', '[TBC]', '2015-08-13 12:24:01', 'D000', '2001-01-30 17:00:00', NULL, '2001-01-30 17:00:00', NULL),
(674, 'C58080040', 0, 1, 1, '[TBC]', '[TBC]', '20.00', '0.00', '20.00', '[TBC]', '2015-08-13 12:25:13', 'D000', '2001-01-30 17:00:00', NULL, '2001-01-30 17:00:00', NULL),
(675, 'C58080041', 0, 1, 1, '[TBC]', '[TBC]', '20.00', '0.00', '20.00', '[TBC]', '2015-08-13 12:28:16', 'D000', '2001-01-30 17:00:00', NULL, '2001-01-30 17:00:00', NULL),
(676, 'C58080042', 0, 1, 1, '[TBC]', '[TBC]', '30.00', '0.00', '30.00', '[TBC]', '2015-08-13 12:31:44', 'D000', '2001-01-30 17:00:00', NULL, '2001-01-30 17:00:00', NULL),
(677, 'C58080043', 0, 1, 1, '[TBC]', '[TBC]', '40.00', '0.00', '40.00', '[TBC]', '2015-08-13 12:33:26', 'D000', '2001-01-30 17:00:00', NULL, '2001-01-30 17:00:00', NULL),
(678, 'C58080044', 0, 1, 1, '[TBC]', '[TBC]', '20.00', '0.00', '20.00', '[TBC]', '2015-08-13 12:41:46', 'D000', '2001-01-30 17:00:00', NULL, '2001-01-30 17:00:00', NULL),
(679, 'C58080045', 0, 1, 1, '[TBC]', '[TBC]', '20.00', '0.00', '20.00', '[TBC]', '2015-08-13 12:48:30', 'D000', '2001-01-30 17:00:00', NULL, '2001-01-30 17:00:00', NULL),
(680, 'C58080046', 0, 1, 1, '[TBC]', '[TBC]', '20.00', '0.00', '20.00', '[TBC]', '2015-08-13 12:50:09', 'D000', '2001-01-30 17:00:00', NULL, '2001-01-30 17:00:00', NULL),
(681, 'C58080047', 0, 1, 1, '[TBC]', '[TBC]', '20.00', '0.00', '20.00', '[TBC]', '2015-08-13 12:52:24', 'D000', '2001-01-30 17:00:00', NULL, '2001-01-30 17:00:00', NULL),
(682, 'C58080048', 0, 1, 1, '[TBC]', '[TBC]', '30.00', '0.00', '30.00', '[TBC]', '2015-08-13 12:55:08', 'D000', '2001-01-30 17:00:00', NULL, '2001-01-30 17:00:00', NULL),
(683, 'C58080049', 0, 1, 1, '[TBC]', '[TBC]', '25.00', '0.00', '25.00', '[TBC]', '2015-08-13 12:56:18', 'D000', '2001-01-30 17:00:00', NULL, '2001-01-30 17:00:00', NULL),
(684, 'C58080050', 0, 1, 1, '[TBC]', '[TBC]', '20.00', '0.00', '20.00', '[TBC]', '2015-08-13 14:08:26', 'D000', '2001-01-30 17:00:00', NULL, '2001-01-30 17:00:00', NULL),
(685, 'C58080051', 0, 1, 1, '[TBC]', '[TBC]', '25.00', '0.00', '25.00', '[TBC]', '2015-08-13 14:15:55', 'D000', '2001-01-30 17:00:00', NULL, '2001-01-30 17:00:00', NULL),
(686, 'C58080052', 0, 1, 1, '[TBC]', '[TBC]', '20.00', '0.00', '20.00', '[TBC]', '2015-08-13 18:53:32', 'D000', '2001-01-30 17:00:00', NULL, '2001-01-30 17:00:00', NULL),
(687, 'C58080053', 0, 1, 1, '[TBC]', '[TBC]', '30.00', '0.00', '30.00', '[TBC]', '2015-08-14 02:20:51', 'D000', '2001-01-30 17:00:00', NULL, '2001-01-30 17:00:00', NULL),
(688, 'C58080054', 0, 1, 1, '[TBC]', '[TBC]', '175.00', '0.00', '175.00', '[TBC]', '2015-08-14 03:26:02', 'D000', '2001-01-30 17:00:00', NULL, '2001-01-30 17:00:00', NULL),
(689, 'C58080055', 0, 1, 1, '[TBC]', '[TBC]', '135.00', '0.00', '135.00', '[TBC]', '2015-08-14 03:27:42', 'D000', '2001-01-30 17:00:00', NULL, '2001-01-30 17:00:00', NULL),
(690, 'C58080056', 0, 1, 1, '[TBC]', '[TBC]', '159.00', '0.00', '159.00', '[TBC]', '2015-08-14 03:31:32', 'D000', '2001-01-30 17:00:00', NULL, '2001-01-30 17:00:00', NULL),
(691, 'C58080057', 0, 1, 1, '[TBC]', '[TBC]', '200.00', '0.00', '200.00', '[TBC]', '2015-08-14 03:33:04', 'D000', '2001-01-30 17:00:00', NULL, '2001-01-30 17:00:00', NULL),
(692, 'C58080058', 0, 1, 1, '[TBC]', '[TBC]', '159.00', '0.00', '159.00', '[TBC]', '2015-08-14 03:39:52', 'D000', '2001-01-30 17:00:00', NULL, '2001-01-30 17:00:00', NULL);
INSERT INTO `saledetail` (`saleIndex`, `saleNo`, `saleType`, `customerIndex`, `saleDone`, `creditCardID`, `approvalCode`, `saleTotalAmount`, `saleTotalDiscount`, `saleTotalBalance`, `creditCardAuthorizer`, `CRE_DTE`, `CRE_USR`, `UPD_DTE`, `UPD_USR`, `DEL_DTE`, `DEL_USR`) VALUES
(693, 'C58080059', 0, 1, 1, '[TBC]', '[TBC]', '149.00', '0.00', '149.00', '[TBC]', '2015-08-14 03:42:35', 'D000', '2001-01-30 17:00:00', NULL, '2001-01-30 17:00:00', NULL),
(694, 'C58080060', 0, 1, 1, '[TBC]', '[TBC]', '49.00', '0.00', '49.00', '[TBC]', '2015-08-14 05:28:16', 'D000', '2001-01-30 17:00:00', NULL, '2001-01-30 17:00:00', NULL),
(695, 'C58080061', 0, 1, 1, '[TBC]', '[TBC]', '25.00', '0.00', '25.00', '[TBC]', '2015-08-14 06:34:13', 'D000', '2001-01-30 17:00:00', NULL, '2001-01-30 17:00:00', NULL),
(696, 'C58080062', 0, 1, 1, '[TBC]', '[TBC]', '164.00', '0.00', '164.00', '[TBC]', '2015-08-14 07:31:13', 'D000', '2001-01-30 17:00:00', NULL, '2001-01-30 17:00:00', NULL),
(697, 'C58080063', 0, 1, 1, '[TBC]', '[TBC]', '64.00', '0.00', '64.00', '[TBC]', '2015-08-14 13:27:56', 'D000', '2001-01-30 17:00:00', NULL, '2001-01-30 17:00:00', NULL),
(698, 'C58080064', 0, 1, 1, '[TBC]', '[TBC]', '25.00', '0.00', '25.00', '[TBC]', '2015-08-14 13:33:59', 'D000', '2001-01-30 17:00:00', NULL, '2001-01-30 17:00:00', NULL),
(699, 'C58080065', 0, 1, 1, '[TBC]', '[TBC]', '159.00', '0.00', '159.00', '[TBC]', '2015-08-14 13:58:53', 'D000', '2001-01-30 17:00:00', NULL, '2001-01-30 17:00:00', NULL),
(700, 'C58080066', 0, 1, 1, '[TBC]', '[TBC]', '30.00', '0.00', '30.00', '[TBC]', '2015-08-17 11:26:56', 'D000', '2001-01-30 17:00:00', NULL, '2001-01-30 17:00:00', NULL),
(701, 'C58080067', 0, 1, 1, '[TBC]', '[TBC]', '207.00', '0.00', '207.00', '[TBC]', '2015-08-17 11:28:01', 'D000', '2001-01-30 17:00:00', NULL, '2001-01-30 17:00:00', NULL),
(702, 'C58080068', 0, 1, 1, '[TBC]', '[TBC]', '138.00', '0.00', '138.00', '[TBC]', '2015-08-17 11:28:47', 'D000', '2001-01-30 17:00:00', NULL, '2001-01-30 17:00:00', NULL),
(703, 'C58080069', 0, 1, 1, '[TBC]', '[TBC]', '45.00', '0.00', '45.00', '[TBC]', '2015-08-17 11:30:18', 'D000', '2001-01-30 17:00:00', NULL, '2001-01-30 17:00:00', NULL),
(704, 'C58080070', 0, 1, 1, '[TBC]', '[TBC]', '30.00', '0.00', '30.00', '[TBC]', '2015-08-18 13:11:57', 'D000', '2001-01-30 17:00:00', NULL, '2001-01-30 17:00:00', NULL),
(705, 'C58080071', 0, 1, 1, '[TBC]', '[TBC]', '120.00', '0.00', '120.00', '[TBC]', '2015-08-18 16:14:46', 'D000', '2001-01-30 17:00:00', NULL, '2001-01-30 17:00:00', NULL),
(706, 'C58080072', 0, 1, 1, '[TBC]', '[TBC]', '207.00', '0.00', '207.00', '[TBC]', '2015-08-18 16:26:48', 'D000', '2001-01-30 17:00:00', NULL, '2001-01-30 17:00:00', NULL),
(707, 'C58080073', 0, 1, 1, '[TBC]', '[TBC]', '135.00', '0.00', '135.00', '[TBC]', '2015-08-18 16:29:21', 'D000', '2001-01-30 17:00:00', NULL, '2001-01-30 17:00:00', NULL),
(708, 'C58080074', 0, 1, 1, '[TBC]', '[TBC]', '229.00', '0.00', '229.00', '[TBC]', '2015-08-18 23:59:26', 'D000', '2001-01-30 17:00:00', NULL, '2001-01-30 17:00:00', NULL),
(709, 'C58080075', 0, 1, 1, '[TBC]', '[TBC]', '30.00', '0.00', '30.00', '[TBC]', '2015-08-19 12:07:38', 'D000', '2001-01-30 17:00:00', NULL, '2001-01-30 17:00:00', NULL),
(710, 'C58080076', 0, 1, 1, '[TBC]', '[TBC]', '258.00', '0.00', '258.00', '[TBC]', '2015-08-23 03:45:01', 'D000', '2001-01-30 17:00:00', NULL, '2001-01-30 17:00:00', NULL),
(711, 'C58080077', 0, 1, 1, '[TBC]', '[TBC]', '153.00', '0.00', '153.00', '[TBC]', '2015-08-24 10:46:48', 'D000', '2001-01-30 17:00:00', NULL, '2001-01-30 17:00:00', NULL),
(712, 'C58080078', 0, 1, 1, '[TBC]', '[TBC]', '154.00', '0.00', '154.00', '[TBC]', '2015-08-24 11:56:11', 'D000', '2001-01-30 17:00:00', NULL, '2001-01-30 17:00:00', NULL),
(713, 'C58080079', 0, 1, 1, '[TBC]', '[TBC]', '64.00', '0.00', '64.00', '[TBC]', '2015-08-24 12:21:50', 'D000', '2001-01-30 17:00:00', NULL, '2001-01-30 17:00:00', NULL),
(714, 'C58080080', 0, 1, 1, '[TBC]', '[TBC]', '75.00', '0.00', '75.00', '[TBC]', '2015-08-24 12:32:24', 'D000', '2001-01-30 17:00:00', NULL, '2001-01-30 17:00:00', NULL),
(715, 'C58080081', 0, 1, 1, '[TBC]', '[TBC]', '50.00', '0.00', '50.00', '[TBC]', '2015-08-24 12:34:25', 'D000', '2001-01-30 17:00:00', NULL, '2001-01-30 17:00:00', NULL),
(716, 'C58080082', 0, 1, 1, '[TBC]', '[TBC]', '59.00', '0.00', '59.00', '[TBC]', '2015-08-24 12:34:48', 'D000', '2001-01-30 17:00:00', NULL, '2001-01-30 17:00:00', NULL),
(717, 'C58080083', 0, 1, 1, '[TBC]', '[TBC]', '89.00', '0.00', '89.00', '[TBC]', '2015-08-24 12:44:04', 'D000', '2001-01-30 17:00:00', NULL, '2001-01-30 17:00:00', NULL),
(718, 'C58080084', 0, 1, 1, '[TBC]', '[TBC]', '94.00', '0.00', '94.00', '[TBC]', '2015-08-24 12:50:36', 'D000', '2001-01-30 17:00:00', NULL, '2001-01-30 17:00:00', NULL),
(719, 'C58080085', 0, 1, 1, '[TBC]', '[TBC]', '89.00', '0.00', '89.00', '[TBC]', '2015-08-24 12:51:04', 'D000', '2001-01-30 17:00:00', NULL, '2001-01-30 17:00:00', NULL),
(720, 'C58080086', 0, 1, 1, '[TBC]', '[TBC]', '79.00', '0.00', '79.00', '[TBC]', '2015-08-24 14:31:43', 'D000', '2001-01-30 17:00:00', NULL, '2001-01-30 17:00:00', NULL),
(721, 'C58080087', 0, 1, 1, '[TBC]', '[TBC]', '59.00', '0.00', '59.00', '[TBC]', '2015-08-24 14:42:05', 'D000', '2001-01-30 17:00:00', NULL, '2001-01-30 17:00:00', NULL),
(722, 'C58080088', 0, 1, 1, '[TBC]', '[TBC]', '59.00', '0.00', '59.00', '[TBC]', '2015-08-24 14:44:03', 'D000', '2001-01-30 17:00:00', NULL, '2001-01-30 17:00:00', NULL),
(723, 'C58080089', 0, 1, 1, '[TBC]', '[TBC]', '49.00', '0.00', '49.00', '[TBC]', '2015-08-24 14:55:41', 'D000', '2001-01-30 17:00:00', NULL, '2001-01-30 17:00:00', NULL),
(724, 'C58080090', 0, 1, 1, '[TBC]', '[TBC]', '89.00', '0.00', '89.00', '[TBC]', '2015-08-24 16:40:22', 'D000', '2001-01-30 17:00:00', NULL, '2001-01-30 17:00:00', NULL),
(725, 'C58080091', 0, 1, 1, '[TBC]', '[TBC]', '94.00', '0.00', '94.00', '[TBC]', '2015-08-24 16:41:48', 'D000', '2001-01-30 17:00:00', NULL, '2001-01-30 17:00:00', NULL),
(726, 'C58080092', 0, 1, 1, '[TBC]', '[TBC]', '94.00', '0.00', '94.00', '[TBC]', '2015-08-24 16:43:10', 'D000', '2001-01-30 17:00:00', NULL, '2001-01-30 17:00:00', NULL),
(727, 'C58080093', 0, 1, 1, '[TBC]', '[TBC]', '20.00', '0.00', '20.00', '[TBC]', '2015-08-25 23:26:05', 'D000', '2001-01-30 17:00:00', NULL, '2001-01-30 17:00:00', NULL),
(728, 'C58080094', 0, 1, 1, '[TBC]', '[TBC]', '59.00', '0.00', '59.00', '[TBC]', '2015-08-26 01:35:20', 'D000', '2001-01-30 17:00:00', NULL, '2001-01-30 17:00:00', NULL),
(729, 'C58080095', 0, 1, 1, '[TBC]', '[TBC]', '59.00', '0.00', '59.00', '[TBC]', '2015-08-26 01:36:00', 'D000', '2001-01-30 17:00:00', NULL, '2001-01-30 17:00:00', NULL),
(730, 'C58080096', 0, 1, 1, '[TBC]', '[TBC]', '20.00', '0.00', '20.00', '[TBC]', '2015-08-26 01:38:04', 'D000', '2001-01-30 17:00:00', NULL, '2001-01-30 17:00:00', NULL),
(731, 'C58080097', 0, 1, 1, '[TBC]', '[TBC]', '40.00', '0.00', '40.00', '[TBC]', '2015-08-26 01:59:15', 'D000', '2001-01-30 17:00:00', NULL, '2001-01-30 17:00:00', NULL),
(732, 'C58080098', 0, 1, 1, '[TBC]', '[TBC]', '94.00', '0.00', '94.00', '[TBC]', '2015-08-28 11:50:02', 'D000', '2001-01-30 17:00:00', NULL, '2001-01-30 17:00:00', NULL),
(733, 'C58080099', 0, 1, 1, '[TBC]', '[TBC]', '276.00', '0.00', '276.00', '[TBC]', '2015-08-29 02:58:05', 'D000', '2001-01-30 17:00:00', NULL, '2001-01-30 17:00:00', NULL),
(734, 'C58080100', 0, 1, 1, '[TBC]', '[TBC]', '219.00', '0.00', '219.00', '[TBC]', '2015-08-29 03:09:56', 'D000', '2001-01-30 17:00:00', NULL, '2001-01-30 17:00:00', NULL),
(735, 'C58080101', 0, 1, 1, '[TBC]', '[TBC]', '25.00', '0.00', '25.00', '[TBC]', '2015-08-29 03:39:28', 'D000', '2001-01-30 17:00:00', NULL, '2001-01-30 17:00:00', NULL),
(736, 'C58080102', 0, 1, 1, '[TBC]', '[TBC]', '50.00', '0.00', '50.00', '[TBC]', '2015-08-29 04:04:03', 'D000', '2001-01-30 17:00:00', NULL, '2001-01-30 17:00:00', NULL),
(737, 'C58080103', 0, 1, 1, '[TBC]', '[TBC]', '45.00', '0.00', '45.00', '[TBC]', '2015-08-29 04:06:08', 'D000', '2001-01-30 17:00:00', NULL, '2001-01-30 17:00:00', NULL),
(738, 'C58080104', 0, 1, 1, '[TBC]', '[TBC]', '25.00', '0.00', '25.00', '[TBC]', '2015-08-29 04:06:32', 'D000', '2001-01-30 17:00:00', NULL, '2001-01-30 17:00:00', NULL),
(739, 'C58080105', 0, 1, 1, '[TBC]', '[TBC]', '79.00', '0.00', '79.00', '[TBC]', '2015-08-29 04:06:56', 'D000', '2001-01-30 17:00:00', NULL, '2001-01-30 17:00:00', NULL),
(740, 'C58080106', 0, 1, 1, '[TBC]', '[TBC]', '138.00', '0.00', '138.00', '[TBC]', '2015-08-29 04:09:00', 'D000', '2001-01-30 17:00:00', NULL, '2001-01-30 17:00:00', NULL),
(741, 'C58080107', 0, 1, 1, '[TBC]', '[TBC]', '258.00', '0.00', '258.00', '[TBC]', '2015-08-29 04:15:51', 'D000', '2001-01-30 17:00:00', NULL, '2001-01-30 17:00:00', NULL),
(742, 'C58080108', 0, 1, 1, '[TBC]', '[TBC]', '303.00', '0.00', '303.00', '[TBC]', '2015-08-29 05:08:11', 'D000', '2001-01-30 17:00:00', NULL, '2001-01-30 17:00:00', NULL),
(743, 'C58080109', 0, 1, 1, '[TBC]', '[TBC]', '69.00', '0.00', '69.00', '[TBC]', '2015-08-29 05:40:26', 'D000', '2001-01-30 17:00:00', NULL, '2001-01-30 17:00:00', NULL),
(744, 'C58080110', 0, 1, 1, '[TBC]', '[TBC]', '78.00', '0.00', '78.00', '[TBC]', '2015-08-29 06:40:19', 'D000', '2001-01-30 17:00:00', NULL, '2001-01-30 17:00:00', NULL),
(745, 'C58080111', 0, 1, 1, '[TBC]', '[TBC]', '109.00', '0.00', '109.00', '[TBC]', '2015-08-29 08:42:24', 'D000', '2001-01-30 17:00:00', NULL, '2001-01-30 17:00:00', NULL),
(746, 'C58080112', 0, 1, 1, '[TBC]', '[TBC]', '80.00', '0.00', '80.00', '[TBC]', '2015-08-29 08:44:42', 'D000', '2001-01-30 17:00:00', NULL, '2001-01-30 17:00:00', NULL),
(747, 'C58080113', 0, 1, 1, '[TBC]', '[TBC]', '77.00', '0.00', '77.00', '[TBC]', '2015-08-29 08:46:33', 'D000', '2001-01-30 17:00:00', NULL, '2001-01-30 17:00:00', NULL),
(748, 'C58080114', 0, 1, 1, '[TBC]', '[TBC]', '69.00', '0.00', '69.00', '[TBC]', '2015-08-29 10:42:33', 'D000', '2001-01-30 17:00:00', NULL, '2001-01-30 17:00:00', NULL),
(749, 'C58080115', 0, 1, 1, '[TBC]', '[TBC]', '228.00', '0.00', '228.00', '[TBC]', '2015-08-29 12:13:51', 'D000', '2001-01-30 17:00:00', NULL, '2001-01-30 17:00:00', NULL),
(750, 'C58090001', 0, 1, 1, '[TBC]', '[TBC]', '60.00', '0.00', '60.00', '[TBC]', '2015-09-01 04:55:18', 'D000', '2001-01-30 17:00:00', NULL, '2001-01-30 17:00:00', NULL),
(751, 'C58090002', 0, 1, 1, '[TBC]', '[TBC]', '109.00', '0.00', '109.00', '[TBC]', '2015-09-01 04:57:43', 'D000', '2001-01-30 17:00:00', NULL, '2001-01-30 17:00:00', NULL),
(752, 'C58090003', 0, 1, 1, '[TBC]', '[TBC]', '149.00', '0.00', '149.00', '[TBC]', '2015-09-01 04:58:51', 'D000', '2001-01-30 17:00:00', NULL, '2001-01-30 17:00:00', NULL),
(753, 'C58090004', 0, 1, 1, '[TBC]', '[TBC]', '79.00', '0.00', '79.00', '[TBC]', '2015-09-01 05:04:45', 'D000', '2001-01-30 17:00:00', NULL, '2001-01-30 17:00:00', NULL),
(754, 'C58090005', 0, 1, 1, '[TBC]', '[TBC]', '69.00', '0.00', '69.00', '[TBC]', '2015-09-01 05:25:39', 'D000', '2001-01-30 17:00:00', NULL, '2001-01-30 17:00:00', NULL),
(755, 'C58090006', 0, 1, 1, '[TBC]', '[TBC]', '69.00', '0.00', '69.00', '[TBC]', '2015-09-01 07:26:35', 'D000', '2001-01-30 17:00:00', NULL, '2001-01-30 17:00:00', NULL),
(756, 'C58090007', 0, 1, 1, '[TBC]', '[TBC]', '20.00', '0.00', '20.00', '[TBC]', '2015-09-01 08:05:38', 'D000', '2001-01-30 17:00:00', NULL, '2001-01-30 17:00:00', NULL),
(757, 'C58090008', 0, 1, 1, '[TBC]', '[TBC]', '69.00', '0.00', '69.00', '[TBC]', '2015-09-02 09:00:48', 'D000', '2001-01-30 17:00:00', NULL, '2001-01-30 17:00:00', NULL),
(758, 'C58090009', 0, 1, 1, '[TBC]', '[TBC]', '118.00', '0.00', '118.00', '[TBC]', '2015-09-02 09:02:44', 'D000', '2001-01-30 17:00:00', NULL, '2001-01-30 17:00:00', NULL);

-- --------------------------------------------------------

--
-- Stand-in structure for view `saledetailview`
--
CREATE TABLE IF NOT EXISTS `saledetailview` (
`saleIndex` bigint(11)
,`saleNo` varchar(10)
,`saleType` int(11)
,`customerIndex` int(11)
,`saleDone` tinyint(1)
,`creditCardID` varchar(15)
,`approvalCode` varchar(15)
,`saleTotalAmount` decimal(10,2)
,`saleTotalDiscount` decimal(10,2)
,`saleTotalBalance` decimal(10,2)
,`creditCardAuthorizer` varchar(20)
,`CRE_DTE` datetime
,`CRE_USR` varchar(5)
,`UPD_DTE` datetime
,`UPD_USR` varchar(5)
,`DEL_DTE` datetime
,`DEL_USR` varchar(5)
,`customerID` varchar(15)
,`fullname` varchar(50)
);
-- --------------------------------------------------------

--
-- Table structure for table `salelist`
--

CREATE TABLE IF NOT EXISTS `salelist` (
  `listIndex` int(11) NOT NULL AUTO_INCREMENT,
  `saleNo` varchar(10) DEFAULT NULL,
  `itemIndex` int(11) DEFAULT NULL,
  `salePrice` decimal(10,2) DEFAULT NULL,
  `saleQTY` decimal(10,0) DEFAULT NULL,
  `stockQTY` decimal(10,0) DEFAULT NULL,
  `saleDiscount` decimal(10,2) DEFAULT NULL,
  `saleClass` varchar(5) DEFAULT 'Rt',
  `CRE_USR` varchar(5) DEFAULT NULL,
  `CRE_DTE` datetime DEFAULT NULL,
  `UPD_USR` varchar(5) DEFAULT NULL,
  `UPD_DTE` datetime DEFAULT NULL,
  `DEL_USR` varchar(5) DEFAULT NULL,
  `DEL_DTE` datetime DEFAULT NULL,
  PRIMARY KEY (`listIndex`)
) ENGINE=InnoDB  DEFAULT CHARSET=utf8 AUTO_INCREMENT=1349 ;

--
-- Dumping data for table `salelist`
--

INSERT INTO `salelist` (`listIndex`, `saleNo`, `itemIndex`, `salePrice`, `saleQTY`, `stockQTY`, `saleDiscount`, `saleClass`, `CRE_USR`, `CRE_DTE`, `UPD_USR`, `UPD_DTE`, `DEL_USR`, `DEL_DTE`) VALUES
(831, 'V58070001', 54, '55.00', '1', '-24', '0.00', 'Rt', 'S001', '2015-07-01 04:20:04', NULL, '2001-01-30 17:00:00', NULL, '2001-01-30 17:00:00'),
(832, 'V58070002', 57, '59.00', '1', '-137', '0.00', 'Rt', 'S001', '2015-07-01 04:22:31', NULL, '2001-01-30 17:00:00', NULL, '2001-01-30 17:00:00'),
(833, 'V58070002', 61, '59.00', '2', '-156', '0.00', 'Rt', 'S001', '2015-07-01 04:22:31', NULL, '2001-01-30 17:00:00', NULL, '2001-01-30 17:00:00'),
(834, 'V58070003', 57, '59.00', '1', '-138', '0.00', 'Rt', 'S001', '2015-07-01 04:24:58', NULL, '2001-01-30 17:00:00', NULL, '2001-01-30 17:00:00'),
(835, 'V58070003', 113, '49.00', '1', '-4', '0.00', 'Rt', 'S001', '2015-07-01 04:24:58', NULL, '2001-01-30 17:00:00', NULL, '2001-01-30 17:00:00'),
(836, 'V58070003', 62, '69.00', '2', '-53', '0.00', 'Rt', 'S001', '2015-07-01 04:24:58', NULL, '2001-01-30 17:00:00', NULL, '2001-01-30 17:00:00'),
(837, 'V58070004', 61, '59.00', '1', '-157', '0.00', 'Rt', 'S001', '2015-07-01 04:54:35', NULL, '2001-01-30 17:00:00', NULL, '2001-01-30 17:00:00'),
(838, 'V58070004', 65, '69.00', '9', '-81', '0.00', 'Rt', 'S001', '2015-07-01 04:54:35', NULL, '2001-01-30 17:00:00', NULL, '2001-01-30 17:00:00'),
(839, 'V58070004', 66, '69.00', '1', '-63', '0.00', 'Rt', 'S001', '2015-07-01 04:54:35', NULL, '2001-01-30 17:00:00', NULL, '2001-01-30 17:00:00'),
(840, 'C58070001', 1, '20.00', '1', '-18975', '0.00', 'Rt', 'D000', '2015-07-03 11:35:22', NULL, '2001-01-30 17:00:00', NULL, '2001-01-30 17:00:00'),
(841, 'V58070005', 59, '49.00', '1', '-322', '0.00', 'Rt', 'S001', '2015-07-03 11:43:32', NULL, '2001-01-30 17:00:00', NULL, '2001-01-30 17:00:00'),
(842, 'V58070006', 68, '79.00', '1', '-36', '0.00', 'Rt', 'S001', '2015-07-03 11:45:47', NULL, '2001-01-30 17:00:00', NULL, '2001-01-30 17:00:00'),
(843, 'V58070007', 58, '59.00', '1', '-223', '0.00', 'Rt', 'S001', '2015-07-03 11:46:22', NULL, '2001-01-30 17:00:00', NULL, '2001-01-30 17:00:00'),
(844, 'V58070007', 62, '69.00', '8', '-61', '0.00', 'Rt', 'S001', '2015-07-03 11:46:22', NULL, '2001-01-30 17:00:00', NULL, '2001-01-30 17:00:00'),
(845, 'V58070008', 57, '59.00', '1', '-139', '0.00', 'Rt', 'S001', '2015-07-03 14:52:23', NULL, '2001-01-30 17:00:00', NULL, '2001-01-30 17:00:00'),
(846, 'V58070008', 62, '69.00', '2', '-63', '0.00', 'Rt', 'S001', '2015-07-03 14:52:23', NULL, '2001-01-30 17:00:00', NULL, '2001-01-30 17:00:00'),
(847, 'V58070009', 65, '69.00', '2', '-83', '0.00', 'Rt', 'S001', '2015-07-03 14:54:22', NULL, '2001-01-30 17:00:00', NULL, '2001-01-30 17:00:00'),
(848, 'V58070010', 65, '69.00', '2', '-85', '0.00', 'Rt', 'S001', '2015-07-03 14:55:11', NULL, '2001-01-30 17:00:00', NULL, '2001-01-30 17:00:00'),
(849, 'V58070011', 57, '59.00', '1', '-140', '0.00', 'Rt', 'S001', '2015-07-03 14:56:54', NULL, '2001-01-30 17:00:00', NULL, '2001-01-30 17:00:00'),
(850, 'V58070011', 61, '59.00', '5', '-162', '0.00', 'Rt', 'S001', '2015-07-03 14:56:54', NULL, '2001-01-30 17:00:00', NULL, '2001-01-30 17:00:00'),
(851, 'V58070012', 74, '0.00', '1', '-693', '0.00', 'Rt', 'S001', '2015-07-04 02:23:02', NULL, '2001-01-30 17:00:00', NULL, '2001-01-30 17:00:00'),
(852, 'V58070012', 73, '69.00', '1', '-46', '0.00', 'Rt', 'S001', '2015-07-04 02:23:02', NULL, '2001-01-30 17:00:00', NULL, '2001-01-30 17:00:00'),
(853, 'V58070012', 61, '59.00', '8', '-170', '0.00', 'Rt', 'S001', '2015-07-04 02:23:02', NULL, '2001-01-30 17:00:00', NULL, '2001-01-30 17:00:00'),
(854, 'V58070013', 61, '59.00', '1', '-171', '0.00', 'Rt', 'S001', '2015-07-04 02:27:37', NULL, '2001-01-30 17:00:00', NULL, '2001-01-30 17:00:00'),
(855, 'V58070014', 62, '69.00', '1', '-64', '0.00', 'Rt', 'S001', '2015-07-04 02:56:23', NULL, '2001-01-30 17:00:00', NULL, '2001-01-30 17:00:00'),
(856, 'V58070014', 63, '69.00', '1', '-89', '0.00', 'Rt', 'S001', '2015-07-04 02:56:23', NULL, '2001-01-30 17:00:00', NULL, '2001-01-30 17:00:00'),
(857, 'V58070014', 59, '49.00', '1', '-323', '0.00', 'Rt', 'S001', '2015-07-04 02:56:23', NULL, '2001-01-30 17:00:00', NULL, '2001-01-30 17:00:00'),
(858, 'V58070015', 57, '59.00', '1', '-141', '0.00', 'Rt', 'S001', '2015-07-04 02:57:06', NULL, '2001-01-30 17:00:00', NULL, '2001-01-30 17:00:00'),
(859, 'V58070016', 57, '59.00', '2', '-143', '0.00', 'Rt', 'S001', '2015-07-04 04:20:11', NULL, '2001-01-30 17:00:00', NULL, '2001-01-30 17:00:00'),
(860, 'C58070002', 66, '69.00', '1', '-64', '0.00', 'Rt', 'D000', '2015-07-04 07:49:53', NULL, '2001-01-30 17:00:00', NULL, '2001-01-30 17:00:00'),
(861, 'C58070002', 32, '40.00', '1', '-265', '0.00', 'Rt', 'D000', '2015-07-04 07:49:53', NULL, '2001-01-30 17:00:00', NULL, '2001-01-30 17:00:00'),
(862, 'C58070003', 32, '40.00', '1', '-266', '0.00', 'Rt', 'D000', '2015-07-04 07:52:14', NULL, '2001-01-30 17:00:00', NULL, '2001-01-30 17:00:00'),
(863, 'C58070003', 148, '60.00', '1', '-8', '0.00', 'Rt', 'D000', '2015-07-04 07:52:14', NULL, '2001-01-30 17:00:00', NULL, '2001-01-30 17:00:00'),
(864, 'C58070003', 78, '129.00', '1', '-43', '0.00', 'Rt', 'D000', '2015-07-04 07:52:14', NULL, '2001-01-30 17:00:00', NULL, '2001-01-30 17:00:00'),
(865, 'C58070003', 94, '65.00', '1', '-53', '0.00', 'Rt', 'D000', '2015-07-04 07:52:29', 'D000', '2015-07-04 07:52:29', NULL, '2001-01-30 17:00:00'),
(866, 'C58070003', 98, '70.00', '1', '-210', '0.00', 'Rt', 'D000', '2015-07-04 07:52:29', 'D000', '2015-07-04 07:52:29', NULL, '2001-01-30 17:00:00'),
(867, 'C58070003', 99, '35.00', '1', '-918', '0.00', 'Rt', 'D000', '2015-07-04 07:52:29', 'D000', '2015-07-04 07:52:29', NULL, '2001-01-30 17:00:00'),
(868, 'C58070003', 95, '25.00', '1', '-11996', '0.00', 'Rt', 'D000', '2015-07-04 07:52:29', 'D000', '2015-07-04 07:52:29', NULL, '2001-01-30 17:00:00'),
(869, 'C58070003', 93, '45.00', '1', '-31', '0.00', 'Rt', 'D000', '2015-07-04 07:52:29', 'D000', '2015-07-04 07:52:29', NULL, '2001-01-30 17:00:00'),
(870, 'C58070004', 70, '69.00', '1', '-361', '0.00', 'Rt', 'D000', '2015-07-04 07:53:04', NULL, '2001-01-30 17:00:00', NULL, '2001-01-30 17:00:00'),
(871, 'C58070004', 74, '0.00', '1', '-694', '0.00', 'Rt', 'D000', '2015-07-04 07:53:04', NULL, '2001-01-30 17:00:00', NULL, '2001-01-30 17:00:00'),
(872, 'C58070004', 75, '0.00', '1', '-458', '0.00', 'Rt', 'D000', '2015-07-04 07:53:04', NULL, '2001-01-30 17:00:00', NULL, '2001-01-30 17:00:00'),
(873, 'C58070005', 1, '20.00', '1', '-18976', '0.00', 'Rt', 'D000', '2015-07-04 14:15:53', NULL, '2001-01-30 17:00:00', NULL, '2001-01-30 17:00:00'),
(874, 'C58070006', 2, '25.00', '1', '-1712', '0.00', 'Rt', 'D000', '2015-07-04 14:17:03', NULL, '2001-01-30 17:00:00', NULL, '2001-01-30 17:00:00'),
(875, 'C58070007', 1, '20.00', '1', '-18977', '0.00', 'Rt', 'D000', '2015-07-20 13:43:02', NULL, '2001-01-30 17:00:00', NULL, '2001-01-30 17:00:00'),
(876, 'C58070007', 75, '0.00', '1', '-456', '0.00', 'Rt', 'D000', '2015-07-20 13:43:02', NULL, '2001-01-30 17:00:00', NULL, '2001-01-30 17:00:00'),
(877, 'C58070008', 1, '20.00', '1', '-18978', '0.00', 'Rt', 'D000', '2015-07-20 13:52:52', NULL, '2001-01-30 17:00:00', NULL, '2001-01-30 17:00:00'),
(878, 'C58070008', 75, '0.00', '1', '-457', '0.00', 'Rt', 'D000', '2015-07-20 13:52:52', NULL, '2001-01-30 17:00:00', NULL, '2001-01-30 17:00:00'),
(879, 'C58070009', 1, '20.00', '2', '-18980', '0.00', 'Rt', 'D000', '2015-07-20 14:07:32', NULL, '2001-01-30 17:00:00', NULL, '2001-01-30 17:00:00'),
(880, 'V58070017', 6, '20.00', '2', '-1179', '0.00', 'Rt', 'S001', '2015-07-20 14:24:35', NULL, '2001-01-30 17:00:00', NULL, '2001-01-30 17:00:00'),
(881, 'V58070018', 57, '59.00', '1', '-144', '0.00', 'Rt', 'S001', '2015-07-20 17:36:14', NULL, '2001-01-30 17:00:00', NULL, '2001-01-30 17:00:00'),
(882, 'V58070019', 61, '59.00', '1', '-172', '0.00', 'Rt', 'S001', '2015-07-21 03:23:43', NULL, '2001-01-30 17:00:00', NULL, '2001-01-30 17:00:00'),
(883, 'C58070010', 5, '30.00', '1', '-452', '0.00', 'Rt', 'D000', '2015-07-21 04:37:45', NULL, '2001-01-30 17:00:00', NULL, '2001-01-30 17:00:00'),
(884, 'C58070010', 2, '25.00', '1', '-1713', '0.00', 'Rt', 'D000', '2015-07-21 04:37:45', NULL, '2001-01-30 17:00:00', NULL, '2001-01-30 17:00:00'),
(885, 'C58070011', 2, '25.00', '1', '-1714', '0.00', 'Rt', 'D000', '2015-07-21 04:38:29', NULL, '2001-01-30 17:00:00', NULL, '2001-01-30 17:00:00'),
(886, 'C58070011', 5, '30.00', '1', '-453', '0.00', 'Rt', 'D000', '2015-07-21 04:38:29', NULL, '2001-01-30 17:00:00', NULL, '2001-01-30 17:00:00'),
(887, 'C58070012', 118, '39.00', '1', '-419', '0.00', 'Rt', 'D000', '2015-07-21 04:38:54', NULL, '2001-01-30 17:00:00', NULL, '2001-01-30 17:00:00'),
(888, 'C58070013', 2, '25.00', '1', '-1715', '0.00', 'Rt', 'D000', '2015-07-21 06:45:37', NULL, '2001-01-30 17:00:00', NULL, '2001-01-30 17:00:00'),
(889, 'C58070013', 118, '39.00', '1', '-420', '0.00', 'Rt', 'D000', '2015-07-21 06:45:37', NULL, '2001-01-30 17:00:00', NULL, '2001-01-30 17:00:00'),
(890, 'C58070013', 5, '30.00', '1', '-454', '0.00', 'Rt', 'D000', '2015-07-21 06:45:37', NULL, '2001-01-30 17:00:00', NULL, '2001-01-30 17:00:00'),
(891, 'C58070014', 5, '30.00', '1', '-455', '0.00', 'Rt', 'D000', '2015-07-21 06:45:54', NULL, '2001-01-30 17:00:00', NULL, '2001-01-30 17:00:00'),
(892, 'C58070015', 5, '30.00', '1', '-456', '0.00', 'Rt', 'D000', '2015-07-21 09:02:02', NULL, '2001-01-30 17:00:00', NULL, '2001-01-30 17:00:00'),
(893, 'C58070015', 118, '39.00', '1', '-421', '0.00', 'Rt', 'D000', '2015-07-21 09:02:02', NULL, '2001-01-30 17:00:00', NULL, '2001-01-30 17:00:00'),
(894, 'C58070016', 118, '39.00', '1', '-422', '0.00', 'Rt', 'D000', '2015-07-21 11:26:08', NULL, '2001-01-30 17:00:00', NULL, '2001-01-30 17:00:00'),
(895, 'C58070016', 2, '25.00', '1', '-1716', '0.00', 'Rt', 'D000', '2015-07-21 11:26:08', NULL, '2001-01-30 17:00:00', NULL, '2001-01-30 17:00:00'),
(896, 'C58070017', 1, '20.00', '1', '-18981', '0.00', 'Rt', 'D000', '2015-07-21 11:30:00', NULL, '2001-01-30 17:00:00', NULL, '2001-01-30 17:00:00'),
(897, 'C58070017', 5, '30.00', '1', '-457', '0.00', 'Rt', 'D000', '2015-07-21 11:30:00', NULL, '2001-01-30 17:00:00', NULL, '2001-01-30 17:00:00'),
(898, 'C58070018', 1, '20.00', '1', '-18982', '0.00', 'Rt', 'D000', '2015-07-21 11:40:02', NULL, '2001-01-30 17:00:00', NULL, '2001-01-30 17:00:00'),
(899, 'C58070018', 118, '39.00', '1', '-423', '0.00', 'Rt', 'D000', '2015-07-21 11:40:02', NULL, '2001-01-30 17:00:00', NULL, '2001-01-30 17:00:00'),
(900, 'C58070019', 1, '20.00', '1', '-18983', '0.00', 'Rt', 'D000', '2015-07-21 11:45:32', NULL, '2001-01-30 17:00:00', NULL, '2001-01-30 17:00:00'),
(901, 'C58070020', 1, '20.00', '1', '-18984', '0.00', 'Rt', 'D000', '2015-07-21 11:46:50', NULL, '2001-01-30 17:00:00', NULL, '2001-01-30 17:00:00'),
(902, 'C58070021', 160, '100.00', '1', '-1', '0.00', 'Rt', 'D000', '2015-07-21 15:00:34', NULL, '2001-01-30 17:00:00', NULL, '2001-01-30 17:00:00'),
(903, 'C58070022', 5, '30.00', '1', '-458', '0.00', 'Rt', 'D000', '2015-07-21 16:18:22', NULL, '2001-01-30 17:00:00', NULL, '2001-01-30 17:00:00'),
(904, 'C58070023', 2, '25.00', '1', '-1717', '0.00', 'Rt', 'D000', '2015-07-21 16:21:10', NULL, '2001-01-30 17:00:00', NULL, '2001-01-30 17:00:00'),
(905, 'C58070024', 1, '20.00', '1', '-18985', '0.00', 'Rt', 'D000', '2015-07-21 16:22:42', NULL, '2001-01-30 17:00:00', NULL, '2001-01-30 17:00:00'),
(906, 'C58070025', 2, '25.00', '8', '-1725', '0.00', 'Rt', 'D000', '2015-07-21 16:28:36', NULL, '2001-01-30 17:00:00', NULL, '2001-01-30 17:00:00'),
(907, 'C58070026', 1, '20.00', '1', '-18986', '0.00', 'Rt', 'D000', '2015-07-21 16:31:22', NULL, '2001-01-30 17:00:00', NULL, '2001-01-30 17:00:00'),
(908, 'C58070027', 1, '20.00', '1', '-18987', '0.00', 'Rt', 'D000', '2015-07-21 16:32:22', NULL, '2001-01-30 17:00:00', NULL, '2001-01-30 17:00:00'),
(909, 'C58070028', 2, '25.00', '1', '-1726', '0.00', 'Rt', 'D000', '2015-07-21 16:33:43', NULL, '2001-01-30 17:00:00', NULL, '2001-01-30 17:00:00'),
(910, 'C58070028', 118, '39.00', '1', '-424', '0.00', 'Rt', 'D000', '2015-07-21 16:33:43', NULL, '2001-01-30 17:00:00', NULL, '2001-01-30 17:00:00'),
(911, 'C58070029', 2, '25.00', '9', '-1735', '0.00', 'Rt', 'D000', '2015-07-21 16:34:39', NULL, '2001-01-30 17:00:00', NULL, '2001-01-30 17:00:00'),
(912, 'C58070030', 2, '25.00', '1', '-1736', '0.00', 'Rt', 'D000', '2015-07-21 16:35:52', NULL, '2001-01-30 17:00:00', NULL, '2001-01-30 17:00:00'),
(913, 'C58070031', 118, '39.00', '1', '-425', '0.00', 'Rt', 'D000', '2015-07-21 16:37:01', NULL, '2001-01-30 17:00:00', NULL, '2001-01-30 17:00:00'),
(914, 'C58070031', 5, '30.00', '1', '-459', '0.00', 'Rt', 'D000', '2015-07-21 16:37:01', NULL, '2001-01-30 17:00:00', NULL, '2001-01-30 17:00:00'),
(915, 'C58070032', 3, '30.00', '1', '-619', '0.00', 'Rt', 'D000', '2015-07-21 16:53:20', NULL, '2001-01-30 17:00:00', NULL, '2001-01-30 17:00:00'),
(916, 'C58070033', 2, '25.00', '1', '-1737', '0.00', 'Rt', 'D000', '2015-07-21 17:11:08', NULL, '2001-01-30 17:00:00', NULL, '2001-01-30 17:00:00'),
(917, 'C58070033', 5, '30.00', '1', '-460', '0.00', 'Rt', 'D000', '2015-07-21 17:11:08', NULL, '2001-01-30 17:00:00', NULL, '2001-01-30 17:00:00'),
(918, 'C58070034', 1, '20.00', '1', '-18988', '0.00', 'Rt', 'D000', '2015-07-21 17:13:33', NULL, '2001-01-30 17:00:00', NULL, '2001-01-30 17:00:00'),
(919, 'C58070035', 1, '20.00', '1', '-18989', '0.00', 'Rt', 'D000', '2015-07-21 17:27:54', NULL, '2001-01-30 17:00:00', NULL, '2001-01-30 17:00:00'),
(920, 'C58070036', 118, '39.00', '1', '-426', '0.00', 'Rt', 'D000', '2015-07-21 17:30:51', NULL, '2001-01-30 17:00:00', NULL, '2001-01-30 17:00:00'),
(921, 'C58070037', 3, '30.00', '1', '-620', '0.00', 'Rt', 'D000', '2015-07-21 17:34:04', NULL, '2001-01-30 17:00:00', NULL, '2001-01-30 17:00:00'),
(922, 'C58070038', 2, '25.00', '1', '-1738', '0.00', 'Rt', 'D000', '2015-07-21 17:37:11', NULL, '2001-01-30 17:00:00', NULL, '2001-01-30 17:00:00'),
(923, 'C58070039', 1, '20.00', '1', '-18990', '0.00', 'Rt', 'D000', '2015-07-22 00:49:12', NULL, '2001-01-30 17:00:00', NULL, '2001-01-30 17:00:00'),
(924, 'C58070039', 160, '100.00', '1', '-2', '0.00', 'Rt', 'D000', '2015-07-22 00:49:12', NULL, '2001-01-30 17:00:00', NULL, '2001-01-30 17:00:00'),
(925, 'C58070040', 157, '200.00', '1', '497', '0.00', 'Rt', 'D000', '2015-07-22 00:50:03', NULL, '2001-01-30 17:00:00', NULL, '2001-01-30 17:00:00'),
(926, 'C58070041', 160, '100.00', '1', '-3', '0.00', 'Rt', 'D000', '2015-07-22 00:54:03', NULL, '2001-01-30 17:00:00', NULL, '2001-01-30 17:00:00'),
(927, 'C58070042', 65, '69.00', '1', '-86', '0.00', 'Rt', 'D000', '2015-07-22 01:34:19', NULL, '2001-01-30 17:00:00', NULL, '2001-01-30 17:00:00'),
(928, 'C58070043', 68, '79.00', '1', '-37', '0.00', 'Rt', 'D000', '2015-07-22 01:50:44', NULL, '2001-01-30 17:00:00', NULL, '2001-01-30 17:00:00'),
(929, 'C58070044', 2, '25.00', '1', '-1739', '0.00', 'Rt', 'D000', '2015-07-22 02:08:40', NULL, '2001-01-30 17:00:00', NULL, '2001-01-30 17:00:00'),
(930, 'C58070045', 66, '69.00', '1', '-65', '0.00', 'Rt', 'D000', '2015-07-22 02:21:48', NULL, '2001-01-30 17:00:00', NULL, '2001-01-30 17:00:00'),
(931, 'C58070045', 68, '79.00', '1', '-38', '0.00', 'Rt', 'D000', '2015-07-22 02:21:48', NULL, '2001-01-30 17:00:00', NULL, '2001-01-30 17:00:00'),
(932, 'C58070046', 1, '20.00', '1', '-18991', '0.00', 'Rt', 'D000', '2015-07-22 03:02:25', NULL, '2001-01-30 17:00:00', NULL, '2001-01-30 17:00:00'),
(933, 'C58070047', 1, '20.00', '1', '-18992', '0.00', 'Rt', 'D000', '2015-07-22 03:39:13', NULL, '2001-01-30 17:00:00', NULL, '2001-01-30 17:00:00'),
(934, 'C58070047', 160, '100.00', '1', '-4', '0.00', 'Rt', 'D000', '2015-07-22 03:39:13', NULL, '2001-01-30 17:00:00', NULL, '2001-01-30 17:00:00'),
(935, 'C58070048', 70, '69.00', '1', '-362', '0.00', 'Rt', 'D000', '2015-07-22 03:50:27', NULL, '2001-01-30 17:00:00', NULL, '2001-01-30 17:00:00'),
(936, 'C58070048', 74, '0.00', '1', '-695', '0.00', 'Rt', 'D000', '2015-07-22 03:50:27', NULL, '2001-01-30 17:00:00', NULL, '2001-01-30 17:00:00'),
(937, 'C58070049', 1, '20.00', '1', '-18993', '0.00', 'Rt', 'D000', '2015-07-22 03:52:26', NULL, '2001-01-30 17:00:00', NULL, '2001-01-30 17:00:00'),
(938, 'C58070050', 1, '20.00', '1', '-18994', '0.00', 'Rt', 'D000', '2015-07-22 03:55:51', NULL, '2001-01-30 17:00:00', NULL, '2001-01-30 17:00:00'),
(939, 'C58070050', 160, '100.00', '1', '-5', '0.00', 'Rt', 'D000', '2015-07-22 03:55:51', NULL, '2001-01-30 17:00:00', NULL, '2001-01-30 17:00:00'),
(940, 'C58070051', 157, '200.00', '1', '496', '0.00', 'Rt', 'D000', '2015-07-22 03:56:34', NULL, '2001-01-30 17:00:00', NULL, '2001-01-30 17:00:00'),
(941, 'C58070052', 85, '59.00', '1', '-107', '0.00', 'Rt', 'D000', '2015-07-22 04:11:15', NULL, '2001-01-30 17:00:00', NULL, '2001-01-30 17:00:00'),
(942, 'C58070053', 160, '100.00', '1', '-6', '0.00', 'Rt', 'D000', '2015-07-22 04:14:22', NULL, '2001-01-30 17:00:00', NULL, '2001-01-30 17:00:00'),
(943, 'C58070054', 157, '200.00', '1', '495', '0.00', 'Rt', 'D000', '2015-07-22 04:15:33', NULL, '2001-01-30 17:00:00', NULL, '2001-01-30 17:00:00'),
(944, 'C58070055', 2, '25.00', '1', '-1740', '0.00', 'Rt', 'D000', '2015-07-22 04:27:35', NULL, '2001-01-30 17:00:00', NULL, '2001-01-30 17:00:00'),
(945, 'C58070055', 118, '39.00', '1', '-427', '0.00', 'Rt', 'D000', '2015-07-22 04:27:35', NULL, '2001-01-30 17:00:00', NULL, '2001-01-30 17:00:00'),
(946, 'C58070055', 156, '200.00', '1', '498', '0.00', 'Rt', 'D000', '2015-07-22 04:27:35', NULL, '2001-01-30 17:00:00', NULL, '2001-01-30 17:00:00'),
(947, 'C58070055', 160, '100.00', '1', '-7', '0.00', 'Rt', 'D000', '2015-07-22 04:27:35', NULL, '2001-01-30 17:00:00', NULL, '2001-01-30 17:00:00'),
(948, 'C58070056', 83, '55.00', '1', '-40', '0.00', 'Rt', 'D000', '2015-07-22 04:45:12', NULL, '2001-01-30 17:00:00', NULL, '2001-01-30 17:00:00'),
(949, 'C58070056', 160, '100.00', '1', '-8', '0.00', 'Rt', 'D000', '2015-07-22 04:45:12', NULL, '2001-01-30 17:00:00', NULL, '2001-01-30 17:00:00'),
(950, 'C58070057', 4, '30.00', '1', '-1149', '0.00', 'Rt', 'D000', '2015-07-22 04:53:52', NULL, '2001-01-30 17:00:00', NULL, '2001-01-30 17:00:00'),
(951, 'C58070058', 1, '20.00', '1', '-18995', '0.00', 'Rt', 'D000', '2015-07-22 04:56:45', NULL, '2001-01-30 17:00:00', NULL, '2001-01-30 17:00:00'),
(952, 'C58070059', 70, '69.00', '1', '-363', '0.00', 'Rt', 'D000', '2015-07-22 04:58:59', NULL, '2001-01-30 17:00:00', NULL, '2001-01-30 17:00:00'),
(953, 'C58070060', 65, '69.00', '1', '-87', '0.00', 'Rt', 'D000', '2015-07-22 05:00:21', NULL, '2001-01-30 17:00:00', NULL, '2001-01-30 17:00:00'),
(954, 'C58070061', 57, '59.00', '1', '-145', '0.00', 'Rt', 'D000', '2015-07-22 05:03:57', NULL, '2001-01-30 17:00:00', NULL, '2001-01-30 17:00:00'),
(955, 'C58070061', 62, '69.00', '1', '-67', '0.00', 'Rt', 'D000', '2015-07-22 05:03:57', NULL, '2001-01-30 17:00:00', NULL, '2001-01-30 17:00:00'),
(956, 'C58070062', 66, '69.00', '1', '-66', '0.00', 'Rt', 'D000', '2015-07-22 05:05:41', NULL, '2001-01-30 17:00:00', NULL, '2001-01-30 17:00:00'),
(957, 'C58070063', 70, '69.00', '1', '-364', '0.00', 'Rt', 'D000', '2015-07-22 05:07:12', NULL, '2001-01-30 17:00:00', NULL, '2001-01-30 17:00:00'),
(958, 'C58070064', 3, '30.00', '1', '-621', '0.00', 'Rt', 'D000', '2015-07-22 05:08:57', NULL, '2001-01-30 17:00:00', NULL, '2001-01-30 17:00:00'),
(959, 'C58070065', 1, '20.00', '1', '-18996', '0.00', 'Rt', 'D000', '2015-07-22 05:10:36', NULL, '2001-01-30 17:00:00', NULL, '2001-01-30 17:00:00'),
(960, 'C58070066', 3, '30.00', '1', '-622', '0.00', 'Rt', 'D000', '2015-07-22 05:11:02', NULL, '2001-01-30 17:00:00', NULL, '2001-01-30 17:00:00'),
(961, 'C58070067', 2, '25.00', '1', '-1741', '0.00', 'Rt', 'D000', '2015-07-22 05:12:35', NULL, '2001-01-30 17:00:00', NULL, '2001-01-30 17:00:00'),
(962, 'C58070068', 85, '59.00', '1', '-108', '0.00', 'Rt', 'D000', '2015-07-22 05:14:26', NULL, '2001-01-30 17:00:00', NULL, '2001-01-30 17:00:00'),
(963, 'C58070069', 68, '79.00', '1', '-39', '0.00', 'Rt', 'D000', '2015-07-22 05:15:41', NULL, '2001-01-30 17:00:00', NULL, '2001-01-30 17:00:00'),
(964, 'C58070070', 2, '25.00', '1', '-1742', '0.00', 'Rt', 'D000', '2015-07-22 05:21:46', NULL, '2001-01-30 17:00:00', NULL, '2001-01-30 17:00:00'),
(965, 'C58070071', 118, '39.00', '1', '-428', '0.00', 'Rt', 'D000', '2015-07-22 06:52:34', NULL, '2001-01-30 17:00:00', NULL, '2001-01-30 17:00:00'),
(966, 'C58070071', 5, '30.00', '1', '-461', '0.00', 'Rt', 'D000', '2015-07-22 06:52:34', NULL, '2001-01-30 17:00:00', NULL, '2001-01-30 17:00:00'),
(967, 'C58070071', 1, '20.00', '1', '-18997', '0.00', 'Rt', 'D000', '2015-07-22 06:52:34', NULL, '2001-01-30 17:00:00', NULL, '2001-01-30 17:00:00'),
(968, 'C58070072', 1, '20.00', '1', '-18998', '0.00', 'Rt', 'D000', '2015-07-22 06:54:48', NULL, '2001-01-30 17:00:00', NULL, '2001-01-30 17:00:00'),
(969, 'C58070072', 77, '79.00', '1', '-125', '0.00', 'Rt', 'D000', '2015-07-22 06:54:48', NULL, '2001-01-30 17:00:00', NULL, '2001-01-30 17:00:00'),
(970, 'C58070073', 2, '25.00', '1', '-1743', '0.00', 'Rt', 'D000', '2015-07-22 09:53:18', NULL, '2001-01-30 17:00:00', NULL, '2001-01-30 17:00:00'),
(971, 'C58070074', 74, '0.00', '1', '-696', '0.00', 'Rt', 'D000', '2015-07-22 10:06:51', NULL, '2001-01-30 17:00:00', NULL, '2001-01-30 17:00:00'),
(972, 'C58070075', 118, '39.00', '1', '-429', '0.00', 'Rt', 'D000', '2015-07-22 10:09:16', NULL, '2001-01-30 17:00:00', NULL, '2001-01-30 17:00:00'),
(973, 'C58070075', 3, '30.00', '1', '-623', '0.00', 'Rt', 'D000', '2015-07-22 10:09:16', NULL, '2001-01-30 17:00:00', NULL, '2001-01-30 17:00:00'),
(974, 'C58070076', 1, '20.00', '1', '-18999', '0.00', 'Rt', 'D000', '2015-07-22 10:11:39', NULL, '2001-01-30 17:00:00', NULL, '2001-01-30 17:00:00'),
(975, 'C58070076', 118, '39.00', '1', '-430', '0.00', 'Rt', 'D000', '2015-07-22 10:11:39', NULL, '2001-01-30 17:00:00', NULL, '2001-01-30 17:00:00'),
(976, 'C58070076', 2, '25.00', '1', '-1744', '0.00', 'Rt', 'D000', '2015-07-22 10:11:39', NULL, '2001-01-30 17:00:00', NULL, '2001-01-30 17:00:00'),
(977, 'C58070076', 3, '30.00', '1', '-624', '0.00', 'Rt', 'D000', '2015-07-22 10:11:39', NULL, '2001-01-30 17:00:00', NULL, '2001-01-30 17:00:00'),
(978, 'C58070077', 1, '20.00', '1', '-19000', '0.00', 'Rt', 'D000', '2015-07-22 12:08:07', NULL, '2001-01-30 17:00:00', NULL, '2001-01-30 17:00:00'),
(979, 'C58070077', 74, '0.00', '1', '-697', '0.00', 'Rt', 'D000', '2015-07-22 12:08:07', NULL, '2001-01-30 17:00:00', NULL, '2001-01-30 17:00:00'),
(980, 'C58070078', 66, '69.00', '1', '-67', '0.00', 'Rt', 'D000', '2015-07-22 12:10:13', NULL, '2001-01-30 17:00:00', NULL, '2001-01-30 17:00:00'),
(981, 'C58070079', 74, '0.00', '1', '-698', '0.00', 'Rt', 'D000', '2015-07-22 12:58:10', NULL, '2001-01-30 17:00:00', NULL, '2001-01-30 17:00:00'),
(982, 'C58070079', 160, '100.00', '1', '-9', '0.00', 'Rt', 'D000', '2015-07-22 12:58:10', NULL, '2001-01-30 17:00:00', NULL, '2001-01-30 17:00:00'),
(983, 'C58070080', 70, '69.00', '1', '-366', '0.00', 'Rt', 'D000', '2015-07-22 13:22:12', NULL, '2001-01-30 17:00:00', NULL, '2001-01-30 17:00:00'),
(984, 'C58070081', 73, '69.00', '1', '-47', '0.00', 'Rt', 'D000', '2015-07-22 13:22:27', NULL, '2001-01-30 17:00:00', NULL, '2001-01-30 17:00:00'),
(985, 'C58070081', 160, '100.00', '1', '-10', '0.00', 'Rt', 'D000', '2015-07-22 13:22:27', NULL, '2001-01-30 17:00:00', NULL, '2001-01-30 17:00:00'),
(986, 'C58070082', 70, '69.00', '1', '-365', '0.00', 'Rt', 'D000', '2015-07-22 13:30:53', NULL, '2001-01-30 17:00:00', NULL, '2001-01-30 17:00:00'),
(987, 'C58070082', 160, '100.00', '1', '-11', '0.00', 'Rt', 'D000', '2015-07-22 13:30:53', NULL, '2001-01-30 17:00:00', NULL, '2001-01-30 17:00:00'),
(988, 'C58070083', 2, '25.00', '1', '-1745', '0.00', 'Rt', 'D000', '2015-07-22 13:53:13', NULL, '2001-01-30 17:00:00', NULL, '2001-01-30 17:00:00'),
(989, 'C58070084', 1, '20.00', '1', '-19001', '0.00', 'Rt', 'D000', '2015-07-22 13:57:53', NULL, '2001-01-30 17:00:00', NULL, '2001-01-30 17:00:00'),
(990, 'C58070085', 159, '20.00', '1', '-1', '0.00', 'Rt', 'D000', '2015-07-22 14:01:15', NULL, '2001-01-30 17:00:00', NULL, '2001-01-30 17:00:00'),
(991, 'C58070085', 96, '65.00', '1', '-376', '0.00', 'Rt', 'D000', '2015-07-22 14:01:15', NULL, '2001-01-30 17:00:00', NULL, '2001-01-30 17:00:00'),
(992, 'C58070085', 160, '100.00', '1', '-12', '0.00', 'Rt', 'D000', '2015-07-22 14:01:15', NULL, '2001-01-30 17:00:00', NULL, '2001-01-30 17:00:00'),
(993, 'C58070086', 3, '30.00', '1', '-625', '0.00', 'Rt', 'D000', '2015-07-23 02:40:16', NULL, '2001-01-30 17:00:00', NULL, '2001-01-30 17:00:00'),
(994, 'C58070087', 1, '20.00', '1', '-19002', '0.00', 'Rt', 'D000', '2015-07-23 02:44:45', NULL, '2001-01-30 17:00:00', NULL, '2001-01-30 17:00:00'),
(995, 'C58070088', 2, '25.00', '1', '-1746', '0.00', 'Rt', 'D000', '2015-07-23 02:46:52', NULL, '2001-01-30 17:00:00', NULL, '2001-01-30 17:00:00'),
(996, 'C58070089', 2, '25.00', '2', '-1748', '0.00', 'Rt', 'D000', '2015-07-23 02:48:41', NULL, '2001-01-30 17:00:00', NULL, '2001-01-30 17:00:00'),
(997, 'C58070090', 78, '129.00', '1', '-44', '0.00', 'Rt', 'D000', '2015-07-23 02:50:20', NULL, '2001-01-30 17:00:00', NULL, '2001-01-30 17:00:00'),
(998, 'C58070090', 82, '129.00', '1', '-23', '0.00', 'Rt', 'D000', '2015-07-23 02:50:20', NULL, '2001-01-30 17:00:00', NULL, '2001-01-30 17:00:00'),
(999, 'C58070091', 1, '20.00', '1', '-19003', '0.00', 'Rt', 'D000', '2015-07-23 03:06:26', NULL, '2001-01-30 17:00:00', NULL, '2001-01-30 17:00:00'),
(1000, 'C58070092', 66, '69.00', '1', '-68', '0.00', 'Rt', 'D000', '2015-07-23 03:09:27', NULL, '2001-01-30 17:00:00', NULL, '2001-01-30 17:00:00'),
(1001, 'C58070093', 76, '85.00', '1', '-233', '0.00', 'Rt', 'D000', '2015-07-23 03:12:32', NULL, '2001-01-30 17:00:00', NULL, '2001-01-30 17:00:00'),
(1002, 'C58070093', 81, '129.00', '1', '-71', '0.00', 'Rt', 'D000', '2015-07-23 03:12:32', NULL, '2001-01-30 17:00:00', NULL, '2001-01-30 17:00:00'),
(1003, 'C58070094', 1, '20.00', '0', '-19003', '0.00', 'Rt', 'D000', '2015-07-23 03:14:18', NULL, '2001-01-30 17:00:00', NULL, '2001-01-30 17:00:00'),
(1004, 'C58070094', 61, '59.00', '1', '-173', '0.00', 'Rt', 'D000', '2015-07-23 03:14:18', NULL, '2001-01-30 17:00:00', NULL, '2001-01-30 17:00:00'),
(1005, 'C58070095', 1, '20.00', '1', '-19004', '0.00', 'Rt', 'D000', '2015-07-23 14:47:00', NULL, '2001-01-30 17:00:00', NULL, '2001-01-30 17:00:00'),
(1006, 'C58070095', 3, '30.00', '1', '-626', '0.00', 'Rt', 'D000', '2015-07-23 14:47:00', NULL, '2001-01-30 17:00:00', NULL, '2001-01-30 17:00:00'),
(1007, 'C58070096', 58, '59.00', '1', '-224', '0.00', 'Rt', 'D000', '2015-07-23 14:49:43', NULL, '2001-01-30 17:00:00', NULL, '2001-01-30 17:00:00'),
(1008, 'C58070096', 63, '69.00', '1', '-91', '0.00', 'Rt', 'D000', '2015-07-23 14:49:43', NULL, '2001-01-30 17:00:00', NULL, '2001-01-30 17:00:00'),
(1009, 'C58070097', 2, '25.00', '1', '-1749', '0.00', 'Rt', 'D000', '2015-07-23 15:31:05', NULL, '2001-01-30 17:00:00', NULL, '2001-01-30 17:00:00'),
(1010, 'C58070097', 118, '39.00', '1', '-431', '0.00', 'Rt', 'D000', '2015-07-23 15:31:05', NULL, '2001-01-30 17:00:00', NULL, '2001-01-30 17:00:00'),
(1011, 'C58070097', 118, '39.00', '2', '-433', '0.00', 'Rt', 'D000', '2015-07-23 15:31:05', NULL, '2001-01-30 17:00:00', NULL, '2001-01-30 17:00:00'),
(1012, 'C58070098', 1, '20.00', '1', '-19005', '0.00', 'Rt', 'D000', '2015-07-23 16:50:59', NULL, '2001-01-30 17:00:00', NULL, '2001-01-30 17:00:00'),
(1013, 'C58070099', 1, '20.00', '1', '-19006', '0.00', 'Rt', 'D000', '2015-07-23 16:58:40', NULL, '2001-01-30 17:00:00', NULL, '2001-01-30 17:00:00'),
(1014, 'C58070100', 118, '39.00', '1', '-434', '0.00', 'Rt', 'D000', '2015-07-23 16:59:32', NULL, '2001-01-30 17:00:00', NULL, '2001-01-30 17:00:00'),
(1015, 'C58070101', 1, '20.00', '1', '-19007', '0.00', 'Rt', 'D000', '2015-07-23 17:05:43', NULL, '2001-01-30 17:00:00', NULL, '2001-01-30 17:00:00'),
(1016, 'C58070102', 2, '25.00', '1', '-1750', '0.00', 'Rt', 'D000', '2015-07-23 17:11:20', NULL, '2001-01-30 17:00:00', NULL, '2001-01-30 17:00:00'),
(1017, 'C58070103', 2, '25.00', '1', '-1751', '0.00', 'Rt', 'D000', '2015-07-23 17:16:25', NULL, '2001-01-30 17:00:00', NULL, '2001-01-30 17:00:00'),
(1018, 'C58070104', 2, '25.00', '1', '-1752', '0.00', 'Rt', 'D000', '2015-07-23 17:20:22', NULL, '2001-01-30 17:00:00', NULL, '2001-01-30 17:00:00'),
(1019, 'C58070105', 2, '25.00', '1', '-1753', '0.00', 'Rt', 'D000', '2015-07-23 17:29:14', NULL, '2001-01-30 17:00:00', NULL, '2001-01-30 17:00:00'),
(1020, 'C58070106', 2, '25.00', '1', '-1754', '0.00', 'Rt', 'D000', '2015-07-23 17:34:30', NULL, '2001-01-30 17:00:00', NULL, '2001-01-30 17:00:00'),
(1021, 'C58070107', 1, '20.00', '1', '-19008', '0.00', 'Rt', 'D000', '2015-07-23 17:43:05', NULL, '2001-01-30 17:00:00', NULL, '2001-01-30 17:00:00'),
(1022, 'C58070108', 2, '25.00', '1', '-1755', '0.00', 'Rt', 'D000', '2015-07-23 18:12:01', NULL, '2001-01-30 17:00:00', NULL, '2001-01-30 17:00:00'),
(1023, 'C58070109', 118, '39.00', '0', '-434', '0.00', 'Rt', 'D000', '2015-07-23 18:15:47', NULL, '2001-01-30 17:00:00', NULL, '2001-01-30 17:00:00'),
(1024, 'C58070109', 1, '20.00', '1', '-19009', '0.00', 'Rt', 'D000', '2015-07-23 18:15:47', NULL, '2001-01-30 17:00:00', NULL, '2001-01-30 17:00:00'),
(1025, 'C58070110', 3, '30.00', '1', '-627', '0.00', 'Rt', 'D000', '2015-07-23 18:21:45', NULL, '2001-01-30 17:00:00', NULL, '2001-01-30 17:00:00'),
(1026, 'C58070111', 2, '25.00', '1', '-1756', '0.00', 'Rt', 'D000', '2015-07-24 03:20:20', NULL, '2001-01-30 17:00:00', NULL, '2001-01-30 17:00:00'),
(1027, 'C58070112', 2, '25.00', '1', '-1757', '0.00', 'Rt', 'D000', '2015-07-24 05:48:57', NULL, '2001-01-30 17:00:00', NULL, '2001-01-30 17:00:00'),
(1028, 'C58070113', 65, '69.00', '1', '-88', '0.00', 'Rt', 'D000', '2015-07-24 07:11:26', NULL, '2001-01-30 17:00:00', NULL, '2001-01-30 17:00:00'),
(1029, 'C58070114', 66, '69.00', '1', '-69', '0.00', 'Rt', 'D000', '2015-07-24 07:12:28', NULL, '2001-01-30 17:00:00', NULL, '2001-01-30 17:00:00'),
(1030, 'C58070115', 66, '69.00', '1', '-70', '0.00', 'Rt', 'D000', '2015-07-24 07:17:39', NULL, '2001-01-30 17:00:00', NULL, '2001-01-30 17:00:00'),
(1031, 'C58070116', 66, '69.00', '1', '-71', '0.00', 'Rt', 'D000', '2015-07-24 07:17:58', NULL, '2001-01-30 17:00:00', NULL, '2001-01-30 17:00:00'),
(1032, 'C58070117', 67, '79.00', '6', '-44', '0.00', 'Rt', 'D000', '2015-07-24 07:19:53', NULL, '2001-01-30 17:00:00', NULL, '2001-01-30 17:00:00'),
(1033, 'C58070117', 66, '69.00', '5', '-76', '0.00', 'Rt', 'D000', '2015-07-24 07:19:53', NULL, '2001-01-30 17:00:00', NULL, '2001-01-30 17:00:00'),
(1034, 'C58070118', 66, '69.00', '2', '-78', '0.00', 'Rt', 'D000', '2015-07-24 07:20:42', NULL, '2001-01-30 17:00:00', NULL, '2001-01-30 17:00:00'),
(1035, 'C58070118', 68, '79.00', '10', '-49', '0.00', 'Rt', 'D000', '2015-07-24 07:20:42', NULL, '2001-01-30 17:00:00', NULL, '2001-01-30 17:00:00'),
(1036, 'C58070119', 1, '20.00', '1', '-19010', '0.00', 'Rt', 'D000', '2015-07-24 07:58:09', NULL, '2001-01-30 17:00:00', NULL, '2001-01-30 17:00:00'),
(1037, 'C58070119', 2, '25.00', '1', '-1758', '0.00', 'Rt', 'D000', '2015-07-24 07:58:09', NULL, '2001-01-30 17:00:00', NULL, '2001-01-30 17:00:00'),
(1038, 'C58070120', 2, '25.00', '1', '-1759', '0.00', 'Rt', 'D000', '2015-07-24 08:00:27', NULL, '2001-01-30 17:00:00', NULL, '2001-01-30 17:00:00'),
(1039, 'C58070121', 3, '30.00', '1', '-628', '0.00', 'Rt', 'D000', '2015-07-24 08:48:38', NULL, '2001-01-30 17:00:00', NULL, '2001-01-30 17:00:00'),
(1040, 'C58070122', 2, '25.00', '1', '-1760', '0.00', 'Rt', 'D000', '2015-07-24 09:05:37', NULL, '2001-01-30 17:00:00', NULL, '2001-01-30 17:00:00'),
(1041, 'C58070123', 2, '25.00', '1', '-1761', '0.00', 'Rt', 'D000', '2015-07-24 09:19:56', NULL, '2001-01-30 17:00:00', NULL, '2001-01-30 17:00:00'),
(1042, 'C58070124', 3, '30.00', '1', '-629', '0.00', 'Rt', 'D000', '2015-07-24 09:24:09', NULL, '2001-01-30 17:00:00', NULL, '2001-01-30 17:00:00'),
(1043, 'C58070125', 90, '79.00', '1', '-45', '0.00', 'Rt', 'D000', '2015-07-24 09:31:19', NULL, '2001-01-30 17:00:00', NULL, '2001-01-30 17:00:00'),
(1044, 'C58070126', 4, '30.00', '1', '-1150', '0.00', 'Rt', 'D000', '2015-07-24 09:35:45', NULL, '2001-01-30 17:00:00', NULL, '2001-01-30 17:00:00'),
(1045, 'C58070127', 3, '30.00', '1', '-630', '0.00', 'Rt', 'D000', '2015-07-24 09:39:06', NULL, '2001-01-30 17:00:00', NULL, '2001-01-30 17:00:00'),
(1046, 'C58070128', 3, '30.00', '1', '-631', '0.00', 'Rt', 'D000', '2015-07-24 09:48:42', NULL, '2001-01-30 17:00:00', NULL, '2001-01-30 17:00:00'),
(1047, 'C58070129', 2, '25.00', '1', '-1762', '0.00', 'Rt', 'D000', '2015-07-24 17:22:53', NULL, '2001-01-30 17:00:00', NULL, '2001-01-30 17:00:00'),
(1048, 'C58070130', 5, '30.00', '1', '-462', '0.00', 'Rt', 'D000', '2015-07-24 17:28:22', NULL, '2001-01-30 17:00:00', NULL, '2001-01-30 17:00:00'),
(1049, 'C58070131', 1, '20.00', '1', '-19011', '0.00', 'Rt', 'D000', '2015-07-24 17:42:57', NULL, '2001-01-30 17:00:00', NULL, '2001-01-30 17:00:00'),
(1050, 'C58070132', 1, '20.00', '1', '-19012', '0.00', 'Rt', 'D000', '2015-07-24 17:45:37', NULL, '2001-01-30 17:00:00', NULL, '2001-01-30 17:00:00'),
(1051, 'C58070133', 1, '20.00', '1', '-19013', '0.00', 'Rt', 'D000', '2015-07-24 17:49:48', NULL, '2001-01-30 17:00:00', NULL, '2001-01-30 17:00:00'),
(1052, 'C58070134', 3, '30.00', '1', '-632', '0.00', 'Rt', 'D000', '2015-07-24 18:02:52', NULL, '2001-01-30 17:00:00', NULL, '2001-01-30 17:00:00'),
(1053, 'C58070135', 5, '30.00', '1', '-463', '0.00', 'Rt', 'D000', '2015-07-24 18:10:22', NULL, '2001-01-30 17:00:00', NULL, '2001-01-30 17:00:00'),
(1054, 'C58070136', 5, '30.00', '1', '-464', '0.00', 'Rt', 'D000', '2015-07-24 18:14:33', NULL, '2001-01-30 17:00:00', NULL, '2001-01-30 17:00:00'),
(1055, 'C58070137', 1, '20.00', '1', '-19014', '0.00', 'Rt', 'D000', '2015-07-24 18:21:08', NULL, '2001-01-30 17:00:00', NULL, '2001-01-30 17:00:00'),
(1056, 'C58070138', 118, '39.00', '1', '-435', '0.00', 'Rt', 'D000', '2015-07-24 18:33:07', NULL, '2001-01-30 17:00:00', NULL, '2001-01-30 17:00:00'),
(1057, 'C58070139', 1, '20.00', '1', '-19015', '0.00', 'Rt', 'D000', '2015-07-24 18:44:50', NULL, '2001-01-30 17:00:00', NULL, '2001-01-30 17:00:00'),
(1058, 'C58070140', 118, '39.00', '1', '-436', '0.00', 'Rt', 'D000', '2015-07-25 08:01:48', NULL, '2001-01-30 17:00:00', NULL, '2001-01-30 17:00:00'),
(1059, 'C58070141', 5, '30.00', '1', '-465', '0.00', 'Rt', 'D000', '2015-07-25 08:06:30', NULL, '2001-01-30 17:00:00', NULL, '2001-01-30 17:00:00'),
(1060, 'C58070142', 1, '20.00', '1', '-19016', '0.00', 'Rt', 'D000', '2015-07-25 08:11:46', NULL, '2001-01-30 17:00:00', NULL, '2001-01-30 17:00:00'),
(1061, 'C58070143', 2, '25.00', '1', '-1763', '0.00', 'Rt', 'D000', '2015-07-25 08:15:02', NULL, '2001-01-30 17:00:00', NULL, '2001-01-30 17:00:00'),
(1062, 'C58070144', 1, '20.00', '1', '-19017', '0.00', 'Rt', 'D000', '2015-07-25 08:15:31', NULL, '2001-01-30 17:00:00', NULL, '2001-01-30 17:00:00'),
(1063, 'C58070145', 5, '30.00', '1', '-466', '0.00', 'Rt', 'D000', '2015-07-25 08:16:39', NULL, '2001-01-30 17:00:00', NULL, '2001-01-30 17:00:00'),
(1064, 'C58070146', 1, '20.00', '1', '-19018', '0.00', 'Rt', 'D000', '2015-07-25 08:22:11', NULL, '2001-01-30 17:00:00', NULL, '2001-01-30 17:00:00'),
(1065, 'C58070147', 3, '30.00', '1', '-633', '0.00', 'Rt', 'D000', '2015-07-25 08:37:11', NULL, '2001-01-30 17:00:00', NULL, '2001-01-30 17:00:00'),
(1066, 'C58070148', 1, '20.00', '1', '-19019', '0.00', 'Rt', 'D000', '2015-07-25 08:44:15', NULL, '2001-01-30 17:00:00', NULL, '2001-01-30 17:00:00'),
(1067, 'C58070149', 5, '30.00', '1', '-467', '0.00', 'Rt', 'D000', '2015-07-25 08:48:12', NULL, '2001-01-30 17:00:00', NULL, '2001-01-30 17:00:00'),
(1068, 'C58070150', 1, '20.00', '1', '-19020', '0.00', 'Rt', 'D000', '2015-07-25 08:53:36', NULL, '2001-01-30 17:00:00', NULL, '2001-01-30 17:00:00'),
(1069, 'C58070151', 1, '20.00', '1', '-19021', '0.00', 'Rt', 'D000', '2015-07-25 08:54:38', NULL, '2001-01-30 17:00:00', NULL, '2001-01-30 17:00:00'),
(1070, 'C58070152', 1, '20.00', '1', '-19022', '0.00', 'Rt', 'D000', '2015-07-25 08:54:58', NULL, '2001-01-30 17:00:00', NULL, '2001-01-30 17:00:00'),
(1071, 'C58070153', 1, '20.00', '1', '-19023', '0.00', 'Rt', 'D000', '2015-07-25 09:46:08', NULL, '2001-01-30 17:00:00', NULL, '2001-01-30 17:00:00'),
(1072, 'C58070154', 1, '20.00', '1', '-19024', '0.00', 'Rt', 'D000', '2015-07-25 10:02:32', NULL, '2001-01-30 17:00:00', NULL, '2001-01-30 17:00:00'),
(1073, 'C58070155', 1, '20.00', '1', '-19025', '0.00', 'Rt', 'D000', '2015-07-25 10:10:26', NULL, '2001-01-30 17:00:00', NULL, '2001-01-30 17:00:00'),
(1074, 'C58070156', 1, '20.00', '1', '-19026', '0.00', 'Rt', 'D000', '2015-07-25 10:15:49', NULL, '2001-01-30 17:00:00', NULL, '2001-01-30 17:00:00'),
(1075, 'C58070157', 1, '20.00', '1', '-19027', '0.00', 'Rt', 'D000', '2015-07-25 10:17:28', NULL, '2001-01-30 17:00:00', NULL, '2001-01-30 17:00:00'),
(1076, 'C58070158', 1, '20.00', '1', '-19028', '0.00', 'Rt', 'D000', '2015-07-25 10:18:53', NULL, '2001-01-30 17:00:00', NULL, '2001-01-30 17:00:00'),
(1077, 'C58070159', 1, '20.00', '1', '-19029', '0.00', 'Rt', 'D000', '2015-07-25 10:21:09', NULL, '2001-01-30 17:00:00', NULL, '2001-01-30 17:00:00'),
(1078, 'C58070160', 1, '20.00', '1', '-19030', '0.00', 'Rt', 'D000', '2015-07-25 11:30:43', NULL, '2001-01-30 17:00:00', NULL, '2001-01-30 17:00:00'),
(1079, 'C58070161', 1, '20.00', '1', '-19031', '0.00', 'Rt', 'D000', '2015-07-25 12:35:03', NULL, '2001-01-30 17:00:00', NULL, '2001-01-30 17:00:00'),
(1080, 'C58070162', 66, '69.00', '1', '-79', '0.00', 'Rt', 'D000', '2015-07-25 13:07:42', NULL, '2001-01-30 17:00:00', NULL, '2001-01-30 17:00:00'),
(1081, 'C58070163', 77, '79.00', '1', '-126', '0.00', 'Rt', 'D000', '2015-07-25 13:08:16', NULL, '2001-01-30 17:00:00', NULL, '2001-01-30 17:00:00'),
(1082, 'C58070163', 82, '129.00', '2', '-25', '0.00', 'Rt', 'D000', '2015-07-25 13:08:16', NULL, '2001-01-30 17:00:00', NULL, '2001-01-30 17:00:00'),
(1083, 'C58070164', 2, '25.00', '1', '-1764', '0.00', 'Rt', 'D000', '2015-07-25 13:15:52', NULL, '2001-01-30 17:00:00', NULL, '2001-01-30 17:00:00'),
(1084, 'C58070165', 1, '20.00', '1', '-19032', '0.00', 'Rt', 'D000', '2015-07-25 14:21:50', NULL, '2001-01-30 17:00:00', NULL, '2001-01-30 17:00:00'),
(1085, 'C58070166', 1, '20.00', '1', '-19033', '0.00', 'Rt', 'D000', '2015-07-25 14:24:08', NULL, '2001-01-30 17:00:00', NULL, '2001-01-30 17:00:00'),
(1086, 'C58070167', 1, '20.00', '1', '-19034', '0.00', 'Rt', 'D000', '2015-07-25 14:34:44', NULL, '2001-01-30 17:00:00', NULL, '2001-01-30 17:00:00'),
(1087, 'C58070168', 1, '20.00', '1', '-19035', '0.00', 'Rt', 'D000', '2015-07-25 14:35:54', NULL, '2001-01-30 17:00:00', NULL, '2001-01-30 17:00:00'),
(1088, 'C58070169', 1, '20.00', '1', '-19036', '0.00', 'Rt', 'D000', '2015-07-25 15:09:38', NULL, '2001-01-30 17:00:00', NULL, '2001-01-30 17:00:00'),
(1089, 'C58070170', 1, '20.00', '1', '-19037', '0.00', 'Rt', 'D000', '2015-07-25 15:38:00', NULL, '2001-01-30 17:00:00', NULL, '2001-01-30 17:00:00'),
(1090, 'C58070171', 1, '20.00', '1', '-19038', '0.00', 'Rt', 'D000', '2015-07-25 16:01:08', NULL, '2001-01-30 17:00:00', NULL, '2001-01-30 17:00:00'),
(1091, 'C58070172', 118, '39.00', '1', '-437', '0.00', 'Rt', 'D000', '2015-07-25 16:04:06', NULL, '2001-01-30 17:00:00', NULL, '2001-01-30 17:00:00'),
(1092, 'C58070173', 66, '69.00', '1', '-80', '0.00', 'Rt', 'D000', '2015-07-25 17:05:44', NULL, '2001-01-30 17:00:00', NULL, '2001-01-30 17:00:00'),
(1093, 'C58070174', 77, '79.00', '1', '-127', '0.00', 'Rt', 'D000', '2015-07-25 17:10:15', NULL, '2001-01-30 17:00:00', NULL, '2001-01-30 17:00:00'),
(1094, 'C58070175', 2, '25.00', '1', '-1765', '0.00', 'Rt', 'D000', '2015-07-26 00:35:44', NULL, '2001-01-30 17:00:00', NULL, '2001-01-30 17:00:00'),
(1095, 'C58070176', 5, '30.00', '1', '-468', '0.00', 'Rt', 'D000', '2015-07-26 00:46:20', NULL, '2001-01-30 17:00:00', NULL, '2001-01-30 17:00:00'),
(1096, 'C58070177', 1, '20.00', '1', '-19039', '0.00', 'Rt', 'D000', '2015-07-26 00:49:20', NULL, '2001-01-30 17:00:00', NULL, '2001-01-30 17:00:00'),
(1097, 'C58070178', 1, '20.00', '1', '-19040', '0.00', 'Rt', 'D000', '2015-07-26 00:55:16', NULL, '2001-01-30 17:00:00', NULL, '2001-01-30 17:00:00'),
(1098, 'C58070179', 1, '20.00', '1', '-19041', '0.00', 'Rt', 'D000', '2015-07-26 01:22:23', NULL, '2001-01-30 17:00:00', NULL, '2001-01-30 17:00:00'),
(1099, 'C58070180', 1, '20.00', '1', '-19042', '0.00', 'Rt', 'D000', '2015-07-26 01:22:38', NULL, '2001-01-30 17:00:00', NULL, '2001-01-30 17:00:00'),
(1100, 'C58070181', 1, '20.00', '1', '-19043', '0.00', 'Rt', 'D000', '2015-07-26 01:25:16', NULL, '2001-01-30 17:00:00', NULL, '2001-01-30 17:00:00'),
(1101, 'C58070182', 2, '25.00', '1', '-1766', '0.00', 'Rt', 'D000', '2015-07-26 02:18:16', NULL, '2001-01-30 17:00:00', NULL, '2001-01-30 17:00:00'),
(1102, 'C58070183', 1, '20.00', '1', '-19044', '0.00', 'Rt', 'D000', '2015-07-26 06:59:25', NULL, '2001-01-30 17:00:00', NULL, '2001-01-30 17:00:00'),
(1103, 'C58070184', 2, '25.00', '2', '-1768', '0.00', 'Rt', 'D000', '2015-07-26 07:01:20', NULL, '2001-01-30 17:00:00', NULL, '2001-01-30 17:00:00'),
(1104, 'C58070185', 1, '20.00', '1', '-19045', '0.00', 'Rt', 'D000', '2015-07-26 07:07:09', NULL, '2001-01-30 17:00:00', NULL, '2001-01-30 17:00:00'),
(1105, 'C58070186', 1, '20.00', '1', '-19046', '0.00', 'Rt', 'D000', '2015-07-26 07:14:19', NULL, '2001-01-30 17:00:00', NULL, '2001-01-30 17:00:00'),
(1106, 'C58070187', 1, '20.00', '1', '-19047', '0.00', 'Rt', 'D000', '2015-07-27 05:45:10', NULL, '2001-01-30 17:00:00', NULL, '2001-01-30 17:00:00'),
(1107, 'C58070188', 1, '20.00', '1', '-19048', '0.00', 'Rt', 'D000', '2015-07-27 05:49:26', NULL, '2001-01-30 17:00:00', NULL, '2001-01-30 17:00:00'),
(1108, 'C58070189', 1, '20.00', '1', '-19049', '0.00', 'Rt', 'D000', '2015-07-31 05:55:50', NULL, '2001-01-30 17:00:00', NULL, '2001-01-30 17:00:00'),
(1109, 'C58070190', 1, '20.00', '1', '-19050', '0.00', 'Rt', 'D000', '2015-07-31 10:59:41', NULL, '2001-01-30 17:00:00', NULL, '2001-01-30 17:00:00'),
(1110, 'C58070191', 1, '20.00', '1', '-19051', '0.00', 'Rt', 'D000', '2015-07-31 14:05:12', NULL, '2001-01-30 17:00:00', NULL, '2001-01-30 17:00:00'),
(1111, 'C58070192', 3, '30.00', '1', '-634', '0.00', 'Rt', 'D000', '2015-07-31 14:09:01', NULL, '2001-01-30 17:00:00', NULL, '2001-01-30 17:00:00'),
(1112, 'C58070192', 118, '39.00', '1', '-438', '0.00', 'Rt', 'D000', '2015-07-31 14:09:01', NULL, '2001-01-30 17:00:00', NULL, '2001-01-30 17:00:00'),
(1113, 'C58070193', 1, '20.00', '1', '-19052', '0.00', 'Rt', 'D000', '2015-07-31 14:15:35', NULL, '2001-01-30 17:00:00', NULL, '2001-01-30 17:00:00'),
(1114, 'C58070194', 5, '30.00', '1', '-469', '0.00', 'Rt', 'D000', '2015-07-31 14:19:28', NULL, '2001-01-30 17:00:00', NULL, '2001-01-30 17:00:00'),
(1115, 'C58070194', 70, '69.00', '1', '-367', '0.00', 'Rt', 'D000', '2015-07-31 14:19:28', NULL, '2001-01-30 17:00:00', NULL, '2001-01-30 17:00:00'),
(1116, 'C58070195', 58, '59.00', '1', '-225', '0.00', 'Rt', 'D000', '2015-07-31 14:21:40', NULL, '2001-01-30 17:00:00', NULL, '2001-01-30 17:00:00'),
(1117, 'C58070195', 63, '69.00', '1', '-92', '0.00', 'Rt', 'D000', '2015-07-31 14:21:40', NULL, '2001-01-30 17:00:00', NULL, '2001-01-30 17:00:00'),
(1118, 'C58070196', 57, '59.00', '1', '-146', '0.00', 'Rt', 'D000', '2015-07-31 14:41:07', NULL, '2001-01-30 17:00:00', NULL, '2001-01-30 17:00:00'),
(1119, 'C58070197', 1, '20.00', '1', '-19053', '0.00', 'Rt', 'D000', '2015-07-28 09:07:36', NULL, '2001-01-30 17:00:00', NULL, '2001-01-30 17:00:00'),
(1120, 'C58070198', 1, '20.00', '1', '-19054', '0.00', 'Rt', 'D000', '2015-07-29 09:45:03', NULL, '2001-01-30 17:00:00', NULL, '2001-01-30 17:00:00'),
(1121, 'C58070199', 1, '20.00', '1', '-19055', '0.00', 'Rt', 'D000', '2015-07-29 09:45:44', NULL, '2001-01-30 17:00:00', NULL, '2001-01-30 17:00:00'),
(1122, 'C58070200', 1, '20.00', '1', '-19056', '0.00', 'Rt', 'D000', '2015-07-29 10:07:44', NULL, '2001-01-30 17:00:00', NULL, '2001-01-30 17:00:00'),
(1123, 'C58070201', 1, '20.00', '1', '-19057', '0.00', 'Rt', 'D000', '2015-07-29 15:46:47', NULL, '2001-01-30 17:00:00', NULL, '2001-01-30 17:00:00'),
(1124, 'C58070202', 5, '30.00', '1', '-470', '0.00', 'Rt', 'D000', '2015-07-29 16:20:33', NULL, '2001-01-30 17:00:00', NULL, '2001-01-30 17:00:00'),
(1125, 'C58070202', 2, '25.00', '1', '-1769', '0.00', 'Rt', 'D000', '2015-07-29 16:20:33', NULL, '2001-01-30 17:00:00', NULL, '2001-01-30 17:00:00'),
(1126, 'C58070203', 1, '20.00', '1', '-19058', '0.00', 'Rt', 'D000', '2015-07-29 16:48:56', NULL, '2001-01-30 17:00:00', NULL, '2001-01-30 17:00:00'),
(1127, 'C58070204', 2, '25.00', '1', '-1770', '0.00', 'Rt', 'D000', '2015-07-29 16:50:16', NULL, '2001-01-30 17:00:00', NULL, '2001-01-30 17:00:00'),
(1128, 'C58070205', 1, '20.00', '1', '-19059', '0.00', 'Rt', 'D000', '2015-07-29 17:04:29', NULL, '2001-01-30 17:00:00', NULL, '2001-01-30 17:00:00'),
(1129, 'C58070206', 1, '20.00', '1', '-19060', '0.00', 'Rt', 'D000', '2015-07-29 17:10:09', NULL, '2001-01-30 17:00:00', NULL, '2001-01-30 17:00:00'),
(1130, 'C58070207', 1, '20.00', '1', '-19061', '0.00', 'Rt', 'D000', '2015-07-29 17:12:37', NULL, '2001-01-30 17:00:00', NULL, '2001-01-30 17:00:00'),
(1131, 'C58070208', 5, '30.00', '9', '-479', '0.00', 'Rt', 'D000', '2015-07-29 17:25:37', NULL, '2001-01-30 17:00:00', NULL, '2001-01-30 17:00:00'),
(1132, 'C58070209', 1, '20.00', '1', '-19062', '0.00', 'Rt', 'D000', '2015-07-29 17:41:07', NULL, '2001-01-30 17:00:00', NULL, '2001-01-30 17:00:00'),
(1133, 'C58070210', 110, '599.00', '1', '-5', '0.00', 'Rt', 'D000', '2015-07-30 03:29:08', NULL, '2001-01-30 17:00:00', NULL, '2001-01-30 17:00:00'),
(1134, 'C58070211', 2, '25.00', '1', '-1771', '0.00', 'Rt', 'D000', '2015-07-30 03:32:32', NULL, '2001-01-30 17:00:00', NULL, '2001-01-30 17:00:00'),
(1135, 'C58070212', 118, '39.00', '1', '0', '0.00', 'Rt', 'D000', '2015-07-30 03:56:59', NULL, '2001-01-30 17:00:00', NULL, '2001-01-30 17:00:00'),
(1136, 'C58070212', 2, '25.00', '1', '0', '0.00', 'Rt', 'D000', '2015-07-30 03:56:59', NULL, '2001-01-30 17:00:00', NULL, '2001-01-30 17:00:00'),
(1137, 'C58070213', 83, '55.00', '1', '-41', '0.00', 'Rt', 'D000', '2015-07-30 08:04:20', NULL, '2001-01-30 17:00:00', NULL, '2001-01-30 17:00:00'),
(1138, 'C58070213', 67, '79.00', '1', '-45', '0.00', 'Rt', 'D000', '2015-07-30 08:04:20', NULL, '2001-01-30 17:00:00', NULL, '2001-01-30 17:00:00'),
(1139, 'C58080001', 2, '25.00', '2', '-1773', '0.00', 'Rt', 'D000', '2015-08-11 07:18:23', NULL, '2001-01-30 17:00:00', NULL, '2001-01-30 17:00:00'),
(1140, 'C58080001', 57, '59.00', '1', '-147', '0.00', 'Rt', 'D000', '2015-08-11 07:18:23', NULL, '2001-01-30 17:00:00', NULL, '2001-01-30 17:00:00'),
(1141, 'C58080001', 58, '59.00', '1', '-226', '0.00', 'Rt', 'D000', '2015-08-11 07:18:23', NULL, '2001-01-30 17:00:00', NULL, '2001-01-30 17:00:00'),
(1142, 'C58080002', 1, '20.00', '1', '-19063', '0.00', 'Rt', 'D000', '2015-08-11 10:20:47', NULL, '2001-01-30 17:00:00', NULL, '2001-01-30 17:00:00'),
(1143, 'C58080003', 1, '20.00', '1', '0', '0.00', 'Rt', 'D000', '2015-08-12 05:17:45', NULL, '2001-01-30 17:00:00', NULL, '2001-01-30 17:00:00'),
(1144, 'C58080004', 2, '25.00', '1', '-1774', '0.00', 'Rt', 'D000', '2015-08-12 05:18:05', NULL, '2001-01-30 17:00:00', NULL, '2001-01-30 17:00:00'),
(1145, 'C58080004', 118, '39.00', '1', '-439', '0.00', 'Rt', 'D000', '2015-08-12 05:18:05', NULL, '2001-01-30 17:00:00', NULL, '2001-01-30 17:00:00'),
(1146, 'C58080004', 5, '30.00', '1', '-480', '0.00', 'Rt', 'D000', '2015-08-12 05:18:05', NULL, '2001-01-30 17:00:00', NULL, '2001-01-30 17:00:00'),
(1147, 'C58080004', 1, '20.00', '1', '-19064', '0.00', 'Rt', 'D000', '2015-08-12 05:18:05', NULL, '2001-01-30 17:00:00', NULL, '2001-01-30 17:00:00'),
(1148, 'C58080005', 118, '39.00', '1', '-440', '0.00', 'Rt', 'D000', '2015-08-12 05:19:56', NULL, '2001-01-30 17:00:00', NULL, '2001-01-30 17:00:00'),
(1149, 'C58080005', 2, '25.00', '1', '-1775', '0.00', 'Rt', 'D000', '2015-08-12 05:19:56', NULL, '2001-01-30 17:00:00', NULL, '2001-01-30 17:00:00'),
(1150, 'C58080005', 3, '30.00', '1', '-635', '0.00', 'Rt', 'D000', '2015-08-12 05:19:56', NULL, '2001-01-30 17:00:00', NULL, '2001-01-30 17:00:00'),
(1151, 'C58080006', 1, '20.00', '1', '-19065', '0.00', 'Rt', 'D000', '2015-08-12 11:20:10', NULL, '2001-01-30 17:00:00', NULL, '2001-01-30 17:00:00'),
(1152, 'C58080007', 1, '20.00', '1', '-19066', '0.00', 'Rt', 'D000', '2015-08-12 11:21:58', NULL, '2001-01-30 17:00:00', NULL, '2001-01-30 17:00:00'),
(1153, 'C58080007', 2, '25.00', '1', '-1776', '0.00', 'Rt', 'D000', '2015-08-12 11:21:58', NULL, '2001-01-30 17:00:00', NULL, '2001-01-30 17:00:00'),
(1154, 'C58080007', 118, '39.00', '1', '-441', '0.00', 'Rt', 'D000', '2015-08-12 11:21:58', NULL, '2001-01-30 17:00:00', NULL, '2001-01-30 17:00:00'),
(1155, 'C58080008', 1, '20.00', '1', '-19067', '0.00', 'Rt', 'D000', '2015-08-12 11:24:07', NULL, '2001-01-30 17:00:00', NULL, '2001-01-30 17:00:00'),
(1156, 'C58080008', 2, '25.00', '1', '-1777', '0.00', 'Rt', 'D000', '2015-08-12 11:24:07', NULL, '2001-01-30 17:00:00', NULL, '2001-01-30 17:00:00'),
(1157, 'C58080009', 1, '20.00', '1', '-19068', '0.00', 'Rt', 'D000', '2015-08-12 11:25:32', NULL, '2001-01-30 17:00:00', NULL, '2001-01-30 17:00:00'),
(1158, 'C58080009', 5, '30.00', '1', '-481', '0.00', 'Rt', 'D000', '2015-08-12 11:25:32', NULL, '2001-01-30 17:00:00', NULL, '2001-01-30 17:00:00'),
(1159, 'C58080009', 118, '39.00', '1', '-442', '0.00', 'Rt', 'D000', '2015-08-12 11:25:32', NULL, '2001-01-30 17:00:00', NULL, '2001-01-30 17:00:00'),
(1160, 'C58080010', 1, '20.00', '1', '-19069', '0.00', 'Rt', 'D000', '2015-08-12 11:32:08', NULL, '2001-01-30 17:00:00', NULL, '2001-01-30 17:00:00'),
(1161, 'C58080011', 5, '30.00', '1', '-482', '0.00', 'Rt', 'D000', '2015-08-12 13:38:33', NULL, '2001-01-30 17:00:00', NULL, '2001-01-30 17:00:00'),
(1162, 'C58080012', 2, '25.00', '1', '-1778', '0.00', 'Rt', 'D000', '2015-08-12 13:43:31', NULL, '2001-01-30 17:00:00', NULL, '2001-01-30 17:00:00'),
(1163, 'C58080013', 1, '20.00', '1', '-19070', '0.00', 'Rt', 'D000', '2015-08-12 13:52:58', NULL, '2001-01-30 17:00:00', NULL, '2001-01-30 17:00:00'),
(1164, 'C58080014', 1, '20.00', '1', '-19071', '0.00', 'Rt', 'D000', '2015-08-12 13:55:02', NULL, '2001-01-30 17:00:00', NULL, '2001-01-30 17:00:00'),
(1165, 'C58080015', 1, '20.00', '1', '-19072', '0.00', 'Rt', 'D000', '2015-08-12 15:26:52', NULL, '2001-01-30 17:00:00', NULL, '2001-01-30 17:00:00'),
(1166, 'C58080016', 1, '20.00', '1', '-19073', '0.00', 'Rt', 'D000', '2015-08-12 15:36:12', NULL, '2001-01-30 17:00:00', NULL, '2001-01-30 17:00:00'),
(1167, 'C58080017', 1, '20.00', '1', '-19074', '0.00', 'Rt', 'D000', '2015-08-12 15:38:36', NULL, '2001-01-30 17:00:00', NULL, '2001-01-30 17:00:00');
INSERT INTO `salelist` (`listIndex`, `saleNo`, `itemIndex`, `salePrice`, `saleQTY`, `stockQTY`, `saleDiscount`, `saleClass`, `CRE_USR`, `CRE_DTE`, `UPD_USR`, `UPD_DTE`, `DEL_USR`, `DEL_DTE`) VALUES
(1168, 'C58080018', 1, '20.00', '1', '-19075', '0.00', 'Rt', 'D000', '2015-08-12 15:53:31', NULL, '2001-01-30 17:00:00', NULL, '2001-01-30 17:00:00'),
(1169, 'C58080019', 1, '20.00', '1', '-19076', '0.00', 'Rt', 'D000', '2015-08-12 15:57:56', NULL, '2001-01-30 17:00:00', NULL, '2001-01-30 17:00:00'),
(1170, 'C58080020', 1, '20.00', '1', '-19077', '0.00', 'Rt', 'D000', '2015-08-12 15:59:12', NULL, '2001-01-30 17:00:00', NULL, '2001-01-30 17:00:00'),
(1171, 'C58080021', 1, '20.00', '1', '-19078', '0.00', 'Rt', 'D000', '2015-08-13 02:03:55', NULL, '2001-01-30 17:00:00', NULL, '2001-01-30 17:00:00'),
(1172, 'C58080022', 66, '69.00', '1', '-81', '0.00', 'Rt', 'D000', '2015-08-13 06:37:51', NULL, '2001-01-30 17:00:00', NULL, '2001-01-30 17:00:00'),
(1173, 'C58080023', 5, '30.00', '2', '-484', '0.00', 'Rt', 'D000', '2015-08-13 06:43:25', NULL, '2001-01-30 17:00:00', NULL, '2001-01-30 17:00:00'),
(1174, 'C58080024', 1, '20.00', '1', '-19079', '0.00', 'Rt', 'D000', '2015-08-13 06:45:23', NULL, '2001-01-30 17:00:00', NULL, '2001-01-30 17:00:00'),
(1175, 'C58080025', 2, '25.00', '1', '-1779', '0.00', 'Rt', 'D000', '2015-08-13 06:46:01', NULL, '2001-01-30 17:00:00', NULL, '2001-01-30 17:00:00'),
(1176, 'C58080026', 1, '20.00', '1', '-19080', '0.00', 'Rt', 'D000', '2015-08-13 06:53:46', NULL, '2001-01-30 17:00:00', NULL, '2001-01-30 17:00:00'),
(1177, 'C58080027', 54, '55.00', '1', '-25', '0.00', 'Rt', 'D000', '2015-08-13 06:57:59', NULL, '2001-01-30 17:00:00', NULL, '2001-01-30 17:00:00'),
(1178, 'C58080027', 55, '55.00', '1', '-8', '0.00', 'Rt', 'D000', '2015-08-13 06:57:59', NULL, '2001-01-30 17:00:00', NULL, '2001-01-30 17:00:00'),
(1179, 'C58080028', 1, '20.00', '1', '-19081', '0.00', 'Rt', 'D000', '2015-08-13 09:36:20', NULL, '2001-01-30 17:00:00', NULL, '2001-01-30 17:00:00'),
(1180, 'C58080029', 1, '20.00', '1', '-19082', '0.00', 'Rt', 'D000', '2015-08-13 10:33:02', NULL, '2001-01-30 17:00:00', NULL, '2001-01-30 17:00:00'),
(1181, 'C58080030', 1, '20.00', '1', '-19083', '0.00', 'Rt', 'D000', '2015-08-13 10:37:31', NULL, '2001-01-30 17:00:00', NULL, '2001-01-30 17:00:00'),
(1182, 'C58080031', 1, '20.00', '1', '-19084', '0.00', 'Rt', 'D000', '2015-08-13 10:40:16', NULL, '2001-01-30 17:00:00', NULL, '2001-01-30 17:00:00'),
(1183, 'C58080032', 1, '20.00', '1', '-19085', '0.00', 'Rt', 'D000', '2015-08-13 11:01:36', NULL, '2001-01-30 17:00:00', NULL, '2001-01-30 17:00:00'),
(1184, 'C58080033', 1, '20.00', '1', '-19086', '0.00', 'Rt', 'D000', '2015-08-13 11:04:53', NULL, '2001-01-30 17:00:00', NULL, '2001-01-30 17:00:00'),
(1185, 'C58080034', 1, '20.00', '1', '-19087', '0.00', 'Rt', 'D000', '2015-08-13 11:47:31', NULL, '2001-01-30 17:00:00', NULL, '2001-01-30 17:00:00'),
(1186, 'C58080035', 5, '30.00', '1', '-485', '0.00', 'Rt', 'D000', '2015-08-13 12:01:36', NULL, '2001-01-30 17:00:00', NULL, '2001-01-30 17:00:00'),
(1187, 'C58080036', 5, '30.00', '1', '-486', '0.00', 'Rt', 'D000', '2015-08-13 12:09:35', NULL, '2001-01-30 17:00:00', NULL, '2001-01-30 17:00:00'),
(1188, 'C58080037', 1, '20.00', '1', '-19088', '0.00', 'Rt', 'D000', '2015-08-13 12:16:46', NULL, '2001-01-30 17:00:00', NULL, '2001-01-30 17:00:00'),
(1189, 'C58080038', 1, '20.00', '1', '-19089', '0.00', 'Rt', 'D000', '2015-08-13 12:21:25', NULL, '2001-01-30 17:00:00', NULL, '2001-01-30 17:00:00'),
(1190, 'C58080039', 1, '20.00', '1', '-19090', '0.00', 'Rt', 'D000', '2015-08-13 12:24:01', NULL, '2001-01-30 17:00:00', NULL, '2001-01-30 17:00:00'),
(1191, 'C58080040', 1, '20.00', '1', '-19091', '0.00', 'Rt', 'D000', '2015-08-13 12:25:13', NULL, '2001-01-30 17:00:00', NULL, '2001-01-30 17:00:00'),
(1192, 'C58080041', 1, '20.00', '1', '-19092', '0.00', 'Rt', 'D000', '2015-08-13 12:28:16', NULL, '2001-01-30 17:00:00', NULL, '2001-01-30 17:00:00'),
(1193, 'C58080042', 5, '30.00', '1', '-487', '0.00', 'Rt', 'D000', '2015-08-13 12:31:44', NULL, '2001-01-30 17:00:00', NULL, '2001-01-30 17:00:00'),
(1194, 'C58080043', 3, '30.00', '1', '-636', '0.00', 'Rt', 'D000', '2015-08-13 12:33:26', NULL, '2001-01-30 17:00:00', NULL, '2001-01-30 17:00:00'),
(1195, 'C58080044', 1, '20.00', '1', '-19093', '0.00', 'Rt', 'D000', '2015-08-13 12:41:46', NULL, '2001-01-30 17:00:00', NULL, '2001-01-30 17:00:00'),
(1196, 'C58080045', 1, '20.00', '1', '-19094', '0.00', 'Rt', 'D000', '2015-08-13 12:48:30', NULL, '2001-01-30 17:00:00', NULL, '2001-01-30 17:00:00'),
(1197, 'C58080046', 1, '20.00', '1', '-19095', '0.00', 'Rt', 'D000', '2015-08-13 12:50:09', NULL, '2001-01-30 17:00:00', NULL, '2001-01-30 17:00:00'),
(1198, 'C58080047', 1, '20.00', '1', '-19096', '0.00', 'Rt', 'D000', '2015-08-13 12:52:24', NULL, '2001-01-30 17:00:00', NULL, '2001-01-30 17:00:00'),
(1199, 'C58080048', 5, '30.00', '1', '-488', '0.00', 'Rt', 'D000', '2015-08-13 12:55:08', NULL, '2001-01-30 17:00:00', NULL, '2001-01-30 17:00:00'),
(1200, 'C58080049', 2, '25.00', '1', '-1780', '0.00', 'Rt', 'D000', '2015-08-13 12:56:18', NULL, '2001-01-30 17:00:00', NULL, '2001-01-30 17:00:00'),
(1201, 'C58080050', 1, '20.00', '1', '-19097', '0.00', 'Rt', 'D000', '2015-08-13 14:08:26', NULL, '2001-01-30 17:00:00', NULL, '2001-01-30 17:00:00'),
(1202, 'C58080051', 2, '25.00', '1', '-1781', '0.00', 'Rt', 'D000', '2015-08-13 14:15:55', NULL, '2001-01-30 17:00:00', NULL, '2001-01-30 17:00:00'),
(1203, 'C58080052', 1, '20.00', '1', '-19098', '0.00', 'Rt', 'D000', '2015-08-13 18:53:32', NULL, '2001-01-30 17:00:00', NULL, '2001-01-30 17:00:00'),
(1204, 'C58080053', 5, '30.00', '1', '-489', '0.00', 'Rt', 'D000', '2015-08-14 02:20:51', NULL, '2001-01-30 17:00:00', NULL, '2001-01-30 17:00:00'),
(1205, 'C58080054', 1, '20.00', '1', '-19099', '0.00', 'Rt', 'D000', '2015-08-14 03:26:02', NULL, '2001-01-30 17:00:00', NULL, '2001-01-30 17:00:00'),
(1206, 'C58080054', 5, '30.00', '1', '-490', '0.00', 'Rt', 'D000', '2015-08-14 03:26:02', NULL, '2001-01-30 17:00:00', NULL, '2001-01-30 17:00:00'),
(1207, 'C58080054', 2, '25.00', '1', '-1782', '0.00', 'Rt', 'D000', '2015-08-14 03:26:02', NULL, '2001-01-30 17:00:00', NULL, '2001-01-30 17:00:00'),
(1208, 'C58080054', 156, '100.00', '1', '497', '0.00', 'Rt', 'D000', '2015-08-14 03:26:02', NULL, '2001-01-30 17:00:00', NULL, '2001-01-30 17:00:00'),
(1209, 'C58080055', 156, '100.00', '1', '496', '0.00', 'Rt', 'D000', '2015-08-14 03:27:42', NULL, '2001-01-30 17:00:00', NULL, '2001-01-30 17:00:00'),
(1210, 'C58080055', 10, '35.00', '1', '-244', '0.00', 'Rt', 'D000', '2015-08-14 03:27:42', NULL, '2001-01-30 17:00:00', NULL, '2001-01-30 17:00:00'),
(1211, 'C58080056', 57, '59.00', '1', '-148', '0.00', 'Rt', 'D000', '2015-08-14 03:31:32', NULL, '2001-01-30 17:00:00', NULL, '2001-01-30 17:00:00'),
(1212, 'C58080056', 156, '100.00', '1', '495', '0.00', 'Rt', 'D000', '2015-08-14 03:31:32', NULL, '2001-01-30 17:00:00', NULL, '2001-01-30 17:00:00'),
(1213, 'C58080057', 156, '100.00', '1', '494', '0.00', 'Rt', 'D000', '2015-08-14 03:33:04', NULL, '2001-01-30 17:00:00', NULL, '2001-01-30 17:00:00'),
(1214, 'C58080057', 157, '100.00', '1', '494', '0.00', 'Rt', 'D000', '2015-08-14 03:33:04', NULL, '2001-01-30 17:00:00', NULL, '2001-01-30 17:00:00'),
(1215, 'C58080058', 57, '59.00', '1', '-149', '0.00', 'Rt', 'D000', '2015-08-14 03:39:52', NULL, '2001-01-30 17:00:00', NULL, '2001-01-30 17:00:00'),
(1216, 'C58080058', 156, '100.00', '1', '493', '0.00', 'Rt', 'D000', '2015-08-14 03:39:52', NULL, '2001-01-30 17:00:00', NULL, '2001-01-30 17:00:00'),
(1217, 'C58080059', 113, '49.00', '1', '-5', '0.00', 'Rt', 'D000', '2015-08-14 03:42:35', NULL, '2001-01-30 17:00:00', NULL, '2001-01-30 17:00:00'),
(1218, 'C58080059', 156, '100.00', '1', '492', '0.00', 'Rt', 'D000', '2015-08-14 03:42:35', NULL, '2001-01-30 17:00:00', NULL, '2001-01-30 17:00:00'),
(1219, 'C58080060', 118, '39.00', '1', '-443', '0.00', 'Rt', 'D000', '2015-08-14 05:28:16', NULL, '2001-01-30 17:00:00', NULL, '2001-01-30 17:00:00'),
(1220, 'C58080061', 2, '25.00', '1', '-1783', '0.00', 'Rt', 'D000', '2015-08-14 06:34:13', NULL, '2001-01-30 17:00:00', NULL, '2001-01-30 17:00:00'),
(1221, 'C58080062', 118, '39.00', '1', '-444', '0.00', 'Rt', 'D000', '2015-08-14 07:31:13', NULL, '2001-01-30 17:00:00', NULL, '2001-01-30 17:00:00'),
(1222, 'C58080062', 2, '25.00', '1', '-1784', '0.00', 'Rt', 'D000', '2015-08-14 07:31:13', NULL, '2001-01-30 17:00:00', NULL, '2001-01-30 17:00:00'),
(1223, 'C58080062', 156, '100.00', '1', '491', '0.00', 'Rt', 'D000', '2015-08-14 07:31:13', NULL, '2001-01-30 17:00:00', NULL, '2001-01-30 17:00:00'),
(1224, 'C58080063', 2, '25.00', '1', '-1785', '0.00', 'Rt', 'D000', '2015-08-14 13:27:56', NULL, '2001-01-30 17:00:00', NULL, '2001-01-30 17:00:00'),
(1225, 'C58080063', 118, '39.00', '1', '-445', '0.00', 'Rt', 'D000', '2015-08-14 13:27:56', NULL, '2001-01-30 17:00:00', NULL, '2001-01-30 17:00:00'),
(1226, 'C58080064', 2, '25.00', '1', '-1786', '0.00', 'Rt', 'D000', '2015-08-14 13:33:59', NULL, '2001-01-30 17:00:00', NULL, '2001-01-30 17:00:00'),
(1227, 'C58080065', 156, '100.00', '1', '490', '0.00', 'Rt', 'D000', '2015-08-14 13:58:53', NULL, '2001-01-30 17:00:00', NULL, '2001-01-30 17:00:00'),
(1228, 'C58080065', 58, '59.00', '1', '-227', '0.00', 'Rt', 'D000', '2015-08-14 13:58:53', NULL, '2001-01-30 17:00:00', NULL, '2001-01-30 17:00:00'),
(1229, 'C58080066', 1, '20.00', '1', '-19100', '0.00', 'Rt', 'D000', '2015-08-17 11:26:56', NULL, '2001-01-30 17:00:00', NULL, '2001-01-30 17:00:00'),
(1230, 'C58080067', 66, '69.00', '1', '-82', '0.00', 'Rt', 'D000', '2015-08-17 11:28:01', NULL, '2001-01-30 17:00:00', NULL, '2001-01-30 17:00:00'),
(1231, 'C58080067', 66, '69.00', '2', '-84', '0.00', 'Rt', 'D000', '2015-08-17 11:28:01', NULL, '2001-01-30 17:00:00', NULL, '2001-01-30 17:00:00'),
(1232, 'C58080068', 66, '69.00', '1', '-85', '0.00', 'Rt', 'D000', '2015-08-17 11:28:47', NULL, '2001-01-30 17:00:00', NULL, '2001-01-30 17:00:00'),
(1233, 'C58080068', 65, '69.00', '1', '-89', '0.00', 'Rt', 'D000', '2015-08-17 11:28:47', NULL, '2001-01-30 17:00:00', NULL, '2001-01-30 17:00:00'),
(1234, 'C58080069', 5, '30.00', '1', '-491', '0.00', 'Rt', 'D000', '2015-08-17 11:30:18', NULL, '2001-01-30 17:00:00', NULL, '2001-01-30 17:00:00'),
(1235, 'C58080070', 5, '30.00', '1', '-492', '0.00', 'Rt', 'D000', '2015-08-18 13:11:57', NULL, '2001-01-30 17:00:00', NULL, '2001-01-30 17:00:00'),
(1236, 'C58080071', 1, '20.00', '3', '-19103', '0.00', 'Rt', 'D000', '2015-08-18 16:14:46', NULL, '2001-01-30 17:00:00', NULL, '2001-01-30 17:00:00'),
(1237, 'C58080072', 58, '59.00', '3', '-230', '0.00', 'Rt', 'D000', '2015-08-18 16:26:48', NULL, '2001-01-30 17:00:00', NULL, '2001-01-30 17:00:00'),
(1238, 'C58080073', 2, '25.00', '3', '-1789', '0.00', 'Rt', 'D000', '2015-08-18 16:29:21', NULL, '2001-01-30 17:00:00', NULL, '2001-01-30 17:00:00'),
(1239, 'C58080074', 58, '59.00', '1', '-231', '0.00', 'Rt', 'D000', '2015-08-18 23:59:26', NULL, '2001-01-30 17:00:00', NULL, '2001-01-30 17:00:00'),
(1240, 'C58080074', 54, '55.00', '1', '-26', '0.00', 'Rt', 'D000', '2015-08-18 23:59:26', NULL, '2001-01-30 17:00:00', NULL, '2001-01-30 17:00:00'),
(1241, 'C58080074', 156, '100.00', '1', '489', '0.00', 'Rt', 'D000', '2015-08-18 23:59:26', NULL, '2001-01-30 17:00:00', NULL, '2001-01-30 17:00:00'),
(1242, 'C58080075', 1, '20.00', '1', '-19104', '0.00', 'Rt', 'D000', '2015-08-19 12:07:38', NULL, '2001-01-30 17:00:00', NULL, '2001-01-30 17:00:00'),
(1243, 'C58080076', 78, '129.00', '1', '-45', '0.00', 'Rt', 'D000', '2015-08-23 03:45:01', NULL, '2001-01-30 17:00:00', NULL, '2001-01-30 17:00:00'),
(1244, 'C58080076', 82, '129.00', '1', '-26', '0.00', 'Rt', 'D000', '2015-08-23 03:45:01', NULL, '2001-01-30 17:00:00', NULL, '2001-01-30 17:00:00'),
(1245, 'C58080077', 65, '69.00', '1', '-90', '0.00', 'Rt', 'D000', '2015-08-24 10:46:48', NULL, '2001-01-30 17:00:00', NULL, '2001-01-30 17:00:00'),
(1246, 'C58080077', 62, '69.00', '1', '-68', '0.00', 'Rt', 'D000', '2015-08-24 10:46:48', NULL, '2001-01-30 17:00:00', NULL, '2001-01-30 17:00:00'),
(1247, 'C58080078', 76, '85.00', '1', '-234', '0.00', 'Rt', 'D000', '2015-08-24 11:56:11', NULL, '2001-01-30 17:00:00', NULL, '2001-01-30 17:00:00'),
(1248, 'C58080078', 62, '69.00', '1', '-69', '0.00', 'Rt', 'D000', '2015-08-24 11:56:11', NULL, '2001-01-30 17:00:00', NULL, '2001-01-30 17:00:00'),
(1249, 'C58080079', 2, '25.00', '1', '-1790', '0.00', 'Rt', 'D000', '2015-08-24 12:21:50', NULL, '2001-01-30 17:00:00', NULL, '2001-01-30 17:00:00'),
(1250, 'C58080079', 118, '39.00', '1', '-446', '0.00', 'Rt', 'D000', '2015-08-24 12:21:50', NULL, '2001-01-30 17:00:00', NULL, '2001-01-30 17:00:00'),
(1251, 'C58080080', 5, '30.00', '1', '-493', '0.00', 'Rt', 'D000', '2015-08-24 12:32:24', NULL, '2001-01-30 17:00:00', NULL, '2001-01-30 17:00:00'),
(1252, 'C58080080', 3, '30.00', '1', '-637', '0.00', 'Rt', 'D000', '2015-08-24 12:32:24', NULL, '2001-01-30 17:00:00', NULL, '2001-01-30 17:00:00'),
(1253, 'C58080081', 1, '20.00', '1', '-19105', '0.00', 'Rt', 'D000', '2015-08-24 12:34:25', NULL, '2001-01-30 17:00:00', NULL, '2001-01-30 17:00:00'),
(1254, 'C58080081', 5, '30.00', '1', '-494', '0.00', 'Rt', 'D000', '2015-08-24 12:34:25', NULL, '2001-01-30 17:00:00', NULL, '2001-01-30 17:00:00'),
(1255, 'C58080082', 1, '20.00', '1', '-19106', '0.00', 'Rt', 'D000', '2015-08-24 12:34:48', NULL, '2001-01-30 17:00:00', NULL, '2001-01-30 17:00:00'),
(1256, 'C58080082', 118, '39.00', '1', '-447', '0.00', 'Rt', 'D000', '2015-08-24 12:34:48', NULL, '2001-01-30 17:00:00', NULL, '2001-01-30 17:00:00'),
(1257, 'C58080083', 1, '20.00', '1', '-19107', '0.00', 'Rt', 'D000', '2015-08-24 12:44:04', NULL, '2001-01-30 17:00:00', NULL, '2001-01-30 17:00:00'),
(1258, 'C58080083', 118, '39.00', '1', '-448', '0.00', 'Rt', 'D000', '2015-08-24 12:44:04', NULL, '2001-01-30 17:00:00', NULL, '2001-01-30 17:00:00'),
(1259, 'C58080083', 5, '30.00', '1', '-495', '0.00', 'Rt', 'D000', '2015-08-24 12:44:04', NULL, '2001-01-30 17:00:00', NULL, '2001-01-30 17:00:00'),
(1260, 'C58080084', 5, '30.00', '1', '-496', '0.00', 'Rt', 'D000', '2015-08-24 12:50:36', NULL, '2001-01-30 17:00:00', NULL, '2001-01-30 17:00:00'),
(1261, 'C58080084', 118, '39.00', '1', '-449', '0.00', 'Rt', 'D000', '2015-08-24 12:50:36', NULL, '2001-01-30 17:00:00', NULL, '2001-01-30 17:00:00'),
(1262, 'C58080084', 2, '25.00', '1', '-1791', '0.00', 'Rt', 'D000', '2015-08-24 12:50:36', NULL, '2001-01-30 17:00:00', NULL, '2001-01-30 17:00:00'),
(1263, 'C58080085', 1, '20.00', '1', '-19108', '0.00', 'Rt', 'D000', '2015-08-24 12:51:04', NULL, '2001-01-30 17:00:00', NULL, '2001-01-30 17:00:00'),
(1264, 'C58080085', 118, '39.00', '1', '-450', '0.00', 'Rt', 'D000', '2015-08-24 12:51:04', NULL, '2001-01-30 17:00:00', NULL, '2001-01-30 17:00:00'),
(1265, 'C58080085', 5, '30.00', '1', '-497', '0.00', 'Rt', 'D000', '2015-08-24 12:51:04', NULL, '2001-01-30 17:00:00', NULL, '2001-01-30 17:00:00'),
(1266, 'C58080086', 5, '30.00', '1', '-498', '0.00', 'Rt', 'D000', '2015-08-24 14:31:43', NULL, '2001-01-30 17:00:00', NULL, '2001-01-30 17:00:00'),
(1267, 'C58080086', 118, '39.00', '1', '-451', '0.00', 'Rt', 'D000', '2015-08-24 14:31:43', NULL, '2001-01-30 17:00:00', NULL, '2001-01-30 17:00:00'),
(1268, 'C58080087', 1, '20.00', '1', '-19109', '0.00', 'Rt', 'D000', '2015-08-24 14:42:05', NULL, '2001-01-30 17:00:00', NULL, '2001-01-30 17:00:00'),
(1269, 'C58080087', 118, '39.00', '1', '-452', '0.00', 'Rt', 'D000', '2015-08-24 14:42:05', NULL, '2001-01-30 17:00:00', NULL, '2001-01-30 17:00:00'),
(1270, 'C58080088', 1, '20.00', '1', '-19110', '0.00', 'Rt', 'D000', '2015-08-24 14:44:03', NULL, '2001-01-30 17:00:00', NULL, '2001-01-30 17:00:00'),
(1271, 'C58080088', 118, '39.00', '1', '-453', '0.00', 'Rt', 'D000', '2015-08-24 14:44:03', NULL, '2001-01-30 17:00:00', NULL, '2001-01-30 17:00:00'),
(1272, 'C58080089', 118, '39.00', '1', '-454', '0.00', 'Rt', 'D000', '2015-08-24 14:55:41', NULL, '2001-01-30 17:00:00', NULL, '2001-01-30 17:00:00'),
(1273, 'C58080090', 1, '20.00', '1', '-19111', '0.00', 'Rt', 'D000', '2015-08-24 16:40:22', NULL, '2001-01-30 17:00:00', NULL, '2001-01-30 17:00:00'),
(1274, 'C58080090', 5, '30.00', '1', '-499', '0.00', 'Rt', 'D000', '2015-08-24 16:40:22', NULL, '2001-01-30 17:00:00', NULL, '2001-01-30 17:00:00'),
(1275, 'C58080090', 118, '39.00', '1', '-455', '0.00', 'Rt', 'D000', '2015-08-24 16:40:22', NULL, '2001-01-30 17:00:00', NULL, '2001-01-30 17:00:00'),
(1276, 'C58080091', 1, '20.00', '1', '-19112', '0.00', 'Rt', 'D000', '2015-08-24 16:41:48', NULL, '2001-01-30 17:00:00', NULL, '2001-01-30 17:00:00'),
(1277, 'C58080091', 61, '59.00', '1', '-174', '0.00', 'Rt', 'D000', '2015-08-24 16:41:48', NULL, '2001-01-30 17:00:00', NULL, '2001-01-30 17:00:00'),
(1278, 'C58080092', 5, '30.00', '1', '-500', '0.00', 'Rt', 'D000', '2015-08-24 16:43:10', NULL, '2001-01-30 17:00:00', NULL, '2001-01-30 17:00:00'),
(1279, 'C58080092', 57, '59.00', '1', '-150', '0.00', 'Rt', 'D000', '2015-08-24 16:43:10', NULL, '2001-01-30 17:00:00', NULL, '2001-01-30 17:00:00'),
(1280, 'C58080093', 1, '20.00', '1', '-19113', '0.00', 'Rt', 'D000', '2015-08-25 23:26:05', NULL, '2001-01-30 17:00:00', NULL, '2001-01-30 17:00:00'),
(1281, 'C58080094', 1, '20.00', '1', '-19114', '0.00', 'Rt', 'D000', '2015-08-26 01:35:20', NULL, '2001-01-30 17:00:00', NULL, '2001-01-30 17:00:00'),
(1282, 'C58080094', 118, '39.00', '1', '-456', '0.00', 'Rt', 'D000', '2015-08-26 01:35:20', NULL, '2001-01-30 17:00:00', NULL, '2001-01-30 17:00:00'),
(1283, 'C58080095', 1, '20.00', '1', '-19115', '0.00', 'Rt', 'D000', '2015-08-26 01:36:00', NULL, '2001-01-30 17:00:00', NULL, '2001-01-30 17:00:00'),
(1284, 'C58080095', 118, '39.00', '1', '-457', '0.00', 'Rt', 'D000', '2015-08-26 01:36:00', NULL, '2001-01-30 17:00:00', NULL, '2001-01-30 17:00:00'),
(1285, 'C58080096', 1, '20.00', '1', '-19116', '0.00', 'Rt', 'D000', '2015-08-26 01:38:04', NULL, '2001-01-30 17:00:00', NULL, '2001-01-30 17:00:00'),
(1286, 'C58080097', 2, '25.00', '1', '-1792', '0.00', 'Rt', 'D000', '2015-08-26 01:59:15', NULL, '2001-01-30 17:00:00', NULL, '2001-01-30 17:00:00'),
(1287, 'C58080098', 5, '30.00', '1', '-501', '0.00', 'Rt', 'D000', '2015-08-28 11:50:02', NULL, '2001-01-30 17:00:00', NULL, '2001-01-30 17:00:00'),
(1288, 'C58080098', 118, '39.00', '1', '-458', '0.00', 'Rt', 'D000', '2015-08-28 11:50:02', NULL, '2001-01-30 17:00:00', NULL, '2001-01-30 17:00:00'),
(1289, 'C58080098', 2, '25.00', '1', '-1793', '0.00', 'Rt', 'D000', '2015-08-28 11:50:02', NULL, '2001-01-30 17:00:00', NULL, '2001-01-30 17:00:00'),
(1290, 'C58080099', 66, '69.00', '1', '-86', '0.00', 'Rt', 'D000', '2015-08-29 02:58:05', NULL, '2001-01-30 17:00:00', NULL, '2001-01-30 17:00:00'),
(1291, 'C58080099', 57, '59.00', '1', '-151', '0.00', 'Rt', 'D000', '2015-08-29 02:58:05', NULL, '2001-01-30 17:00:00', NULL, '2001-01-30 17:00:00'),
(1292, 'C58080099', 62, '69.00', '2', '-71', '0.00', 'Rt', 'D000', '2015-08-29 02:58:05', NULL, '2001-01-30 17:00:00', NULL, '2001-01-30 17:00:00'),
(1293, 'C58080100', 118, '39.00', '1', '-459', '0.00', 'Rt', 'D000', '2015-08-29 03:09:56', NULL, '2001-01-30 17:00:00', NULL, '2001-01-30 17:00:00'),
(1294, 'C58080100', 3, '30.00', '1', '-638', '0.00', 'Rt', 'D000', '2015-08-29 03:09:56', NULL, '2001-01-30 17:00:00', NULL, '2001-01-30 17:00:00'),
(1295, 'C58080100', 4, '30.00', '5', '-1155', '0.00', 'Rt', 'D000', '2015-08-29 03:09:56', NULL, '2001-01-30 17:00:00', NULL, '2001-01-30 17:00:00'),
(1296, 'C58080101', 2, '25.00', '1', '-1794', '0.00', 'Rt', 'D000', '2015-08-29 03:39:28', NULL, '2001-01-30 17:00:00', NULL, '2001-01-30 17:00:00'),
(1297, 'C58080102', 1, '20.00', '1', '-19117', '0.00', 'Rt', 'D000', '2015-08-29 04:04:03', NULL, '2001-01-30 17:00:00', NULL, '2001-01-30 17:00:00'),
(1298, 'C58080102', 3, '30.00', '1', '-639', '0.00', 'Rt', 'D000', '2015-08-29 04:04:03', NULL, '2001-01-30 17:00:00', NULL, '2001-01-30 17:00:00'),
(1299, 'C58080103', 1, '20.00', '1', '-19118', '0.00', 'Rt', 'D000', '2015-08-29 04:06:08', NULL, '2001-01-30 17:00:00', NULL, '2001-01-30 17:00:00'),
(1300, 'C58080103', 2, '25.00', '1', '-1795', '0.00', 'Rt', 'D000', '2015-08-29 04:06:08', NULL, '2001-01-30 17:00:00', NULL, '2001-01-30 17:00:00'),
(1301, 'C58080104', 2, '25.00', '1', '-1796', '0.00', 'Rt', 'D000', '2015-08-29 04:06:32', NULL, '2001-01-30 17:00:00', NULL, '2001-01-30 17:00:00'),
(1302, 'C58080105', 77, '79.00', '1', '-128', '0.00', 'Rt', 'D000', '2015-08-29 04:06:56', NULL, '2001-01-30 17:00:00', NULL, '2001-01-30 17:00:00'),
(1303, 'C58080106', 70, '69.00', '1', '-368', '0.00', 'Rt', 'D000', '2015-08-29 04:09:00', NULL, '2001-01-30 17:00:00', NULL, '2001-01-30 17:00:00'),
(1304, 'C58080106', 73, '69.00', '1', '-48', '0.00', 'Rt', 'D000', '2015-08-29 04:09:00', NULL, '2001-01-30 17:00:00', NULL, '2001-01-30 17:00:00'),
(1305, 'C58080107', 78, '129.00', '1', '-46', '0.00', 'Rt', 'D000', '2015-08-29 04:15:51', NULL, '2001-01-30 17:00:00', NULL, '2001-01-30 17:00:00'),
(1306, 'C58080107', 81, '129.00', '1', '-72', '0.00', 'Rt', 'D000', '2015-08-29 04:15:51', NULL, '2001-01-30 17:00:00', NULL, '2001-01-30 17:00:00'),
(1307, 'C58080108', 5, '30.00', '1', '-502', '0.00', 'Rt', 'D000', '2015-08-29 05:08:11', NULL, '2001-01-30 17:00:00', NULL, '2001-01-30 17:00:00'),
(1308, 'C58080108', 118, '39.00', '7', '-466', '0.00', 'Rt', 'D000', '2015-08-29 05:08:11', NULL, '2001-01-30 17:00:00', NULL, '2001-01-30 17:00:00'),
(1309, 'C58080109', 70, '69.00', '1', '-369', '0.00', 'Rt', 'D000', '2015-08-29 05:40:26', NULL, '2001-01-30 17:00:00', NULL, '2001-01-30 17:00:00'),
(1310, 'C58080109', 74, '0.00', '1', '-699', '0.00', 'Rt', 'D000', '2015-08-29 05:40:26', NULL, '2001-01-30 17:00:00', NULL, '2001-01-30 17:00:00'),
(1311, 'C58080109', 75, '0.00', '1', '-459', '0.00', 'Rt', 'D000', '2015-08-29 05:40:26', NULL, '2001-01-30 17:00:00', NULL, '2001-01-30 17:00:00'),
(1312, 'C58080110', 1, '20.00', '0', '-19118', '0.00', 'Rt', 'D000', '2015-08-29 06:40:19', NULL, '2001-01-30 17:00:00', NULL, '2001-01-30 17:00:00'),
(1313, 'C58080110', 118, '39.00', '1', '-467', '0.00', 'Rt', 'D000', '2015-08-29 06:40:19', NULL, '2001-01-30 17:00:00', NULL, '2001-01-30 17:00:00'),
(1314, 'C58080110', 118, '39.00', '1', '-468', '0.00', 'Rt', 'D000', '2015-08-29 06:40:19', NULL, '2001-01-30 17:00:00', NULL, '2001-01-30 17:00:00'),
(1315, 'C58080003', 1, '20.00', '1', '0', '0.00', 'Rt', 'D000', '2015-08-29 08:15:28', 'D000', '2015-08-29 08:15:28', NULL, '2001-01-30 17:00:00'),
(1316, 'C58080111', 29, '35.00', '1', '-696', '0.00', 'Rt', 'D000', '2015-08-29 08:42:24', NULL, '2001-01-30 17:00:00', NULL, '2001-01-30 17:00:00'),
(1317, 'C58080111', 161, '10.00', '1', '-1', '0.00', 'Rt', 'D000', '2015-08-29 08:42:24', NULL, '2001-01-30 17:00:00', NULL, '2001-01-30 17:00:00'),
(1318, 'C58080111', 162, '16.00', '1', '-1', '0.00', 'Rt', 'D000', '2015-08-29 08:42:24', NULL, '2001-01-30 17:00:00', NULL, '2001-01-30 17:00:00'),
(1319, 'C58080111', 162, '16.00', '1', '-2', '0.00', 'Rt', 'D000', '2015-08-29 08:42:24', NULL, '2001-01-30 17:00:00', NULL, '2001-01-30 17:00:00'),
(1320, 'C58080111', 162, '16.00', '1', '-3', '0.00', 'Rt', 'D000', '2015-08-29 08:42:24', NULL, '2001-01-30 17:00:00', NULL, '2001-01-30 17:00:00'),
(1321, 'C58080111', 162, '16.00', '1', '-4', '0.00', 'Rt', 'D000', '2015-08-29 08:42:24', NULL, '2001-01-30 17:00:00', NULL, '2001-01-30 17:00:00'),
(1322, 'C58080112', 1, '20.00', '1', '-19119', '0.00', 'Rt', 'D000', '2015-08-29 08:44:42', NULL, '2001-01-30 17:00:00', NULL, '2001-01-30 17:00:00'),
(1323, 'C58080112', 2, '25.00', '1', '-1797', '0.00', 'Rt', 'D000', '2015-08-29 08:44:42', NULL, '2001-01-30 17:00:00', NULL, '2001-01-30 17:00:00'),
(1324, 'C58080112', 29, '35.00', '1', '-697', '0.00', 'Rt', 'D000', '2015-08-29 08:44:42', NULL, '2001-01-30 17:00:00', NULL, '2001-01-30 17:00:00'),
(1325, 'C58080113', 29, '35.00', '1', '-698', '0.00', 'Rt', 'D000', '2015-08-29 08:46:33', NULL, '2001-01-30 17:00:00', NULL, '2001-01-30 17:00:00'),
(1326, 'C58080113', 161, '10.00', '1', '-2', '0.00', 'Rt', 'D000', '2015-08-29 08:46:33', NULL, '2001-01-30 17:00:00', NULL, '2001-01-30 17:00:00'),
(1327, 'C58080113', 162, '16.00', '1', '-5', '0.00', 'Rt', 'D000', '2015-08-29 08:46:33', NULL, '2001-01-30 17:00:00', NULL, '2001-01-30 17:00:00'),
(1328, 'C58080113', 162, '16.00', '1', '-6', '0.00', 'Rt', 'D000', '2015-08-29 08:46:33', NULL, '2001-01-30 17:00:00', NULL, '2001-01-30 17:00:00'),
(1329, 'C58080114', 5, '30.00', '1', '-503', '0.00', 'Rt', 'D000', '2015-08-29 10:42:33', NULL, '2001-01-30 17:00:00', NULL, '2001-01-30 17:00:00'),
(1330, 'C58080114', 118, '39.00', '1', '-469', '0.00', 'Rt', 'D000', '2015-08-29 10:42:33', NULL, '2001-01-30 17:00:00', NULL, '2001-01-30 17:00:00'),
(1331, 'C58080115', 57, '59.00', '1', '-152', '0.00', 'Rt', 'D000', '2015-08-29 12:13:51', NULL, '2001-01-30 17:00:00', NULL, '2001-01-30 17:00:00'),
(1332, 'C58080115', 62, '69.00', '1', '-72', '0.00', 'Rt', 'D000', '2015-08-29 12:13:51', NULL, '2001-01-30 17:00:00', NULL, '2001-01-30 17:00:00'),
(1333, 'C58080115', 157, '100.00', '1', '493', '0.00', 'Rt', 'D000', '2015-08-29 12:13:51', NULL, '2001-01-30 17:00:00', NULL, '2001-01-30 17:00:00'),
(1334, 'C58090001', 5, '30.00', '1', '-504', '0.00', 'Rt', 'D000', '2015-09-01 04:55:18', NULL, '2001-01-30 17:00:00', NULL, '2001-01-30 17:00:00'),
(1335, 'C58090001', 3, '30.00', '1', '-640', '0.00', 'Rt', 'D000', '2015-09-01 04:55:18', NULL, '2001-01-30 17:00:00', NULL, '2001-01-30 17:00:00'),
(1336, 'C58090002', 2, '25.00', '1', '-1798', '0.00', 'Rt', 'D000', '2015-09-01 04:57:43', NULL, '2001-01-30 17:00:00', NULL, '2001-01-30 17:00:00'),
(1337, 'C58090002', 73, '69.00', '1', '-49', '0.00', 'Rt', 'D000', '2015-09-01 04:57:43', NULL, '2001-01-30 17:00:00', NULL, '2001-01-30 17:00:00'),
(1338, 'C58090003', 54, '55.00', '1', '-27', '0.00', 'Rt', 'D000', '2015-09-01 04:58:51', NULL, '2001-01-30 17:00:00', NULL, '2001-01-30 17:00:00'),
(1339, 'C58090003', 77, '79.00', '1', '-129', '0.00', 'Rt', 'D000', '2015-09-01 04:58:51', NULL, '2001-01-30 17:00:00', NULL, '2001-01-30 17:00:00'),
(1340, 'C58090004', 74, '0.00', '1', '-700', '0.00', 'Rt', 'D000', '2015-09-01 05:04:45', NULL, '2001-01-30 17:00:00', NULL, '2001-01-30 17:00:00'),
(1341, 'C58090004', 69, '79.00', '1', '-298', '0.00', 'Rt', 'D000', '2015-09-01 05:04:45', NULL, '2001-01-30 17:00:00', NULL, '2001-01-30 17:00:00'),
(1342, 'C58090005', 70, '69.00', '1', '-370', '0.00', 'Rt', 'D000', '2015-09-01 05:25:39', NULL, '2001-01-30 17:00:00', NULL, '2001-01-30 17:00:00'),
(1343, 'C58090006', 118, '39.00', '1', '-470', '0.00', 'Rt', 'D000', '2015-09-01 07:26:35', NULL, '2001-01-30 17:00:00', NULL, '2001-01-30 17:00:00'),
(1344, 'C58090006', 5, '30.00', '1', '-505', '0.00', 'Rt', 'D000', '2015-09-01 07:26:35', NULL, '2001-01-30 17:00:00', NULL, '2001-01-30 17:00:00'),
(1345, 'C58090007', 1, '20.00', '1', '-19120', '0.00', 'Rt', 'D000', '2015-09-01 08:05:38', NULL, '2001-01-30 17:00:00', NULL, '2001-01-30 17:00:00'),
(1346, 'C58090008', 66, '69.00', '1', '-87', '0.00', 'Rt', 'D000', '2015-09-02 09:00:48', NULL, '2001-01-30 17:00:00', NULL, '2001-01-30 17:00:00'),
(1347, 'C58090009', 57, '59.00', '1', '-153', '0.00', 'Rt', 'D000', '2015-09-02 09:02:44', NULL, '2001-01-30 17:00:00', NULL, '2001-01-30 17:00:00'),
(1348, 'C58090009', 61, '59.00', '1', '-175', '0.00', 'Rt', 'D000', '2015-09-02 09:02:44', NULL, '2001-01-30 17:00:00', NULL, '2001-01-30 17:00:00');

-- --------------------------------------------------------

--
-- Table structure for table `salelist_opt`
--

CREATE TABLE IF NOT EXISTS `salelist_opt` (
  `listIndex` int(11) NOT NULL AUTO_INCREMENT,
  `primary_listindex` int(11) NOT NULL,
  `saleNo` varchar(10) DEFAULT NULL,
  `itemIndex` int(11) DEFAULT NULL,
  `salePrice` decimal(10,2) DEFAULT NULL,
  `saleQTY` decimal(10,0) DEFAULT NULL,
  `stockQTY` decimal(10,0) DEFAULT NULL,
  `saleDiscount` decimal(10,2) DEFAULT NULL,
  `saleClass` varchar(5) DEFAULT 'Rt',
  `localDataIndex` int(11) DEFAULT '-1',
  `name` varchar(50) DEFAULT 'none',
  `description` varchar(50) DEFAULT 'none',
  `CRE_USR` varchar(5) DEFAULT NULL,
  `CRE_DTE` datetime DEFAULT NULL,
  `UPD_USR` varchar(5) DEFAULT NULL,
  `UPD_DTE` datetime DEFAULT NULL,
  `DEL_USR` varchar(5) DEFAULT NULL,
  `DEL_DTE` datetime DEFAULT NULL,
  PRIMARY KEY (`listIndex`)
) ENGINE=InnoDB  DEFAULT CHARSET=utf8 AUTO_INCREMENT=219 ;

--
-- Dumping data for table `salelist_opt`
--

INSERT INTO `salelist_opt` (`listIndex`, `primary_listindex`, `saleNo`, `itemIndex`, `salePrice`, `saleQTY`, `stockQTY`, `saleDiscount`, `saleClass`, `localDataIndex`, `name`, `description`, `CRE_USR`, `CRE_DTE`, `UPD_USR`, `UPD_DTE`, `DEL_USR`, `DEL_DTE`) VALUES
(125, 831, 'V58070001', 39, '10.00', '1', '-304', '0.00', 'Rt', -1, 'none', 'none', 'S001', '2015-07-01 04:20:04', NULL, '2001-01-30 17:00:00', NULL, '2001-01-30 17:00:00'),
(126, 832, 'V58070002', 0, '0.00', '1', '0', '0.00', 'Fl', -1, '0%S', '', 'S001', '2015-07-01 04:22:31', NULL, '2001-01-30 17:00:00', NULL, '2001-01-30 17:00:00'),
(127, 833, 'V58070002', 50, '15.00', '2', '-250', '0.00', 'Rt', -1, 'none', 'none', 'S001', '2015-07-01 04:22:31', NULL, '2001-01-30 17:00:00', NULL, '2001-01-30 17:00:00'),
(128, 833, 'V58070002', 43, '15.00', '2', '-163', '0.00', 'Rt', -1, 'none', 'none', 'S001', '2015-07-01 04:22:31', NULL, '2001-01-30 17:00:00', NULL, '2001-01-30 17:00:00'),
(129, 835, 'V58070003', 43, '15.00', '1', '-164', '0.00', 'Rt', -1, 'none', 'none', 'S001', '2015-07-01 04:24:58', NULL, '2001-01-30 17:00:00', NULL, '2001-01-30 17:00:00'),
(130, 836, 'V58070003', 39, '10.00', '2', '-306', '0.00', 'Rt', -1, 'none', 'none', 'S001', '2015-07-01 04:24:58', NULL, '2001-01-30 17:00:00', NULL, '2001-01-30 17:00:00'),
(131, 840, 'C58070001', 38, '5.00', '1', '-5883', '0.00', 'Rt', -1, 'none', 'none', 'D000', '2015-07-03 11:35:22', NULL, '2001-01-30 17:00:00', NULL, '2001-01-30 17:00:00'),
(132, 840, 'C58070001', 0, '0.00', '1', '0', '0.00', 'Fl', -1, '25%S', '', 'D000', '2015-07-03 11:35:22', NULL, '2001-01-30 17:00:00', NULL, '2001-01-30 17:00:00'),
(133, 841, 'V58070005', 38, '5.00', '1', '-5884', '0.00', 'Rt', -1, 'none', 'none', 'S001', '2015-07-03 11:43:32', NULL, '2001-01-30 17:00:00', NULL, '2001-01-30 17:00:00'),
(134, 842, 'V58070006', 38, '5.00', '1', '-5885', '0.00', 'Rt', -1, 'none', 'none', 'S001', '2015-07-03 11:45:47', NULL, '2001-01-30 17:00:00', NULL, '2001-01-30 17:00:00'),
(135, 843, 'V58070007', 45, '5.00', '1', '-3176', '0.00', 'Rt', -1, 'none', 'none', 'S001', '2015-07-03 11:46:22', NULL, '2001-01-30 17:00:00', NULL, '2001-01-30 17:00:00'),
(136, 845, 'V58070008', 0, '0.00', '1', '0', '0.00', 'Fl', -1, '0%S', '', 'S001', '2015-07-03 14:52:23', NULL, '2001-01-30 17:00:00', NULL, '2001-01-30 17:00:00'),
(137, 846, 'V58070008', 38, '5.00', '2', '-5887', '0.00', 'Rt', -1, 'none', 'none', 'S001', '2015-07-03 14:52:23', NULL, '2001-01-30 17:00:00', NULL, '2001-01-30 17:00:00'),
(138, 847, 'V58070009', 45, '5.00', '2', '-3178', '0.00', 'Rt', -1, 'none', 'none', 'S001', '2015-07-03 14:54:22', NULL, '2001-01-30 17:00:00', NULL, '2001-01-30 17:00:00'),
(139, 848, 'V58070010', 43, '15.00', '2', '-166', '0.00', 'Rt', -1, 'none', 'none', 'S001', '2015-07-03 14:55:11', NULL, '2001-01-30 17:00:00', NULL, '2001-01-30 17:00:00'),
(140, 850, 'V58070011', 0, '0.00', '5', '0', '0.00', 'Fl', -1, '25%S', '', 'S001', '2015-07-03 14:56:54', NULL, '2001-01-30 17:00:00', NULL, '2001-01-30 17:00:00'),
(141, 851, 'V58070012', 39, '10.00', '1', '-307', '0.00', 'Rt', -1, 'none', 'none', 'S001', '2015-07-04 02:23:02', NULL, '2001-01-30 17:00:00', NULL, '2001-01-30 17:00:00'),
(142, 852, 'V58070012', 43, '15.00', '1', '-167', '0.00', 'Rt', -1, 'none', 'none', 'S001', '2015-07-04 02:23:02', NULL, '2001-01-30 17:00:00', NULL, '2001-01-30 17:00:00'),
(143, 854, 'V58070013', 38, '5.00', '1', '-5888', '0.00', 'Rt', -1, 'none', 'none', 'S001', '2015-07-04 02:27:37', NULL, '2001-01-30 17:00:00', NULL, '2001-01-30 17:00:00'),
(144, 854, 'V58070013', 39, '10.00', '1', '-308', '0.00', 'Rt', -1, 'none', 'none', 'S001', '2015-07-04 02:27:37', NULL, '2001-01-30 17:00:00', NULL, '2001-01-30 17:00:00'),
(145, 858, 'V58070015', 38, '5.00', '1', '-5889', '0.00', 'Rt', -1, 'none', 'none', 'S001', '2015-07-04 02:57:06', NULL, '2001-01-30 17:00:00', NULL, '2001-01-30 17:00:00'),
(146, 859, 'V58070016', 43, '15.00', '2', '-169', '0.00', 'Rt', -1, 'none', 'none', 'S001', '2015-07-04 04:20:11', NULL, '2001-01-30 17:00:00', NULL, '2001-01-30 17:00:00'),
(147, 860, 'C58070002', 45, '5.00', '1', '-3179', '0.00', 'Rt', -1, 'none', 'none', 'D000', '2015-07-04 07:49:53', NULL, '2001-01-30 17:00:00', NULL, '2001-01-30 17:00:00'),
(148, 861, 'C58070002', 39, '10.00', '1', '-309', '0.00', 'Rt', -1, 'none', 'none', 'D000', '2015-07-04 07:49:53', NULL, '2001-01-30 17:00:00', NULL, '2001-01-30 17:00:00'),
(149, 861, 'C58070002', 0, '0.00', '1', '-1', '0.00', 'Fl', -1, '25%S', '', 'D000', '2015-07-04 07:49:53', NULL, '2001-01-30 17:00:00', NULL, '2001-01-30 17:00:00'),
(150, 873, 'C58070005', 38, '5.00', '1', '-5890', '0.00', 'Rt', -1, 'none', 'none', 'D000', '2015-07-04 14:15:53', NULL, '2001-01-30 17:00:00', NULL, '2001-01-30 17:00:00'),
(151, 874, 'C58070006', 39, '10.00', '1', '-310', '0.00', 'Rt', -1, 'none', 'none', 'D000', '2015-07-04 14:17:03', NULL, '2001-01-30 17:00:00', NULL, '2001-01-30 17:00:00'),
(152, 884, 'C58070010', 38, '5.00', '1', '-5891', '0.00', 'Rt', -1, 'none', 'none', 'D000', '2015-07-21 04:37:45', NULL, '2001-01-30 17:00:00', NULL, '2001-01-30 17:00:00'),
(153, 885, 'C58070011', 0, '0.00', '1', '0', '0.00', 'Fl', -1, '0%S', '', 'D000', '2015-07-21 04:38:29', NULL, '2001-01-30 17:00:00', NULL, '2001-01-30 17:00:00'),
(154, 887, 'C58070012', 45, '5.00', '1', '-3180', '0.00', 'Rt', -1, 'none', 'none', 'D000', '2015-07-21 04:38:54', NULL, '2001-01-30 17:00:00', NULL, '2001-01-30 17:00:00'),
(155, 887, 'C58070012', 38, '5.00', '1', '-5892', '0.00', 'Rt', -1, 'none', 'none', 'D000', '2015-07-21 04:38:54', NULL, '2001-01-30 17:00:00', NULL, '2001-01-30 17:00:00'),
(156, 887, 'C58070012', 39, '10.00', '1', '-311', '0.00', 'Rt', -1, 'none', 'none', 'D000', '2015-07-21 04:38:54', NULL, '2001-01-30 17:00:00', NULL, '2001-01-30 17:00:00'),
(157, 887, 'C58070012', 40, '10.00', '1', '-76', '0.00', 'Rt', -1, 'none', 'none', 'D000', '2015-07-21 04:38:54', NULL, '2001-01-30 17:00:00', NULL, '2001-01-30 17:00:00'),
(158, 891, 'C58070014', 38, '5.00', '1', '-5893', '0.00', 'Rt', -1, 'none', 'none', 'D000', '2015-07-21 06:45:54', NULL, '2001-01-30 17:00:00', NULL, '2001-01-30 17:00:00'),
(159, 891, 'C58070014', 45, '5.00', '1', '-3181', '0.00', 'Rt', -1, 'none', 'none', 'D000', '2015-07-21 06:45:54', NULL, '2001-01-30 17:00:00', NULL, '2001-01-30 17:00:00'),
(160, 891, 'C58070014', 50, '15.00', '1', '-251', '0.00', 'Rt', -1, 'none', 'none', 'D000', '2015-07-21 06:45:54', NULL, '2001-01-30 17:00:00', NULL, '2001-01-30 17:00:00'),
(161, 891, 'C58070014', 39, '10.00', '1', '-312', '0.00', 'Rt', -1, 'none', 'none', 'D000', '2015-07-21 06:45:54', NULL, '2001-01-30 17:00:00', NULL, '2001-01-30 17:00:00'),
(162, 902, 'C58070021', 37, '5.00', '1', '-18676', '0.00', 'Rt', -1, 'none', 'none', 'D000', '2015-07-21 15:00:34', NULL, '2001-01-30 17:00:00', NULL, '2001-01-30 17:00:00'),
(163, 903, 'C58070022', 38, '5.00', '1', '-5894', '0.00', 'Rt', -1, 'none', 'none', 'D000', '2015-07-21 16:18:22', NULL, '2001-01-30 17:00:00', NULL, '2001-01-30 17:00:00'),
(164, 903, 'C58070022', 45, '5.00', '1', '-3182', '0.00', 'Rt', -1, 'none', 'none', 'D000', '2015-07-21 16:18:22', NULL, '2001-01-30 17:00:00', NULL, '2001-01-30 17:00:00'),
(165, 907, 'C58070026', 38, '5.00', '1', '-5895', '0.00', 'Rt', -1, 'none', 'none', 'D000', '2015-07-21 16:31:22', NULL, '2001-01-30 17:00:00', NULL, '2001-01-30 17:00:00'),
(166, 918, 'C58070034', 40, '10.00', '1', '-77', '0.00', 'Rt', -1, 'none', 'none', 'D000', '2015-07-21 17:13:33', NULL, '2001-01-30 17:00:00', NULL, '2001-01-30 17:00:00'),
(167, 921, 'C58070037', 40, '10.00', '1', '-78', '0.00', 'Rt', -1, 'none', 'none', 'D000', '2015-07-21 17:34:04', NULL, '2001-01-30 17:00:00', NULL, '2001-01-30 17:00:00'),
(168, 928, 'C58070043', 41, '15.00', '1', '-270', '0.00', 'Rt', -1, 'none', 'none', 'D000', '2015-07-22 01:50:44', NULL, '2001-01-30 17:00:00', NULL, '2001-01-30 17:00:00'),
(169, 934, 'C58070047', 38, '5.00', '1', '-5896', '0.00', 'Rt', -1, 'none', 'none', 'D000', '2015-07-22 03:39:13', NULL, '2001-01-30 17:00:00', NULL, '2001-01-30 17:00:00'),
(170, 943, 'C58070054', 39, '10.00', '1', '-313', '0.00', 'Rt', -1, 'none', 'none', 'D000', '2015-07-22 04:15:33', NULL, '2001-01-30 17:00:00', NULL, '2001-01-30 17:00:00'),
(171, 950, 'C58070057', 41, '15.00', '1', '-271', '0.00', 'Rt', -1, 'none', 'none', 'D000', '2015-07-22 04:53:52', NULL, '2001-01-30 17:00:00', NULL, '2001-01-30 17:00:00'),
(172, 951, 'C58070058', 40, '10.00', '1', '-79', '0.00', 'Rt', -1, 'none', 'none', 'D000', '2015-07-22 04:56:45', NULL, '2001-01-30 17:00:00', NULL, '2001-01-30 17:00:00'),
(173, 971, 'C58070074', 41, '15.00', '1', '-272', '0.00', 'Rt', -1, 'none', 'none', 'D000', '2015-07-22 10:06:51', NULL, '2001-01-30 17:00:00', NULL, '2001-01-30 17:00:00'),
(174, 980, 'C58070078', 39, '10.00', '1', '-314', '0.00', 'Rt', -1, 'none', 'none', 'D000', '2015-07-22 12:10:13', NULL, '2001-01-30 17:00:00', NULL, '2001-01-30 17:00:00'),
(175, 993, 'C58070086', 40, '10.00', '1', '-80', '0.00', 'Rt', -1, 'none', 'none', 'D000', '2015-07-23 02:40:16', NULL, '2001-01-30 17:00:00', NULL, '2001-01-30 17:00:00'),
(176, 995, 'C58070088', 40, '10.00', '1', '-81', '0.00', 'Rt', -1, 'none', 'none', 'D000', '2015-07-23 02:46:52', NULL, '2001-01-30 17:00:00', NULL, '2001-01-30 17:00:00'),
(177, 1000, 'C58070092', 41, '15.00', '1', '-273', '0.00', 'Rt', -1, 'none', 'none', 'D000', '2015-07-23 03:09:27', NULL, '2001-01-30 17:00:00', NULL, '2001-01-30 17:00:00'),
(178, 1006, 'C58070095', 40, '10.00', '1', '-82', '0.00', 'Rt', -1, 'none', 'none', 'D000', '2015-07-23 14:47:00', NULL, '2001-01-30 17:00:00', NULL, '2001-01-30 17:00:00'),
(179, 1012, 'C58070098', 42, '15.00', '1', '-132', '0.00', 'Rt', -1, 'none', 'none', 'D000', '2015-07-23 16:50:59', NULL, '2001-01-30 17:00:00', NULL, '2001-01-30 17:00:00'),
(180, 1012, 'C58070098', 42, '15.00', '1', '-133', '0.00', 'Rt', -1, 'none', 'none', 'D000', '2015-07-23 16:50:59', NULL, '2001-01-30 17:00:00', NULL, '2001-01-30 17:00:00'),
(181, 1025, 'C58070110', 40, '10.00', '1', '-83', '0.00', 'Rt', -1, 'none', 'none', 'D000', '2015-07-23 18:21:45', NULL, '2001-01-30 17:00:00', NULL, '2001-01-30 17:00:00'),
(182, 1027, 'C58070112', 51, '15.00', '1', '-157', '0.00', 'Rt', -1, 'none', 'none', 'D000', '2015-07-24 05:48:57', NULL, '2001-01-30 17:00:00', NULL, '2001-01-30 17:00:00'),
(183, 1029, 'C58070114', 39, '10.00', '1', '-315', '0.00', 'Rt', -1, 'none', 'none', 'D000', '2015-07-24 07:12:28', NULL, '2001-01-30 17:00:00', NULL, '2001-01-30 17:00:00'),
(184, 1040, 'C58070122', 39, '10.00', '1', '-316', '0.00', 'Rt', -1, 'none', 'none', 'D000', '2015-07-24 09:05:37', NULL, '2001-01-30 17:00:00', NULL, '2001-01-30 17:00:00'),
(185, 1047, 'C58070129', 39, '10.00', '1', '-317', '0.00', 'Rt', -1, 'none', 'none', 'D000', '2015-07-24 17:22:53', NULL, '2001-01-30 17:00:00', NULL, '2001-01-30 17:00:00'),
(186, 1065, 'C58070147', 50, '15.00', '1', '-252', '0.00', 'Rt', -1, 'none', 'none', 'D000', '2015-07-25 08:37:11', NULL, '2001-01-30 17:00:00', NULL, '2001-01-30 17:00:00'),
(187, 1121, 'C58070199', 38, '5.00', '1', '-5897', '0.00', 'Rt', -1, 'none', 'none', 'D000', '2015-07-29 09:45:44', NULL, '2001-01-30 17:00:00', NULL, '2001-01-30 17:00:00'),
(188, 1142, 'C58080002', 39, '10.00', '1', '-318', '0.00', 'Rt', -1, 'none', 'none', 'D000', '2015-08-11 10:20:47', NULL, '2001-01-30 17:00:00', NULL, '2001-01-30 17:00:00'),
(189, 1153, 'C58080007', 45, '5.00', '1', '-3183', '0.00', 'Rt', -1, 'none', 'none', 'D000', '2015-08-12 11:21:58', NULL, '2001-01-30 17:00:00', NULL, '2001-01-30 17:00:00'),
(190, 1172, 'C58080022', 39, '10.00', '1', '-319', '0.00', 'Rt', -1, 'none', 'none', 'D000', '2015-08-13 06:37:51', NULL, '2001-01-30 17:00:00', NULL, '2001-01-30 17:00:00'),
(191, 1173, 'C58080023', 0, '0.00', '2', '0', '0.00', 'Fl', -1, '25%S', '', 'D000', '2015-08-13 06:43:25', NULL, '2001-01-30 17:00:00', NULL, '2001-01-30 17:00:00'),
(192, 1175, 'C58080025', 39, '10.00', '1', '-320', '0.00', 'Rt', -1, 'none', 'none', 'D000', '2015-08-13 06:46:01', NULL, '2001-01-30 17:00:00', NULL, '2001-01-30 17:00:00'),
(193, 1179, 'C58080028', 38, '5.00', '1', '-5898', '0.00', 'Rt', -1, 'none', 'none', 'D000', '2015-08-13 09:36:20', NULL, '2001-01-30 17:00:00', NULL, '2001-01-30 17:00:00'),
(194, 1194, 'C58080043', 40, '10.00', '1', '-84', '0.00', 'Rt', -1, 'none', 'none', 'D000', '2015-08-13 12:33:26', NULL, '2001-01-30 17:00:00', NULL, '2001-01-30 17:00:00'),
(195, 1219, 'C58080060', 39, '10.00', '1', '-321', '0.00', 'Rt', -1, 'none', 'none', 'D000', '2015-08-14 05:28:16', NULL, '2001-01-30 17:00:00', NULL, '2001-01-30 17:00:00'),
(196, 1229, 'C58080066', 39, '10.00', '1', '-322', '0.00', 'Rt', -1, 'none', 'none', 'D000', '2015-08-17 11:26:56', NULL, '2001-01-30 17:00:00', NULL, '2001-01-30 17:00:00'),
(197, 1231, 'C58080067', 0, '0.00', '2', '0', '0.00', 'Fl', -1, '0%S', '', 'D000', '2015-08-17 11:28:01', NULL, '2001-01-30 17:00:00', NULL, '2001-01-30 17:00:00'),
(198, 1234, 'C58080069', 50, '15.00', '1', '-253', '0.00', 'Rt', -1, 'none', 'none', 'D000', '2015-08-17 11:30:18', NULL, '2001-01-30 17:00:00', NULL, '2001-01-30 17:00:00'),
(199, 1236, 'C58080071', 38, '5.00', '3', '-5901', '0.00', 'Rt', -1, 'none', 'none', 'D000', '2015-08-18 16:14:46', NULL, '2001-01-30 17:00:00', NULL, '2001-01-30 17:00:00'),
(200, 1236, 'C58080071', 50, '15.00', '3', '-256', '0.00', 'Rt', -1, 'none', 'none', 'D000', '2015-08-18 16:14:46', NULL, '2001-01-30 17:00:00', NULL, '2001-01-30 17:00:00'),
(201, 1236, 'C58080071', 0, '0.00', '3', '0', '0.00', 'Fl', -1, '25%S', '', 'D000', '2015-08-18 16:14:46', NULL, '2001-01-30 17:00:00', NULL, '2001-01-30 17:00:00'),
(202, 1237, 'C58080072', 45, '5.00', '3', '-3186', '0.00', 'Rt', -1, 'none', 'none', 'D000', '2015-08-18 16:26:48', NULL, '2001-01-30 17:00:00', NULL, '2001-01-30 17:00:00'),
(203, 1237, 'C58080072', 38, '5.00', '3', '-5904', '0.00', 'Rt', -1, 'none', 'none', 'D000', '2015-08-18 16:26:48', NULL, '2001-01-30 17:00:00', NULL, '2001-01-30 17:00:00'),
(204, 1238, 'C58080073', 50, '15.00', '3', '-259', '0.00', 'Rt', -1, 'none', 'none', 'D000', '2015-08-18 16:29:21', NULL, '2001-01-30 17:00:00', NULL, '2001-01-30 17:00:00'),
(205, 1238, 'C58080073', 37, '5.00', '3', '-18679', '0.00', 'Rt', -1, 'none', 'none', 'D000', '2015-08-18 16:29:21', NULL, '2001-01-30 17:00:00', NULL, '2001-01-30 17:00:00'),
(206, 1240, 'C58080074', 50, '15.00', '1', '-260', '0.00', 'Rt', -1, 'none', 'none', 'D000', '2015-08-18 23:59:26', NULL, '2001-01-30 17:00:00', NULL, '2001-01-30 17:00:00'),
(207, 1242, 'C58080075', 39, '10.00', '1', '-323', '0.00', 'Rt', -1, 'none', 'none', 'D000', '2015-08-19 12:07:38', NULL, '2001-01-30 17:00:00', NULL, '2001-01-30 17:00:00'),
(208, 1242, 'C58080075', 0, '0.00', '1', '0', '0.00', 'Fl', -1, '25%S', '', 'D000', '2015-08-19 12:07:38', NULL, '2001-01-30 17:00:00', NULL, '2001-01-30 17:00:00'),
(209, 1246, 'C58080077', 50, '15.00', '1', '-261', '0.00', 'Rt', -1, 'none', 'none', 'D000', '2015-08-24 10:46:48', NULL, '2001-01-30 17:00:00', NULL, '2001-01-30 17:00:00'),
(210, 1251, 'C58080080', 51, '15.00', '1', '-158', '0.00', 'Rt', -1, 'none', 'none', 'D000', '2015-08-24 12:32:24', NULL, '2001-01-30 17:00:00', NULL, '2001-01-30 17:00:00'),
(211, 1267, 'C58080086', 39, '10.00', '1', '-324', '0.00', 'Rt', -1, 'none', 'none', 'D000', '2015-08-24 14:31:43', NULL, '2001-01-30 17:00:00', NULL, '2001-01-30 17:00:00'),
(212, 1272, 'C58080089', 39, '10.00', '1', '-325', '0.00', 'Rt', -1, 'none', 'none', 'D000', '2015-08-24 14:55:41', NULL, '2001-01-30 17:00:00', NULL, '2001-01-30 17:00:00'),
(213, 1276, 'C58080091', 43, '15.00', '1', '-170', '0.00', 'Rt', -1, 'none', 'none', 'D000', '2015-08-24 16:41:48', NULL, '2001-01-30 17:00:00', NULL, '2001-01-30 17:00:00'),
(214, 1278, 'C58080092', 37, '5.00', '1', '-18680', '0.00', 'Rt', -1, 'none', 'none', 'D000', '2015-08-24 16:43:10', NULL, '2001-01-30 17:00:00', NULL, '2001-01-30 17:00:00'),
(215, 1286, 'C58080097', 51, '15.00', '1', '-159', '0.00', 'Rt', -1, 'none', 'none', 'D000', '2015-08-26 01:59:15', NULL, '2001-01-30 17:00:00', NULL, '2001-01-30 17:00:00'),
(216, 1290, 'C58080099', 39, '10.00', '1', '-326', '0.00', 'Rt', -1, 'none', 'none', 'D000', '2015-08-29 02:58:05', NULL, '2001-01-30 17:00:00', NULL, '2001-01-30 17:00:00'),
(217, 1336, 'C58090002', 50, '15.00', '1', '-262', '0.00', 'Rt', -1, 'none', 'none', 'D000', '2015-09-01 04:57:43', NULL, '2001-01-30 17:00:00', NULL, '2001-01-30 17:00:00'),
(218, 1339, 'C58090003', 50, '15.00', '1', '-263', '0.00', 'Rt', -1, 'none', 'none', 'D000', '2015-09-01 04:58:51', NULL, '2001-01-30 17:00:00', NULL, '2001-01-30 17:00:00');

-- --------------------------------------------------------

--
-- Table structure for table `storeinfo`
--

CREATE TABLE IF NOT EXISTS `storeinfo` (
  `storeindex` int(11) NOT NULL AUTO_INCREMENT,
  `name` varchar(150) DEFAULT NULL,
  `address` varchar(250) DEFAULT NULL,
  `phone` varchar(150) DEFAULT NULL,
  `mobile` varchar(150) DEFAULT NULL,
  `fax` varchar(50) DEFAULT NULL,
  `email` varchar(100) DEFAULT NULL,
  `webaddress` varchar(250) DEFAULT NULL,
  `taxid` varchar(50) DEFAULT NULL,
  `vatrate` int(11) DEFAULT NULL,
  PRIMARY KEY (`storeindex`)
) ENGINE=InnoDB  DEFAULT CHARSET=utf8 AUTO_INCREMENT=2 ;

--
-- Dumping data for table `storeinfo`
--

INSERT INTO `storeinfo` (`storeindex`, `name`, `address`, `phone`, `mobile`, `fax`, `email`, `webaddress`, `taxid`, `vatrate`) VALUES
(1, 'STG CAFE', NULL, '062-594-4522', NULL, NULL, NULL, NULL, NULL, 0);

-- --------------------------------------------------------

--
-- Table structure for table `workcode`
--

CREATE TABLE IF NOT EXISTS `workcode` (
  `code` varchar(10) NOT NULL,
  `setvalue` varchar(50) NOT NULL
) ENGINE=InnoDB DEFAULT CHARSET=utf8;

--
-- Dumping data for table `workcode`
--

INSERT INTO `workcode` (`code`, `setvalue`) VALUES
('0', 'waiting'),
('1', 'Done'),
('DB_VER', '2.15pre_x3'),
('DB_NAME', 'SMITPOS'),
('CUSTOMIZED', 'No'),
('CUSTOMER', '0000'),
('MAC_NO', '0001'),
('PRINTSLIP', 'TRUE'),
('REPRINT', '0'),
('FORCEPRINT', 'TRUE'),
('SLIP_LOGO', 'VISIBLE'),
('SLIP_ADV', 'VISIBLE'),
('CADIS_MIN', '0'),
('CADIS_MAX', '1200'),
('BC_SCAN', 'SIMPLY'),
('POS_MODE', 'PICKCREDIT'),
('ZPI', 'NOCOUNT_NOPRN'),
('RECEIPT_LA', 'BASIC_MART'),
('PRN_TAX', 'VISIBLE'),
('CUS_DISP', 'DISABLE');

-- --------------------------------------------------------

--
-- Table structure for table `_bos`
--

CREATE TABLE IF NOT EXISTS `_bos` (
  `bosIndex` int(11) NOT NULL,
  `bosItemIndex` int(11) NOT NULL,
  `childItemIndex` int(11) NOT NULL,
  `childItemQty` int(11) DEFAULT NULL,
  `childRoleFlag` int(4) DEFAULT '0' COMMENT '_BOS.childRoleFlag (bit) -- [TBC] Default Value\n0 : Show Item Price\n1 : Let''s User Choose Item\n2 : Enable Select Option\n3 : Enable Change Quantity [TBC]\n\n# Note to deploy this feature have to revise the SaleList\n',
  `CRE_DTE` datetime DEFAULT NULL,
  `CRE_USR` varchar(5) DEFAULT NULL,
  `UPD_DTE` datetime DEFAULT NULL,
  `UPD_USR` varchar(5) DEFAULT NULL,
  `DEL_DTE` datetime DEFAULT NULL,
  `DEL_USR` varchar(5) DEFAULT NULL,
  PRIMARY KEY (`bosIndex`),
  KEY `bosItem_idx` (`bosItemIndex`),
  KEY `childItem_idx` (`childItemIndex`)
) ENGINE=InnoDB DEFAULT CHARSET=utf8;

--
-- Dumping data for table `_bos`
--

INSERT INTO `_bos` (`bosIndex`, `bosItemIndex`, `childItemIndex`, `childItemQty`, `childRoleFlag`, `CRE_DTE`, `CRE_USR`, `UPD_DTE`, `UPD_USR`, `DEL_DTE`, `DEL_USR`) VALUES
(1, 156, 159, 1, 0, '2015-06-22 00:00:00', 'D000', '2015-06-22 00:00:00', 'D000', '2015-06-22 00:00:00', 'NULL'),
(2, 156, 1, 1, 0, '2015-06-22 00:00:00', 'D000', '2015-06-22 00:00:00', 'D000', '2015-06-22 00:00:00', 'NULL'),
(3, 156, 1, 1, 0, '2015-06-22 00:00:00', 'D000', '2015-06-22 00:00:00', 'D000', '2015-06-22 00:00:00', 'NULL'),
(4, 156, 160, 1, 0, '2015-06-22 00:00:00', 'D000', '2015-06-22 00:00:00', 'D000', '2015-06-22 00:00:00', 'NULL'),
(5, 157, 6, 1, 0, '2015-06-22 00:00:00', 'D000', '2015-06-22 00:00:00', 'D000', '2015-06-22 00:00:00', 'NULL'),
(6, 157, 59, 1, 0, '2015-06-22 00:00:00', 'D000', '2015-06-22 00:00:00', 'D000', '2015-06-22 00:00:00', 'NULL'),
(7, 157, 159, 1, 0, '2015-06-22 00:00:00', 'D000', '2015-06-22 00:00:00', 'D000', '2015-06-22 00:00:00', 'NULL'),
(8, 157, 160, 1, 0, '2015-06-22 00:00:00', 'D000', '2015-06-22 00:00:00', 'D000', '2015-06-22 00:00:00', 'NULL');

-- --------------------------------------------------------

--
-- Table structure for table `_branch`
--

CREATE TABLE IF NOT EXISTS `_branch` (
  `branchIndex` int(11) NOT NULL AUTO_INCREMENT,
  `branchID` varchar(5) DEFAULT NULL,
  `name` varchar(50) DEFAULT NULL,
  `address` varchar(250) DEFAULT NULL,
  `contactNo` varchar(50) DEFAULT NULL,
  `faxNo` varchar(50) DEFAULT NULL,
  `taxID` varchar(25) DEFAULT NULL,
  `CRE_DTE` datetime DEFAULT NULL,
  `CRE_USR` varchar(5) DEFAULT NULL,
  `UPD_DTE` datetime DEFAULT NULL,
  `UPD_USR` varchar(5) DEFAULT NULL,
  `DEL_DTE` datetime DEFAULT NULL,
  `DEL_USR` varchar(5) DEFAULT NULL,
  PRIMARY KEY (`branchIndex`)
) ENGINE=InnoDB DEFAULT CHARSET=utf8 AUTO_INCREMENT=1 ;

-- --------------------------------------------------------

--
-- Table structure for table `_customer`
--

CREATE TABLE IF NOT EXISTS `_customer` (
  `customerIndex` int(11) NOT NULL AUTO_INCREMENT,
  `customerID` varchar(15) DEFAULT NULL,
  `fullname` varchar(50) DEFAULT NULL,
  `address` varchar(150) DEFAULT NULL,
  `city` varchar(30) DEFAULT NULL,
  `province` varchar(30) DEFAULT NULL,
  `postcode` varchar(5) DEFAULT NULL,
  `phone` varchar(30) DEFAULT NULL,
  `email` varchar(30) DEFAULT NULL,
  `customerClass` varchar(5) DEFAULT '1',
  `customerType` varchar(20) DEFAULT 'General',
  `customerAVP` decimal(10,0) DEFAULT '0',
  `customerPoint` decimal(10,0) DEFAULT '0',
  `citizenID` varchar(15) DEFAULT NULL,
  `passportID` varchar(15) DEFAULT NULL,
  `title` varchar(8) DEFAULT NULL,
  `cellPhone` varchar(30) DEFAULT NULL,
  `fax` varchar(30) DEFAULT NULL,
  `CRE_DTE` datetime DEFAULT NULL,
  `CRE_USR` varchar(5) DEFAULT NULL,
  `UPD_DTE` datetime DEFAULT NULL,
  `UPD_USR` varchar(5) DEFAULT NULL,
  `DEL_DTE` datetime DEFAULT NULL,
  `DEL_USR` varchar(5) DEFAULT NULL,
  PRIMARY KEY (`customerIndex`)
) ENGINE=InnoDB  DEFAULT CHARSET=utf8 AUTO_INCREMENT=2 ;

--
-- Dumping data for table `_customer`
--

INSERT INTO `_customer` (`customerIndex`, `customerID`, `fullname`, `address`, `city`, `province`, `postcode`, `phone`, `email`, `customerClass`, `customerType`, `customerAVP`, `customerPoint`, `citizenID`, `passportID`, `title`, `cellPhone`, `fax`, `CRE_DTE`, `CRE_USR`, `UPD_DTE`, `UPD_USR`, `DEL_DTE`, `DEL_USR`) VALUES
(1, 'CU00000001', '', NULL, NULL, NULL, NULL, NULL, NULL, '1', 'General', '0', '0', NULL, NULL, NULL, NULL, NULL, NULL, NULL, NULL, NULL, NULL, NULL);

-- --------------------------------------------------------

--
-- Table structure for table `_hashlink`
--

CREATE TABLE IF NOT EXISTS `_hashlink` (
  `HashLink_index` int(11) NOT NULL AUTO_INCREMENT,
  `LinkTo_CategoryIndex` int(11) DEFAULT NULL,
  `Source_CategoryIndex` int(11) DEFAULT NULL,
  `itemIndex` int(11) DEFAULT NULL,
  `HashSyntax` varchar(256) DEFAULT NULL COMMENT 'Option',
  `CRE_DTE` datetime DEFAULT NULL,
  `CRE_USR` varchar(5) CHARACTER SET ucs2 DEFAULT NULL,
  `UPD_DTE` datetime DEFAULT NULL,
  `UPD_USR` varchar(5) CHARACTER SET ucs2 DEFAULT NULL,
  `DEL_DTE` datetime DEFAULT NULL,
  `DEL_USR` varchar(5) CHARACTER SET ucs2 DEFAULT NULL,
  PRIMARY KEY (`HashLink_index`),
  KEY `source_category_idx` (`Source_CategoryIndex`),
  KEY `target_category_idx` (`LinkTo_CategoryIndex`),
  KEY `source_itemIndex_idx` (`itemIndex`)
) ENGINE=InnoDB  DEFAULT CHARSET=utf8 AUTO_INCREMENT=13 ;

--
-- Dumping data for table `_hashlink`
--

INSERT INTO `_hashlink` (`HashLink_index`, `LinkTo_CategoryIndex`, `Source_CategoryIndex`, `itemIndex`, `HashSyntax`, `CRE_DTE`, `CRE_USR`, `UPD_DTE`, `UPD_USR`, `DEL_DTE`, `DEL_USR`) VALUES
(1, 7, 1, 1, '#topp::MT', NULL, NULL, NULL, NULL, NULL, NULL),
(2, 7, 1, 2, '#topp::JMMGT', NULL, NULL, NULL, NULL, NULL, NULL),
(3, 7, 1, 3, '#opt::CaramelMT', NULL, NULL, NULL, NULL, NULL, NULL),
(4, 7, 1, 4, '#opt::ChocolateMT', NULL, NULL, NULL, NULL, NULL, NULL),
(5, 7, 1, 5, '#opt::TaroMT', NULL, NULL, NULL, NULL, NULL, NULL),
(6, 16, 2, 6, '#@CWS::JMGT', NULL, NULL, NULL, NULL, NULL, NULL),
(7, 16, 2, 7, '#@CWS::HGT', NULL, NULL, NULL, NULL, NULL, NULL),
(8, 16, 2, 8, '#@CWS::LemonGT', NULL, NULL, NULL, NULL, NULL, NULL),
(9, 12, 2, 9, '#@MainDish::OrangeGT', NULL, NULL, NULL, NULL, NULL, NULL),
(10, 12, 2, 10, NULL, NULL, NULL, NULL, NULL, NULL, NULL),
(11, 12, 2, 11, NULL, NULL, NULL, NULL, NULL, NULL, NULL),
(12, 12, 2, 12, NULL, NULL, NULL, NULL, NULL, NULL, NULL);

-- --------------------------------------------------------

--
-- Table structure for table `_item`
--

CREATE TABLE IF NOT EXISTS `_item` (
  `itemIndex` int(11) NOT NULL AUTO_INCREMENT,
  `itemID` varchar(15) DEFAULT NULL,
  `itembarcodeID` varchar(15) DEFAULT NULL,
  `itemName` varchar(128) DEFAULT NULL,
  `itemDetail` varchar(512) DEFAULT NULL COMMENT 'May need #Tag interpretter',
  `itemPrice` decimal(10,2) NOT NULL DEFAULT '0.00',
  `itemLatestCost` decimal(10,2) NOT NULL DEFAULT '0.00',
  `itemStock` int(11) DEFAULT '0',
  `itemProPoint` int(11) DEFAULT '0',
  `itemProStart` datetime DEFAULT NULL,
  `itemProEnd` datetime DEFAULT NULL,
  `CRE_DTE` datetime DEFAULT NULL,
  `CRE_USR` varchar(5) DEFAULT NULL,
  `UPD_DTE` datetime DEFAULT NULL,
  `UPD_USR` varchar(5) DEFAULT NULL,
  `DEL_DTE` datetime DEFAULT NULL,
  `DEL_USR` varchar(5) DEFAULT NULL,
  `itemCatagoryIndex` int(11) NOT NULL DEFAULT '0',
  `itemUnitIndex` int(11) NOT NULL DEFAULT '0',
  `itemSizeIndex` int(11) NOT NULL DEFAULT '0',
  `itemLocationIndex` int(11) NOT NULL DEFAULT '0',
  PRIMARY KEY (`itemIndex`)
) ENGINE=InnoDB  DEFAULT CHARSET=utf8 COMMENT='May need #Tag interpretter fot the itemDetail' AUTO_INCREMENT=163 ;

--
-- Dumping data for table `_item`
--

INSERT INTO `_item` (`itemIndex`, `itemID`, `itembarcodeID`, `itemName`, `itemDetail`, `itemPrice`, `itemLatestCost`, `itemStock`, `itemProPoint`, `itemProStart`, `itemProEnd`, `CRE_DTE`, `CRE_USR`, `UPD_DTE`, `UPD_USR`, `DEL_DTE`, `DEL_USR`, `itemCatagoryIndex`, `itemUnitIndex`, `itemSizeIndex`, `itemLocationIndex`) VALUES
(1, '101', '101', 'MT', 'Milk Tea / /', '20.00', '0.00', -19120, 0, '2015-06-30 00:00:00', '2015-06-30 00:00:00', '2015-06-30 00:00:00', NULL, '2015-07-26 00:46:48', 'D000', '2015-06-30 00:00:00', NULL, 1, 0, 0, 0),
(2, '102', '102', 'JMMGT', 'Jasmine Milk Green Tea / /', '25.00', '0.00', -1798, 0, '2015-06-30 00:00:00', '2015-06-30 00:00:00', '2015-06-30 00:00:00', 'NULL', '2015-06-23 00:00:00', 'S001', '2015-06-30 00:00:00', NULL, 1, 1, 0, 0),
(3, '103', '103', 'CaramelMT', 'Caramel Milk Tea / /', '30.00', '0.00', -640, 0, '2015-06-30 00:00:00', '2015-06-30 00:00:00', '2015-06-30 00:00:00', 'NULL', '2015-06-23 00:00:00', 'NULL', '2015-06-30 00:00:00', NULL, 1, 1, 0, 0),
(4, '104', '104', 'ChocolateMT', 'Chocolate Milk Tea / /', '30.00', '0.00', -1155, 0, '2015-06-30 00:00:00', '2015-06-30 00:00:00', '2015-06-30 00:00:00', 'NULL', '2015-06-23 00:00:00', 'NULL', '2015-06-30 00:00:00', NULL, 1, 1, 0, 0),
(5, '105', '105', 'TaroMT', 'Taro Milk Tea / /', '30.00', '0.00', -505, 0, '2015-06-30 00:00:00', '2015-06-30 00:00:00', '2015-06-30 00:00:00', 'NULL', '2015-06-23 00:00:00', 'S001', '2015-06-30 00:00:00', NULL, 1, 1, 0, 0),
(6, '201', '201', 'JMGT', 'Jasmine Green tea / /', '20.00', '0.00', -1179, 0, '2015-06-30 00:00:00', '2015-06-30 00:00:00', '2015-06-30 00:00:00', 'NULL', '2015-06-23 00:00:00', 'NULL', '2015-06-30 00:00:00', NULL, 2, 1, 0, 0),
(7, '202', '202', 'HGT', 'Honey Green Tea / /', '30.00', '0.00', -256, 0, '2015-06-30 00:00:00', '2015-06-30 00:00:00', '2015-06-30 00:00:00', 'NULL', '2015-06-23 00:00:00', 'NULL', '2015-06-30 00:00:00', NULL, 2, 1, 0, 0),
(8, '203', '203', 'LemonGT', 'Lemon Green Tea / /', '30.00', '0.00', -473, 0, '2015-06-30 00:00:00', '2015-06-30 00:00:00', '2015-06-30 00:00:00', 'NULL', '2015-06-23 00:00:00', 'NULL', '2015-06-30 00:00:00', NULL, 2, 1, 0, 0),
(9, '204', '204', 'OrangeGT', 'Orange Green Tea / /', '30.00', '0.00', -105, 0, '2015-06-30 00:00:00', '2015-06-30 00:00:00', '2015-06-30 00:00:00', 'NULL', '2015-06-23 00:00:00', 'NULL', '2015-06-30 00:00:00', NULL, 2, 1, 0, 0),
(10, '205', '205', 'LOGT', 'Lemon Orange Green Tea / /', '35.00', '0.00', -244, 0, '2015-06-30 00:00:00', '2015-06-30 00:00:00', '2015-06-30 00:00:00', 'NULL', '2015-06-23 00:00:00', 'NULL', '2015-06-30 00:00:00', NULL, 2, 1, 0, 0),
(11, '206', '206', 'HLGT', 'Honey Lemon Green Tea / /', '35.00', '0.00', -492, 0, '2015-06-30 00:00:00', '2015-06-30 00:00:00', '2015-06-30 00:00:00', 'NULL', '2015-06-23 00:00:00', 'NULL', '2015-06-30 00:00:00', NULL, 2, 1, 0, 0),
(12, '207', '207', 'AppleGT', 'Apple Green Tea / /', '30.00', '0.00', -436, 0, '2015-06-30 00:00:00', '2015-06-30 00:00:00', '2015-06-30 00:00:00', 'NULL', '2015-06-23 00:00:00', 'NULL', '2015-06-30 00:00:00', NULL, 2, 1, 0, 0),
(13, '208', '208', 'PunchGT', 'Punch Green Tea / /', '40.00', '0.00', -131, 0, '2015-06-30 00:00:00', '2015-06-30 00:00:00', '2015-06-30 00:00:00', 'NULL', '2015-06-23 00:00:00', 'NULL', '2015-06-30 00:00:00', NULL, 2, 1, 0, 0),
(14, '301', '301', 'ClassicBT', 'Classic Black Tea / /', '20.00', '0.00', -410, 0, '2015-06-30 00:00:00', '2015-06-30 00:00:00', '2015-06-30 00:00:00', 'NULL', '2015-06-23 00:00:00', 'NULL', '2015-06-30 00:00:00', NULL, 3, 1, 0, 0),
(15, '302', '302', 'LemonBT', 'Lemon Black Tea / /', '30.00', '0.00', -437, 0, '2015-06-30 00:00:00', '2015-06-30 00:00:00', '2015-06-30 00:00:00', 'NULL', '2015-06-23 00:00:00', 'NULL', '2015-06-30 00:00:00', NULL, 3, 1, 0, 0),
(16, '303', '303', 'HLBT', 'Honey Lemon Black Tea / /', '35.00', '0.00', -309, 0, '2015-06-30 00:00:00', '2015-06-30 00:00:00', '2015-06-30 00:00:00', 'NULL', '2015-06-23 00:00:00', 'NULL', '2015-06-30 00:00:00', NULL, 3, 1, 0, 0),
(17, '304', '304', 'AppleBT', 'Apple Black Tea / /', '30.00', '0.00', -120, 0, '2015-06-30 00:00:00', '2015-06-30 00:00:00', '2015-06-30 00:00:00', 'NULL', '2015-06-23 00:00:00', 'NULL', '2015-06-30 00:00:00', NULL, 3, 1, 0, 0),
(18, '401', '401', 'YakultGT', 'Yakult Green Tea / /', '35.00', '0.00', -181, 0, '2015-06-30 00:00:00', '2015-06-30 00:00:00', '2015-06-30 00:00:00', 'NULL', '2015-06-23 00:00:00', 'NULL', '2015-06-30 00:00:00', NULL, 4, 1, 0, 0),
(19, '402', '402', 'LemonYK', 'Lemon Yakult / /', '40.00', '0.00', -373, 0, '2015-06-30 00:00:00', '2015-06-30 00:00:00', '2015-06-30 00:00:00', 'NULL', '2015-06-23 00:00:00', 'NULL', '2015-06-30 00:00:00', NULL, 4, 1, 0, 0),
(20, '403', '403', 'OrangeYK', 'Orange Yakult / /', '40.00', '0.00', -255, 0, '2015-06-30 00:00:00', '2015-06-30 00:00:00', '2015-06-30 00:00:00', 'NULL', '2015-06-23 00:00:00', 'NULL', '2015-06-30 00:00:00', NULL, 4, 1, 0, 0),
(21, '404', '404', 'LOYK', 'Lemon Orange Yakult / /', '45.00', '0.00', -82, 0, '2015-06-30 00:00:00', '2015-06-30 00:00:00', '2015-06-30 00:00:00', 'NULL', '2015-06-23 00:00:00', 'NULL', '2015-06-30 00:00:00', NULL, 4, 1, 0, 0),
(22, '501', '501', 'Chocolate', 'Chocolate / /', '30.00', '0.00', -1612, 0, '2015-06-30 00:00:00', '2015-06-30 00:00:00', '2015-06-30 00:00:00', 'NULL', '2015-06-23 00:00:00', 'NULL', '2015-06-30 00:00:00', NULL, 5, 1, 0, 0),
(23, '502', '502', 'Chocolate float', 'Chocolate float / /', '45.00', '0.00', -278, 0, '2015-06-30 00:00:00', '2015-06-30 00:00:00', '2015-06-30 00:00:00', 'NULL', '2015-06-23 00:00:00', 'NULL', '2015-06-30 00:00:00', NULL, 5, 1, 0, 0),
(24, '503', '503', 'Milk', 'Milk / /', '25.00', '0.00', -1360, 0, '2015-06-30 00:00:00', '2015-06-30 00:00:00', '2015-06-30 00:00:00', 'NULL', '2015-06-23 00:00:00', 'NULL', '2015-06-30 00:00:00', NULL, 5, 1, 0, 0),
(25, '504', '504', 'BT Latte', 'Black Tea Latte / /', '30.00', '0.00', -120, 0, '2015-06-30 00:00:00', '2015-06-30 00:00:00', '2015-06-30 00:00:00', 'NULL', '2015-06-23 00:00:00', 'NULL', '2015-06-30 00:00:00', NULL, 5, 1, 0, 0),
(26, '505', '505', 'JMGT Latte', 'Jasmine Green Tea Latte / /', '30.00', '0.00', -226, 0, '2015-06-30 00:00:00', '2015-06-30 00:00:00', '2015-06-30 00:00:00', 'NULL', '2015-06-23 00:00:00', 'NULL', '2015-06-30 00:00:00', NULL, 5, 1, 0, 0),
(27, '601', '601', 'Americano', 'Americano / /', '30.00', '0.00', -191, 0, '2015-06-30 00:00:00', '2015-06-30 00:00:00', '2015-06-30 00:00:00', 'NULL', '2015-06-23 00:00:00', 'NULL', '2015-06-30 00:00:00', NULL, 6, 1, 0, 0),
(28, '602', '602', 'Espresso', 'Espresso/ /', '30.00', '0.00', -1318, 0, '2015-06-30 00:00:00', '2015-06-30 00:00:00', '2015-06-30 00:00:00', 'NULL', '2015-06-23 00:00:00', 'NULL', '2015-06-30 00:00:00', NULL, 6, 1, 0, 0),
(29, '603', '603', 'Latte', 'Latte / /', '35.00', '0.00', -698, 0, '2015-06-30 00:00:00', '2015-06-30 00:00:00', '2015-06-30 00:00:00', 'NULL', '2015-06-23 00:00:00', 'NULL', '2015-06-30 00:00:00', NULL, 6, 1, 0, 0),
(30, '604', '604', 'Cappucino', 'Cappucino / /', '35.00', '0.00', -834, 0, '2015-06-30 00:00:00', '2015-06-30 00:00:00', '2015-06-30 00:00:00', 'NULL', '2015-06-23 00:00:00', '004', '2015-06-30 00:00:00', NULL, 6, 1, 0, 0),
(31, '605', '605', 'Caramel Macchiato', 'Caramel Macchiato / /', '40.00', '0.00', -163, 0, '2015-06-30 00:00:00', '2015-06-30 00:00:00', '2015-06-30 00:00:00', 'NULL', '2015-06-23 00:00:00', 'NULL', '2015-06-30 00:00:00', NULL, 6, 1, 0, 0),
(32, '606', '606', 'Moccha', 'Moccha / /', '40.00', '0.00', -266, 0, '2015-06-30 00:00:00', '2015-06-30 00:00:00', '2015-06-30 00:00:00', 'NULL', '2015-06-23 00:00:00', 'NULL', '2015-06-30 00:00:00', NULL, 6, 1, 0, 0),
(33, '607', '607', 'Matcha Latte', 'Matcha Latte / /', '35.00', '0.00', -749, 0, '2015-06-30 00:00:00', '2015-06-30 00:00:00', '2015-06-30 00:00:00', 'NULL', '2015-06-23 00:00:00', 'NULL', '2015-06-30 00:00:00', NULL, 6, 1, 0, 0),
(34, '608', '608', 'Espresso affogato', 'Espresso affogato/ /', '45.00', '0.00', -26, 0, '2015-06-30 00:00:00', '2015-06-30 00:00:00', '2015-06-30 00:00:00', 'NULL', '2015-06-23 00:00:00', 'NULL', '2015-06-30 00:00:00', NULL, 6, 1, 0, 0),
(35, '609', '609', 'Matcha affogato', 'Matcha affogato / / ', '50.00', '0.00', -5, 0, '2015-06-30 00:00:00', '2015-06-30 00:00:00', '2015-06-30 00:00:00', 'NULL', '2015-06-23 00:00:00', 'NULL', '2015-06-30 00:00:00', NULL, 6, 1, 0, 0),
(36, '610', '610', 'Chocolate affogato', 'Chocolate affogato / /', '50.00', '0.00', -11, 0, '2015-06-30 00:00:00', '2015-06-30 00:00:00', '2015-06-30 00:00:00', 'NULL', '2015-06-23 00:00:00', 'NULL', '2015-06-30 00:00:00', NULL, 6, 1, 0, 0),
(37, '701', '701', 'P', 'Pearls / /', '5.00', '0.00', -18680, 0, '2015-06-30 00:00:00', '2015-06-30 00:00:00', '2015-06-30 00:00:00', 'NULL', '2015-06-23 00:00:00', 'NULL', '2015-06-30 00:00:00', NULL, 7, 2, 0, 0),
(38, '702', '702', 'GJ', 'Taiwan Grass Jelly / /', '5.00', '0.00', -5904, 0, '2015-06-30 00:00:00', '2015-06-30 00:00:00', '2015-06-30 00:00:00', 'NULL', '2015-06-23 00:00:00', 'NULL', '2015-06-30 00:00:00', NULL, 7, 2, 0, 0),
(39, '703', '703', 'WPC', 'Whipping cream / /', '10.00', '0.00', -326, 0, '2015-06-30 00:00:00', '2015-06-30 00:00:00', '2015-06-30 00:00:00', 'NULL', '2015-06-23 00:00:00', 'NULL', '2015-06-30 00:00:00', NULL, 7, 2, 0, 0),
(40, '704', '704', 'Honey', 'Honey / /', '10.00', '0.00', -84, 0, '2015-06-30 00:00:00', '2015-06-30 00:00:00', '2015-06-30 00:00:00', 'NULL', '2015-06-23 00:00:00', 'NULL', '2015-06-30 00:00:00', NULL, 7, 2, 0, 0),
(41, '705', '705', 'MP', 'Milk Pudding / /', '15.00', '0.00', -273, 0, '2015-06-30 00:00:00', '2015-06-30 00:00:00', '2015-06-30 00:00:00', 'NULL', '2015-06-23 00:00:00', 'NULL', '2015-06-30 00:00:00', NULL, 7, 2, 0, 0),
(42, '706', '706', 'EP', 'Egg Pudding / /', '15.00', '0.00', -133, 0, '2015-06-30 00:00:00', '2015-06-30 00:00:00', '2015-06-30 00:00:00', 'NULL', '2015-06-23 00:00:00', 'NULL', '2015-06-30 00:00:00', NULL, 7, 2, 0, 0),
(43, '707', '707', 'CP', 'Chocolate Pudding / /', '15.00', '0.00', -170, 0, '2015-06-30 00:00:00', '2015-06-30 00:00:00', '2015-06-30 00:00:00', 'NULL', '2015-06-23 00:00:00', 'NULL', '2015-06-30 00:00:00', NULL, 7, 2, 0, 0),
(44, '708', '708', 'HOT', 'HOT/', '0.00', '0.00', -95, 0, '2015-06-30 00:00:00', '2015-06-30 00:00:00', '2015-06-30 00:00:00', 'NULL', '2015-06-23 00:00:00', 'NULL', '2015-06-30 00:00:00', NULL, 77, 2, 0, 0),
(45, '709', '709', 'Ice', 'Iced / ', '5.00', '0.00', -3186, 0, '2015-06-30 00:00:00', '2015-06-30 00:00:00', '2015-06-30 00:00:00', 'NULL', '2015-06-23 00:00:00', 'S001', '2015-06-30 00:00:00', NULL, 7, 2, 0, 0),
(46, '710', '710', 'Blended', 'Blended / ', '10.00', '0.00', -183, 0, '2015-06-30 00:00:00', '2015-06-30 00:00:00', '2015-06-30 00:00:00', 'NULL', '2015-06-23 00:00:00', '2353', '2015-06-30 00:00:00', NULL, 77, 2, 0, 0),
(47, '711', '711', 'L', ' L', '5.00', '0.00', -3406, 0, '2015-06-30 00:00:00', '2015-06-30 00:00:00', '2015-06-30 00:00:00', 'NULL', '2015-06-23 00:00:00', 'NULL', '2015-06-30 00:00:00', NULL, 77, 2, 0, 0),
(48, '712', '712', 'Luch', 'Luch Set', '15.00', '0.00', -2, 0, '2015-06-30 00:00:00', '2015-06-30 00:00:00', '2015-06-30 00:00:00', 'NULL', '2015-06-23 00:00:00', 'NULL', '2015-06-30 00:00:00', NULL, 77, 2, 0, 0),
(49, '713', '713', 'Breakfast', 'Breakfast Set/', '15.00', '0.00', 0, 0, '2015-06-30 00:00:00', '2015-06-30 00:00:00', '2015-06-30 00:00:00', 'NULL', '2015-06-23 00:00:00', 'NULL', '2015-06-30 00:00:00', NULL, 77, 2, 0, 0),
(50, '801', '801', 'IceV', 'Ice cream vanilla/', '15.00', '0.00', -263, 0, '2015-06-30 00:00:00', '2015-06-30 00:00:00', '2015-06-30 00:00:00', 'NULL', '2015-06-23 00:00:00', 'NULL', '2015-06-30 00:00:00', NULL, 7, 3, 0, 0),
(51, '802', '802', 'IceCH', 'Ice cream chocolate/', '15.00', '0.00', -159, 0, '2015-06-30 00:00:00', '2015-06-30 00:00:00', '2015-06-30 00:00:00', 'NULL', '2015-06-23 00:00:00', 'NULL', '2015-06-30 00:00:00', NULL, 7, 3, 0, 0),
(52, '803', '803', 'IceMCGT', 'Ice cream matcha green tea/', '15.00', '0.00', -144, 0, '2015-06-30 00:00:00', '2015-06-30 00:00:00', '2015-06-30 00:00:00', 'NULL', '2015-06-23 00:00:00', 'NULL', '2015-06-30 00:00:00', NULL, 7, 3, 0, 0),
(53, '804', '804', 'IceCHIP', 'Ice cream chocolate chip/', '15.00', '0.00', -126, 0, '2015-06-30 00:00:00', '2015-06-30 00:00:00', '2015-06-30 00:00:00', 'NULL', '2015-06-23 00:00:00', 'NULL', '2015-06-30 00:00:00', NULL, 7, 3, 0, 0),
(54, '901', '901', 'JMGT POT', 'Jasmine Green Tea Pot', '55.00', '0.00', -27, 0, '2015-06-30 00:00:00', '2015-06-30 00:00:00', '2015-06-30 00:00:00', 'NULL', '2015-06-23 00:00:00', 'NULL', '2015-06-30 00:00:00', NULL, 9, 4, 0, 0),
(55, '902', '902', 'BT POT', 'Classic Black Tea Pot', '55.00', '0.00', -8, 0, '2015-06-30 00:00:00', '2015-06-30 00:00:00', '2015-06-30 00:00:00', 'NULL', '2015-06-23 00:00:00', 'NULL', '2015-06-30 00:00:00', NULL, 9, 4, 0, 0),
(56, '903', '903', 'ABT POT', 'Apple Black Tea Pot', '65.00', '0.00', -5, 0, '2015-06-30 00:00:00', '2015-06-30 00:00:00', '2015-06-30 00:00:00', 'NULL', '2015-06-23 00:00:00', 'NULL', '2015-06-30 00:00:00', NULL, 9, 4, 0, 0),
(57, '1001', '1001', 'Karaage', 'Fried Karaage / ', '59.00', '0.00', -153, 0, '2015-06-30 00:00:00', '2015-06-30 00:00:00', '2015-06-30 00:00:00', 'NULL', '2015-06-23 00:00:00', 'NULL', '2015-06-30 00:00:00', NULL, 10, 5, 0, 0),
(58, '1002', '1002', 'CKWings', 'Deep Fried Chicken Wings / ', '59.00', '0.00', -231, 0, '2015-06-30 00:00:00', '2015-06-30 00:00:00', '2015-06-30 00:00:00', 'NULL', '2015-06-23 00:00:00', 'NULL', '2015-06-30 00:00:00', NULL, 10, 5, 0, 0),
(59, '1003', '1003', 'PopcornCK', 'Popcorn Chicken /', '49.00', '0.00', -325, 0, '2015-06-30 00:00:00', '2015-06-30 00:00:00', '2015-06-30 00:00:00', 'NULL', '2015-06-23 00:00:00', 'NULL', '2015-06-30 00:00:00', NULL, 10, 5, 0, 0),
(60, '1004', '1004', 'French Fries ', 'French Fries / ', '49.00', '0.00', -551, 0, '2015-06-30 00:00:00', '2015-06-30 00:00:00', '2015-06-30 00:00:00', 'NULL', '2015-06-23 00:00:00', 'NULL', '2015-06-30 00:00:00', NULL, 10, 5, 0, 0),
(61, '1005', '1005', 'Cheesy Fries', 'Cheesy Fries / ', '59.00', '0.00', -175, 0, '2015-06-30 00:00:00', '2015-06-30 00:00:00', '2015-06-30 00:00:00', 'NULL', '2015-06-23 00:00:00', 'NULL', '2015-06-30 00:00:00', NULL, 10, 5, 0, 0),
(62, '1006', '1006', 'Fried Prawer', 'Crispy Fried Prawns / ', '69.00', '0.00', -72, 0, '2015-06-30 00:00:00', '2015-06-30 00:00:00', '2015-06-30 00:00:00', 'NULL', '2015-06-23 00:00:00', 'NULL', '2015-06-30 00:00:00', NULL, 10, 5, 0, 0),
(63, '1007', '1007', 'Himalayan', 'Himalayan Pink Salt and Herbal Fries / ', '69.00', '0.00', -92, 0, '2015-06-30 00:00:00', '2015-06-30 00:00:00', '2015-06-30 00:00:00', 'NULL', '2015-06-23 00:00:00', 'NULL', '2015-06-30 00:00:00', NULL, 10, 5, 0, 0),
(64, '1008', '1008', 'Big Family Set', 'Big Family/,,, , ', '169.00', '0.00', -37, 0, '2015-06-30 00:00:00', '2015-06-30 00:00:00', '2015-06-30 00:00:00', 'NULL', '2015-06-23 00:00:00', 'NULL', '2015-06-30 00:00:00', NULL, 10, 5, 0, 0),
(65, '2001', '2001', 'Caesar Salad', 'Caesar Salad / ', '69.00', '0.00', -90, 0, '2015-06-30 00:00:00', '2015-06-30 00:00:00', '2015-06-30 00:00:00', 'NULL', '2015-06-23 00:00:00', 'NULL', '2015-06-30 00:00:00', NULL, 11, 5, 0, 0),
(66, '2002', '2002', 'Fried Tofu Salad', 'Fried Tofu Salad / ', '69.00', '0.00', -87, 0, '2015-06-30 00:00:00', '2015-06-30 00:00:00', '2015-06-30 00:00:00', 'NULL', '2015-06-23 00:00:00', 'NULL', '2015-06-30 00:00:00', NULL, 11, 5, 0, 0),
(67, '2003', '2003', 'Chicken Salad', 'Chicken Salad / ', '79.00', '0.00', -45, 0, '2015-06-30 00:00:00', '2015-06-30 00:00:00', '2015-06-30 00:00:00', 'NULL', '2015-06-23 00:00:00', 'NULL', '2015-06-30 00:00:00', NULL, 11, 5, 0, 0),
(68, '2004', '2004', 'Tuna Salad', 'Tuna Salad / ', '79.00', '0.00', -49, 0, '2015-06-30 00:00:00', '2015-06-30 00:00:00', '2015-06-30 00:00:00', 'NULL', '2015-06-23 00:00:00', 'NULL', '2015-06-30 00:00:00', NULL, 11, 5, 0, 0),
(69, '3001', '3001', 'Kurobuta Steak', 'Kurobuta steak / ', '79.00', '0.00', -298, 0, '2015-06-30 00:00:00', '2015-06-30 00:00:00', '2015-06-30 00:00:00', 'NULL', '2015-06-23 00:00:00', 'S001', '2015-06-30 00:00:00', NULL, 12, 5, 0, 0),
(70, '3002', '3002', 'Chicken Teriyaki Steak', 'Chicken Teriyaki Steak / ', '69.00', '0.00', -370, 0, '2015-06-30 00:00:00', '2015-06-30 00:00:00', '2015-06-30 00:00:00', 'NULL', '2015-06-23 00:00:00', 'NULL', '2015-06-30 00:00:00', NULL, 12, 5, 0, 0),
(71, '3003', '3003', 'Dory Fish Steak', 'Dory Fish Steak with spicy sauce/  ', '79.00', '0.00', -140, 0, '2015-06-30 00:00:00', '2015-06-30 00:00:00', '2015-06-30 00:00:00', 'NULL', '2015-06-23 00:00:00', 'NULL', '2015-06-30 00:00:00', NULL, 12, 5, 0, 0),
(72, '3004', '3004', 'Grilled Pork', 'Grilled Pork Shoulder / ', '69.00', '0.00', -293, 0, '2015-06-30 00:00:00', '2015-06-30 00:00:00', '2015-06-30 00:00:00', 'NULL', '2015-06-23 00:00:00', 'NULL', '2015-06-30 00:00:00', NULL, 12, 5, 0, 0),
(73, '3005', '3005', 'FCK Karaage', 'Fried Chicken Karaage/ ', '69.00', '0.00', -49, 0, '2015-06-30 00:00:00', '2015-06-30 00:00:00', '2015-06-30 00:00:00', 'NULL', '2015-06-23 00:00:00', 'NULL', '2015-06-30 00:00:00', NULL, 12, 5, 0, 0),
(74, '3006', '3006', 'Rice', 'Rice / ', '0.00', '0.00', -700, 0, '2015-06-30 00:00:00', '2015-06-30 00:00:00', '2015-06-30 00:00:00', 'NULL', '2015-06-23 00:00:00', 'NULL', '2015-06-30 00:00:00', NULL, 12, 5, 0, 0),
(75, '3007', '3006', 'French Fries ', 'French Fries / ', '0.00', '0.00', -459, 0, '2015-06-30 00:00:00', '2015-06-30 00:00:00', '2015-06-30 00:00:00', 'NULL', '2015-06-23 00:00:00', 'NULL', '2015-06-30 00:00:00', NULL, 12, 5, 0, 0),
(76, '5001', '5001', 'Cabonara SP', 'Cabonara Spaghetti/ ', '85.00', '0.00', -234, 0, '2015-06-30 00:00:00', '2015-06-30 00:00:00', '2015-06-30 00:00:00', 'NULL', '2015-06-23 00:00:00', 'NULL', '2015-06-30 00:00:00', NULL, 13, 5, 0, 0),
(77, '5002', '5002', 'Spaghetti Meat Sauce ', 'Spaghetti Meat Sauce /', '79.00', '0.00', -129, 0, '2015-06-30 00:00:00', '2015-06-30 00:00:00', '2015-06-30 00:00:00', 'NULL', '2015-06-23 00:00:00', 'NULL', '2015-06-30 00:00:00', NULL, 13, 5, 0, 0),
(78, '5003', '5003', 'Cheese Pizza', 'Cheese Pizza/ ', '129.00', '0.00', -46, 0, '2015-06-30 00:00:00', '2015-06-30 00:00:00', '2015-06-30 00:00:00', 'NULL', '2015-06-23 00:00:00', 'S001', '2015-06-30 00:00:00', NULL, 13, 5, 0, 0),
(79, '5004', '5004', 'Hawaiian Pizza', 'Hawaiian Pizza/ ', '129.00', '0.00', -140, 0, '2015-06-30 00:00:00', '2015-06-30 00:00:00', '2015-06-30 00:00:00', 'NULL', '2015-06-23 00:00:00', 'NULL', '2015-06-30 00:00:00', NULL, 13, 5, 0, 0),
(80, '5005', '5005', 'Ham Spinach Cheese Pizza', 'Ham Spinach Cheese Pizza/ ', '129.00', '0.00', -42, 0, '2015-06-30 00:00:00', '2015-06-30 00:00:00', '2015-06-30 00:00:00', 'NULL', '2015-06-23 00:00:00', 'S001', '2015-06-30 00:00:00', NULL, 13, 5, 0, 0),
(81, '5006', '5006', 'Ham Mushroom Cheese Pizza', 'Ham Mushroom Cheese Pizza/  ', '129.00', '0.00', -72, 0, '2015-06-30 00:00:00', '2015-06-30 00:00:00', '2015-06-30 00:00:00', 'NULL', '2015-06-23 00:00:00', 'S001', '2015-06-30 00:00:00', NULL, 13, 5, 0, 0),
(82, '5007', '5007', 'Chicken Graprao Pizza', 'Chicken Graprao Pizza/  ', '129.00', '0.00', -26, 0, '2015-06-30 00:00:00', '2015-06-30 00:00:00', '2015-06-30 00:00:00', 'NULL', '2015-06-23 00:00:00', '003', '2015-06-30 00:00:00', NULL, 13, 5, 0, 0),
(83, '6001', '6001', 'Waffle BF Set ', 'Waffle Breakfast Set/', '55.00', '0.00', -41, 0, '2015-06-30 00:00:00', '2015-06-30 00:00:00', '2015-06-30 00:00:00', 'NULL', '2015-06-23 00:00:00', 'NULL', '2015-06-30 00:00:00', NULL, 14, 2, 0, 0),
(84, '6002', '6002', 'Toast Set', 'Toast Set/ ', '49.00', '0.00', -7, 0, '2015-06-30 00:00:00', '2015-06-30 00:00:00', '2015-06-30 00:00:00', 'NULL', '2015-06-23 00:00:00', 'NULL', '2015-06-30 00:00:00', NULL, 14, 2, 0, 0),
(85, '6003', '6003', 'Egg toast set', 'Egg toast set/', '59.00', '0.00', -108, 0, '2015-06-30 00:00:00', '2015-06-30 00:00:00', '2015-06-30 00:00:00', 'NULL', '2015-06-23 00:00:00', 'NULL', '2015-06-30 00:00:00', NULL, 14, 2, 0, 0),
(86, '6004', '6004', 'Waffle Sandwich', 'Waffle Sandwich/ ', '59.00', '0.00', -12, 0, '2015-06-30 00:00:00', '2015-06-30 00:00:00', '2015-06-30 00:00:00', 'NULL', '2015-06-23 00:00:00', 'NULL', '2015-06-30 00:00:00', NULL, 14, 2, 0, 0),
(87, '6005', '6005', 'Free Hot Milk', 'Free Hot Milk/', '0.00', '0.00', 0, 0, '2015-06-30 00:00:00', '2015-06-30 00:00:00', '2015-06-30 00:00:00', 'NULL', '2015-06-23 00:00:00', 'NULL', '2015-06-30 00:00:00', NULL, 14, 1, 0, 0),
(88, '7001', '7001', 'Ice cream 1 scoop', 'Ice cream 1 scoop/', '29.00', '0.00', -131, 0, '2015-06-30 00:00:00', '2015-06-30 00:00:00', '2015-06-30 00:00:00', 'NULL', '2015-06-23 00:00:00', 'NULL', '2015-06-30 00:00:00', NULL, 15, 5, 0, 0),
(89, '7002', '7002', 'Shibuya HT', 'Shibuya Honey toast/ ', '99.00', '0.00', -297, 0, '2015-06-30 00:00:00', '2015-06-30 00:00:00', '2015-06-30 00:00:00', 'NULL', '2015-06-23 00:00:00', 'NULL', '2015-06-30 00:00:00', NULL, 15, 5, 0, 0),
(90, '7003', '7003', 'Choco Brownie', 'Chocolate mud brownie/  ', '79.00', '0.00', -45, 0, '2015-06-30 00:00:00', '2015-06-30 00:00:00', '2015-06-30 00:00:00', 'NULL', '2015-06-23 00:00:00', '2353', '2015-06-30 00:00:00', NULL, 15, 5, 0, 0),
(91, '7004', '7004', 'Banana Choco', 'Banana Choco Ice cream/ ', '85.00', '0.00', -68, 0, '2015-06-30 00:00:00', '2015-06-30 00:00:00', '2015-06-30 00:00:00', 'NULL', '2015-06-23 00:00:00', 'NULL', '2015-06-30 00:00:00', NULL, 15, 5, 0, 0),
(92, '7005', '7005', 'Toast ', 'Toast/', '29.00', '0.00', -165, 0, '2015-06-30 00:00:00', '2015-06-30 00:00:00', '2015-06-30 00:00:00', 'NULL', '2015-06-23 00:00:00', 'NULL', '2015-06-30 00:00:00', NULL, 15, 5, 0, 0),
(93, '7006', '7006', 'Plain Waffle', 'Plain Waffle/ ', '45.00', '0.00', -31, 0, '2015-06-30 00:00:00', '2015-06-30 00:00:00', '2015-06-30 00:00:00', 'NULL', '2015-06-23 00:00:00', 'NULL', '2015-06-30 00:00:00', NULL, 15, 5, 0, 0),
(94, '7007', '7007', 'Chocolate Banana WF', 'Chocolate Banana Waffle/ ', '65.00', '0.00', -53, 0, '2015-06-30 00:00:00', '2015-06-30 00:00:00', '2015-06-30 00:00:00', 'NULL', '2015-06-23 00:00:00', 'NULL', '2015-06-30 00:00:00', NULL, 15, 5, 0, 0),
(95, '7008', '7008', 'Macaron', 'Macaron/', '25.00', '0.00', -11996, 0, '2015-06-30 00:00:00', '2015-06-30 00:00:00', '2015-06-30 00:00:00', 'NULL', '2015-06-23 00:00:00', 'S001', '2015-06-30 00:00:00', NULL, 15, 4, 0, 0),
(96, '7009', '7009', 'Strawberry Cake', 'Strawberry Cake/ ', '65.00', '0.00', -376, 0, '2015-06-30 00:00:00', '2015-06-30 00:00:00', '2015-06-30 00:00:00', 'NULL', '2015-06-23 00:00:00', 'S001', '2015-06-30 00:00:00', NULL, 15, 4, 0, 0),
(97, '7010', '7010', 'Pandanus Cake', 'NULL', '70.00', '0.00', -224, 0, '2015-06-30 00:00:00', '2015-06-30 00:00:00', '2015-06-30 00:00:00', 'NULL', '2015-06-23 00:00:00', '006', '2015-06-30 00:00:00', NULL, 15, 4, 0, 0),
(98, '7011', '7011', 'Blueberry Cheese Pie', 'Blueberry Cheese Pie/', '70.00', '0.00', -210, 0, '2015-06-30 00:00:00', '2015-06-30 00:00:00', '2015-06-30 00:00:00', 'NULL', '2015-06-23 00:00:00', 'S001', '2015-06-30 00:00:00', NULL, 15, 4, 0, 0),
(99, '7012', '7012', 'Brownie', 'brownie/ ', '35.00', '0.00', -918, 0, '2015-06-30 00:00:00', '2015-06-30 00:00:00', '2015-06-30 00:00:00', 'NULL', '2015-06-23 00:00:00', 'S001', '2015-06-30 00:00:00', NULL, 15, 4, 0, 0),
(100, '7013', '7013', 'MP', 'NULL', '20.00', '0.00', -165, 0, '2015-06-30 00:00:00', '2015-06-30 00:00:00', '2015-06-30 00:00:00', 'S001', '2015-06-23 00:00:00', 'NULL', '2015-06-30 00:00:00', NULL, 15, 3, 0, 0),
(101, '7014', '7014', 'EP', 'Egg Pudding/', '20.00', '0.00', -44, 0, '2015-06-30 00:00:00', '2015-06-30 00:00:00', '2015-06-30 00:00:00', 'S001', '2015-06-23 00:00:00', 'NULL', '2015-06-30 00:00:00', NULL, 15, 3, 0, 0),
(102, '7015', '7015', 'CP', 'NULL', '20.00', '0.00', -99, 0, '2015-06-30 00:00:00', '2015-06-30 00:00:00', '2015-06-30 00:00:00', 'S001', '2015-06-23 00:00:00', 'NULL', '2015-06-30 00:00:00', NULL, 15, 3, 0, 0),
(103, '7016', '7016', 'GJ', 'NULL', '25.00', '0.00', -210, 0, '2015-06-30 00:00:00', '2015-06-30 00:00:00', '2015-06-30 00:00:00', 'S001', '2015-06-23 00:00:00', 'NULL', '2015-06-30 00:00:00', NULL, 15, 3, 0, 0),
(104, '7017', '7017', 'PUDDING Set', 'PUDDING Set/', '50.00', '0.00', -193, 0, '2015-06-30 00:00:00', '2015-06-30 00:00:00', '2015-06-30 00:00:00', 'S001', '2015-06-23 00:00:00', 'NULL', '2015-06-30 00:00:00', NULL, 15, 2, 0, 0),
(105, '100001', '100001', 'water', 'water/', '15.00', '0.00', -897, 0, '2015-06-30 00:00:00', '2015-06-30 00:00:00', '2015-06-30 00:00:00', 'NULL', '2015-06-23 00:00:00', '2353', '2015-06-30 00:00:00', NULL, 0, 2, 0, 0),
(106, '70181', '70181', 'Choc CAKE', 'NULL', '65.00', '0.00', -253, 0, '2015-06-30 00:00:00', '2015-06-30 00:00:00', '2015-06-30 00:00:00', 'NULL', '2015-06-23 00:00:00', '003', '2015-06-30 00:00:00', NULL, 15, 4, 0, 0),
(107, '7019', '7019', 'Mocc Cake', 'NULL', '65.00', '0.00', -130, 0, '2015-06-30 00:00:00', '2015-06-30 00:00:00', '2015-06-30 00:00:00', 'NULL', '2015-06-23 00:00:00', '006', '2015-06-30 00:00:00', NULL, 15, 4, 0, 0),
(108, '7020', '7020', 'Honey tost', 'Honey toast/  ', '99.00', '0.00', -13, 0, '2015-06-30 00:00:00', '2015-06-30 00:00:00', '2015-06-30 00:00:00', 'S001', '2015-06-23 00:00:00', 'NULL', '2015-06-30 00:00:00', NULL, 15, 2, 0, 0),
(109, '7021', '7021', 'GJ SET', 'NULL', '60.00', '0.00', -198, 0, '2015-06-30 00:00:00', '2015-06-30 00:00:00', '2015-06-30 00:00:00', '006', '2015-06-23 00:00:00', 'NULL', '2015-06-30 00:00:00', NULL, 15, 2, 0, 0),
(110, '1000000', '1000000', 'Pack 599', 'Pack 599', '599.00', '0.00', -5, 0, '2015-06-30 00:00:00', '2015-06-30 00:00:00', '2015-06-30 00:00:00', 'NULL', '2015-06-23 00:00:00', '005', '2015-06-30 00:00:00', NULL, 0, 2, 0, 0),
(111, '7022', '7022', 'Strawberry Cheese Pie', 'NULL', '70.00', '0.00', -66, 0, '2015-06-30 00:00:00', '2015-06-30 00:00:00', '2015-06-30 00:00:00', 'NULL', '2015-06-23 00:00:00', 'S001', '2015-06-30 00:00:00', NULL, 15, 4, 0, 0),
(112, '7023', '7023', 'Cappucino Cake', 'Cappucino Cake/', '65.00', '0.00', -53, 0, '2015-06-30 00:00:00', '2015-06-30 00:00:00', '2015-06-30 00:00:00', 'NULL', '2015-06-23 00:00:00', '005', '2015-06-30 00:00:00', NULL, 15, 0, 0, 0),
(113, '1009', '1009', 'Cock&French', 'Cock&French', '49.00', '0.00', -5, 0, '2015-06-30 00:00:00', '2015-06-30 00:00:00', '2015-06-30 00:00:00', '005', '2015-06-23 00:00:00', 'NULL', '2015-06-30 00:00:00', NULL, 10, 2, 0, 0),
(114, '7018', '7018', 'Blueberry Cheese Cake', 'Blueberry Cheese Cake/', '65.00', '0.00', 0, 0, '2015-06-30 00:00:00', '2015-06-30 00:00:00', '2015-06-30 00:00:00', 'NULL', '2015-06-23 00:00:00', 'S001', '2015-06-30 00:00:00', NULL, 15, 4, 0, 0),
(115, '100002', '100002', 'CP Water', 'CP water/', '10.00', '0.00', -18, 0, '2015-06-30 00:00:00', '2015-06-30 00:00:00', '2015-06-30 00:00:00', '2353', '2015-06-23 00:00:00', 'NULL', '2015-06-30 00:00:00', NULL, 0, 2, 0, 0),
(116, '7024', '7024', 'Cake120', 'NULL', '120.00', '0.00', -8, 0, '2015-06-30 00:00:00', '2015-06-30 00:00:00', '2015-06-30 00:00:00', '003', '2015-06-23 00:00:00', 'NULL', '2015-06-30 00:00:00', NULL, 15, 4, 0, 0),
(117, '7025', '7025', '', 'NULL', '50.00', '0.00', -10, 0, '2015-06-30 00:00:00', '2015-06-30 00:00:00', '2015-06-30 00:00:00', 'NULL', '2015-06-23 00:00:00', '003', '2015-06-30 00:00:00', NULL, 15, 2, 0, 0),
(118, '106', '106', 'Milk Tea39', 'NULL', '39.00', '0.00', -470, 0, '2015-06-30 00:00:00', '2015-06-30 00:00:00', '2015-06-30 00:00:00', 'S001', '2015-06-23 00:00:00', 'NULL', '2015-06-30 00:00:00', NULL, 1, 1, 0, 0),
(119, '1111', '1111', '', '', '10.00', '0.00', -84, 0, '2015-06-30 00:00:00', '2015-06-30 00:00:00', '2015-06-30 00:00:00', 'S001', '2015-06-23 00:00:00', 'NULL', '2015-06-30 00:00:00', NULL, 0, 3, 0, 0),
(120, '7026', '7026', 'Coconut cake', 'NULL', '65.00', '0.00', -18, 0, '2015-06-30 00:00:00', '2015-06-30 00:00:00', '2015-06-30 00:00:00', '2353', '2015-06-23 00:00:00', 'NULL', '2015-06-30 00:00:00', NULL, 15, 4, 0, 0),
(121, '7027', '7027', 'Orange Cake', 'NULL', '65.00', '0.00', -52, 0, '2015-06-30 00:00:00', '2015-06-30 00:00:00', '2015-06-30 00:00:00', '2353', '2015-06-23 00:00:00', 'NULL', '2015-06-30 00:00:00', NULL, 15, 4, 0, 0),
(122, '7028', '7028', 'Blueberry Milk', 'NULL', '65.00', '0.00', -33, 0, '2015-06-30 00:00:00', '2015-06-30 00:00:00', '2015-06-30 00:00:00', '2353', '2015-06-23 00:00:00', 'NULL', '2015-06-30 00:00:00', NULL, 15, 4, 0, 0),
(123, '7029', '7029', 'Chocolate Cheese Cake', 'NULL', '70.00', '0.00', -50, 0, '2015-06-30 00:00:00', '2015-06-30 00:00:00', '2015-06-30 00:00:00', '2353', '2015-06-23 00:00:00', 'NULL', '2015-06-30 00:00:00', NULL, 15, 4, 0, 0),
(124, '7030', '7030', 'Chocolate Fudge', 'NULL', '65.00', '0.00', -55, 0, '2015-06-30 00:00:00', '2015-06-30 00:00:00', '2015-06-30 00:00:00', '2353', '2015-06-23 00:00:00', 'NULL', '2015-06-30 00:00:00', NULL, 15, 4, 0, 0),
(125, '7031', '7031', 'Black Forest', 'NULL', '65.00', '0.00', -108, 0, '2015-06-30 00:00:00', '2015-06-30 00:00:00', '2015-06-30 00:00:00', '2353', '2015-06-23 00:00:00', 'NULL', '2015-06-30 00:00:00', NULL, 15, 4, 0, 0),
(126, '7032', '7032', 'Capucino Cake', 'NULL', '65.00', '0.00', -12, 0, '2015-06-30 00:00:00', '2015-06-30 00:00:00', '2015-06-30 00:00:00', '2353', '2015-06-23 00:00:00', 'NULL', '2015-06-30 00:00:00', NULL, 15, 4, 0, 0),
(127, '7033', '7033', 'set1', '', '85.00', '0.00', -89, 0, '2015-06-30 00:00:00', '2015-06-30 00:00:00', '2015-06-30 00:00:00', 'NULL', '2015-06-23 00:00:00', '005', '2015-06-30 00:00:00', NULL, 0, 0, 0, 0),
(128, '7034', '7034', 'Set 2', 'Set 2', '99.00', '0.00', -34, 0, '2015-06-30 00:00:00', '2015-06-30 00:00:00', '2015-06-30 00:00:00', 'NULL', '2015-06-23 00:00:00', '005', '2015-06-30 00:00:00', NULL, 0, 0, 0, 0),
(129, '7035', '7035', 'NULL', 'NULL', '0.00', '0.00', 0, 0, '2015-06-30 00:00:00', '2015-06-30 00:00:00', '2015-06-30 00:00:00', '005', '2015-06-23 00:00:00', 'NULL', '2015-06-30 00:00:00', NULL, 0, 0, 0, 0),
(130, '7035', '7035', 'Set 3', 'Set 3', '299.00', '0.00', -10, 0, '2015-06-30 00:00:00', '2015-06-30 00:00:00', '2015-06-30 00:00:00', '005', '2015-06-23 00:00:00', 'NULL', '2015-06-30 00:00:00', NULL, 0, 0, 0, 0),
(131, '7036', '7036', 'Set 4', 'Set 4', '499.00', '0.00', -4, 0, '2015-06-30 00:00:00', '2015-06-30 00:00:00', '2015-06-30 00:00:00', '005', '2015-06-23 00:00:00', 'NULL', '2015-06-30 00:00:00', NULL, 0, 0, 0, 0),
(132, '7038', '7038', 'Delivery', '', '25.00', '0.00', -8, 0, '2015-06-30 00:00:00', '2015-06-30 00:00:00', '2015-06-30 00:00:00', 'NULL', '2015-06-23 00:00:00', '005', '2015-06-30 00:00:00', NULL, 0, 0, 0, 0),
(133, '7039', '7039', 'HBT', '', '30.00', '0.00', -4, 0, '2015-06-30 00:00:00', '2015-06-30 00:00:00', '2015-06-30 00:00:00', '005', '2015-06-23 00:00:00', 'NULL', '2015-06-30 00:00:00', NULL, 3, 1, 0, 0),
(134, '7055', '7055', 'White Choc Cake', 'NULL', '65.00', '0.00', -34, 0, '2015-06-30 00:00:00', '2015-06-30 00:00:00', '2015-06-30 00:00:00', '005', '2015-06-23 00:00:00', 'NULL', '2015-06-30 00:00:00', NULL, 15, 4, 0, 0),
(135, '7056', '7056', 'Green Tea Cake', 'Green Tea Cake/', '65.00', '0.00', -47, 0, '2015-06-30 00:00:00', '2015-06-30 00:00:00', '2015-06-30 00:00:00', '003', '2015-06-23 00:00:00', 'NULL', '2015-06-30 00:00:00', NULL, 15, 4, 0, 0),
(136, '7057', '7057', ' Drink Up', ' Drink Up', '89.00', '0.00', -4, 0, '2015-06-30 00:00:00', '2015-06-30 00:00:00', '2015-06-30 00:00:00', '003', '2015-06-23 00:00:00', 'NULL', '2015-06-30 00:00:00', NULL, 0, 0, 0, 0),
(137, '7058', '7058', 'Oreoo Cake', 'Oreoo Cake/\n', '65.00', '0.00', -21, 0, '2015-06-30 00:00:00', '2015-06-30 00:00:00', '2015-06-30 00:00:00', '003', '2015-06-23 00:00:00', 'NULL', '2015-06-30 00:00:00', NULL, 15, 4, 0, 0),
(138, '7059', '7059', '', '', '20.00', '0.00', 0, 0, '2015-06-30 00:00:00', '2015-06-30 00:00:00', '2015-06-30 00:00:00', '003', '2015-06-23 00:00:00', 'NULL', '2015-06-30 00:00:00', NULL, 0, 4, 0, 0),
(139, '7060', '7060', 'Cornflakes', 'Cornflakes/', '150.00', '0.00', -190, 0, '2015-06-30 00:00:00', '2015-06-30 00:00:00', '2015-06-30 00:00:00', '003', '2015-06-23 00:00:00', 'NULL', '2015-06-30 00:00:00', NULL, 0, 4, 0, 0),
(140, '7061', '7061', 'Banofee', 'Banofee', '70.00', '0.00', -11, 0, '2015-06-30 00:00:00', '2015-06-30 00:00:00', '2015-06-30 00:00:00', 'NULL', '2015-06-23 00:00:00', '007', '2015-06-30 00:00:00', NULL, 15, 4, 0, 0),
(141, '7062', '7062', 'Oreoo Cheese', 'Oreoo Cheese', '70.00', '0.00', -7, 0, '2015-06-30 00:00:00', '2015-06-30 00:00:00', '2015-06-30 00:00:00', 'NULL', '2015-06-23 00:00:00', '2353', '2015-06-30 00:00:00', NULL, 15, 4, 0, 0),
(142, '8000', '8000', 'banana ', 'NULL', '50.00', '0.00', -3, 0, '2015-06-30 00:00:00', '2015-06-30 00:00:00', '2015-06-30 00:00:00', 'S001', '2015-06-23 00:00:00', 'NULL', '2015-06-30 00:00:00', NULL, 0, 4, 0, 0),
(143, '8001', '8001', 'water', 'NULL', '15.00', '0.00', 0, 0, '2015-06-30 00:00:00', '2015-06-30 00:00:00', '2015-06-30 00:00:00', 'S001', '2015-06-23 00:00:00', 'NULL', '2015-06-30 00:00:00', NULL, 0, 0, 0, 0),
(144, '8001', '8001', 'cake', 'NULL', '70.00', '0.00', 0, 0, '2015-06-30 00:00:00', '2015-06-30 00:00:00', '2015-06-30 00:00:00', 'S001', '2015-06-23 00:00:00', 'NULL', '2015-06-30 00:00:00', NULL, 15, 4, 0, 0),
(145, '008', '', 'black tea', 'NULL', '12.00', '12.00', -1, 0, '2015-06-30 00:00:00', '2015-06-30 00:00:00', '2015-06-30 00:00:00', 'S001', '2015-06-23 00:00:00', 'NULL', '2015-06-30 00:00:00', NULL, 0, 4, 0, 0),
(146, '009', '', 'jasmine tea', 'NULL', '12.00', '12.00', -1, 0, '2015-06-30 00:00:00', '2015-06-30 00:00:00', '2015-06-30 00:00:00', 'S001', '2015-06-23 00:00:00', 'NULL', '2015-06-30 00:00:00', NULL, 0, 4, 0, 0),
(147, '007', '', 'coco', 'NULL', '12.00', '12.00', 0, 0, '2015-06-30 00:00:00', '2015-06-30 00:00:00', '2015-06-30 00:00:00', 'S001', '2015-06-23 00:00:00', 'NULL', '2015-06-30 00:00:00', NULL, 0, 4, 0, 0),
(148, '006', '', 'caramel MT frappe', 'NULL', '60.00', '60.00', -8, 0, '2015-06-30 00:00:00', '2015-06-30 00:00:00', '2015-06-30 00:00:00', 'S001', '2015-06-23 00:00:00', 'NULL', '2015-06-30 00:00:00', NULL, 6, 1, 0, 0),
(149, '005', '', 'cookies  n cream', 'NULL', '75.00', '75.00', 0, 0, '2015-06-30 00:00:00', '2015-06-30 00:00:00', '2015-06-30 00:00:00', 'S001', '2015-06-23 00:00:00', 'NULL', '2015-06-30 00:00:00', NULL, 6, 1, 0, 0),
(150, '004', '', 'Double chocolate', 'NULL', '75.00', '75.00', -1, 0, '2015-06-30 00:00:00', '2015-06-30 00:00:00', '2015-06-30 00:00:00', 'S001', '2015-06-23 00:00:00', 'NULL', '2015-06-30 00:00:00', NULL, 6, 1, 0, 0),
(151, '003', '', 'Strawberry cookies', 'NULL', '75.00', '75.00', -2, 0, '2015-06-30 00:00:00', '2015-06-30 00:00:00', '2015-06-30 00:00:00', NULL, '2015-07-04 07:55:28', 'D000', '2015-06-30 00:00:00', NULL, 6, 0, 0, 0),
(152, '002', '', 'Chocolate brownie matcha', 'NULL', '75.00', '75.00', -1, 0, '2015-06-30 00:00:00', '2015-06-30 00:00:00', '2015-06-30 00:00:00', 'S001', '2015-06-23 00:00:00', 'NULL', '2015-06-30 00:00:00', NULL, 6, 1, 0, 0),
(153, '001', '001', 'Honey', 'NULL', '175.00', '175.00', 0, 0, '2015-06-30 00:00:00', '2015-06-30 00:00:00', '2015-06-30 00:00:00', NULL, '2015-07-26 00:54:29', 'D000', '2015-06-30 00:00:00', NULL, 0, 0, 0, 0),
(154, '000', '000', ' Ball', 'NULL', '220.00', '220.00', 0, 0, '2015-06-30 00:00:00', '2015-06-30 00:00:00', '2015-06-30 00:00:00', 'S001', '2015-06-23 00:00:00', 'NULL', '2015-06-30 00:00:00', NULL, 0, 1, 0, 0),
(155, '777', '', '', 'NULL', '15.00', '15.00', -11, 0, '2015-06-30 00:00:00', '2015-06-30 00:00:00', '2015-06-30 00:00:00', NULL, '2015-07-26 00:53:36', 'D000', '2015-06-30 00:00:00', NULL, 0, 1, 0, 0),
(156, '200001', '200001', 'CWS 1hr', 'Co-Working Space 1/ 1  ( 100)/', '100.00', '0.00', 489, 0, '2015-06-30 00:00:00', '2015-06-30 00:00:00', '2015-06-30 00:00:00', NULL, '2015-06-23 00:00:00', 'D000', '2015-06-30 00:00:00', NULL, 16, 2, 0, 0),
(157, '200002', '200002', 'CWS 3hr', 'Co-Working Space 3/ 3  ( 100)/', '100.00', '0.00', 493, 0, '2015-06-30 00:00:00', '2015-06-30 00:00:00', '2015-06-30 00:00:00', NULL, '2015-07-26 00:49:40', 'D000', '2015-06-30 00:00:00', NULL, 16, 0, 0, 0),
(158, '300001', '', 'Wifi', 'Wifi', '10.00', '0.00', 0, 0, '2015-06-30 00:00:00', '2015-06-30 00:00:00', '2015-06-30 00:00:00', NULL, '2015-07-26 00:50:48', 'D000', '2015-06-30 00:00:00', NULL, 16, 0, 0, 0),
(159, '300002', '', 'Space + Wifi', 'NULL', '20.00', '0.00', -1, 0, '2015-06-30 00:00:00', '2015-06-30 00:00:00', '2015-06-30 00:00:00', 'NULL', '2015-06-23 00:00:00', 'D000', '2015-06-30 00:00:00', NULL, 16, 0, 0, 0),
(160, '300003', '', ' 100 ', 'NULL', '100.00', '0.00', -12, 0, '2015-06-30 00:00:00', '2015-06-30 00:00:00', '2015-06-30 00:00:00', 'NULL', '2015-06-23 00:00:00', 'D000', '2015-06-30 00:00:00', NULL, 16, 0, 0, 0),
(161, '8851952350161', '8851952350161', 'Crystal', NULL, '10.00', '0.00', -2, 0, '2001-01-30 17:00:00', '2001-01-30 17:00:00', '2015-08-29 08:38:27', 'D000', '2001-01-30 17:00:00', NULL, '2001-01-30 17:00:00', NULL, 0, 0, 0, 0),
(162, '8858891300158', '8858891300158', ' +', NULL, '16.00', '0.00', -6, 0, '2001-01-30 17:00:00', '2001-01-30 17:00:00', '2015-08-29 08:39:55', 'D000', '2001-01-30 17:00:00', NULL, '2001-01-30 17:00:00', NULL, 0, 0, 0, 0);

-- --------------------------------------------------------

--
-- Table structure for table `_itemattribute`
--

CREATE TABLE IF NOT EXISTS `_itemattribute` (
  `attributeIndex` int(11) NOT NULL AUTO_INCREMENT,
  `name` varchar(120) CHARACTER SET ucs2 NOT NULL,
  `description` varchar(256) DEFAULT NULL,
  `CRE_DTE` datetime DEFAULT NULL,
  `CRE_USR` varchar(5) CHARACTER SET ucs2 DEFAULT NULL,
  `UPD_DTE` datetime DEFAULT NULL,
  `UPD_USR` varchar(5) CHARACTER SET ucs2 DEFAULT NULL,
  `DEL_DTE` datetime DEFAULT NULL,
  `DEL_USR` varchar(5) CHARACTER SET ucs2 DEFAULT NULL,
  PRIMARY KEY (`attributeIndex`),
  KEY `attributeIndex_UNIQUE` (`attributeIndex`)
) ENGINE=InnoDB  DEFAULT CHARSET=utf8 AUTO_INCREMENT=8 ;

--
-- Dumping data for table `_itemattribute`
--

INSERT INTO `_itemattribute` (`attributeIndex`, `name`, `description`, `CRE_DTE`, `CRE_USR`, `UPD_DTE`, `UPD_USR`, `DEL_DTE`, `DEL_USR`) VALUES
(1, 'Normal Items', 'NULL', '2014-05-15 15:44:25', 'NULL', '2014-05-15 15:44:25', 'NULL', '2014-05-15 15:44:25', 'NULL'),
(2, '_BOS', 'Bundle Or Set of Items', '2014-05-15 15:44:25', 'NULL', '2014-05-15 15:44:25', 'NULL', '2014-05-15 15:44:25', 'NULL'),
(3, 'Topping', 'NULL', '2014-05-15 15:44:25', 'NULL', '2014-05-15 15:44:25', 'NULL', '2014-05-15 15:44:25', 'NULL'),
(4, 'Option', 'NULL', '2014-05-15 15:44:25', 'NULL', '2014-05-15 15:44:25', 'S001', '2014-05-15 15:44:25', 'NULL'),
(5, 'Service', 'NULL', '2014-05-15 15:44:25', 'NULL', '2014-05-15 15:44:25', 'S001', '2014-05-15 15:44:25', 'NULL'),
(6, 'Advance Money', 'NULL', '2014-05-15 15:44:25', 'NULL', '2014-05-15 15:44:25', 'S001', '2014-05-15 15:44:25', 'NULL'),
(7, 'Promotion', NULL, '2014-05-15 15:44:25', NULL, '2014-05-15 15:44:25', NULL, '2014-05-15 15:44:25', NULL);

-- --------------------------------------------------------

--
-- Table structure for table `_itemcatagory`
--

CREATE TABLE IF NOT EXISTS `_itemcatagory` (
  `itemCatagoryIndex` int(11) NOT NULL AUTO_INCREMENT,
  `catagory` varchar(50) DEFAULT NULL,
  `CRE_DTE` datetime DEFAULT NULL,
  `CRE_USR` varchar(5) DEFAULT NULL,
  `UPD_DTE` datetime DEFAULT NULL,
  `UPD_USR` varchar(5) DEFAULT NULL,
  `DEL_DTE` datetime DEFAULT NULL,
  `DEL_USR` varchar(5) DEFAULT NULL,
  PRIMARY KEY (`itemCatagoryIndex`)
) ENGINE=InnoDB  DEFAULT CHARSET=utf8 COMMENT='Prepare to Drop this table in DB Ver. 2.15' AUTO_INCREMENT=17 ;

--
-- Dumping data for table `_itemcatagory`
--

INSERT INTO `_itemcatagory` (`itemCatagoryIndex`, `catagory`, `CRE_DTE`, `CRE_USR`, `UPD_DTE`, `UPD_USR`, `DEL_DTE`, `DEL_USR`) VALUES
(1, 'Milk Tea', '2014-05-15 15:44:25', 'NULL', '2014-05-15 15:44:25', 'NULL', '2014-05-15 15:44:25', NULL),
(2, 'Green Tea', '2014-05-15 15:44:25', 'NULL', '2014-05-15 15:44:25', 'NULL', '2014-05-15 15:44:25', NULL),
(3, 'Black Tea', '2014-05-15 15:44:25', 'NULL', '2014-05-15 15:44:25', 'NULL', '2014-05-15 15:44:25', NULL),
(4, 'Yakult', '2014-05-15 15:44:25', 'NULL', '2014-05-15 15:47:14', 'S001', '2014-05-15 15:44:25', NULL),
(5, 'Chocolate & Milk', '2014-05-15 15:44:25', 'NULL', '2014-05-15 15:47:54', 'S001', '2014-05-15 15:44:25', NULL),
(6, 'Coffee', '2014-05-17 16:40:46', 'NULL', '2014-05-17 16:42:18', 'S001', '2014-05-17 16:40:46', NULL),
(7, 'Topping & Option', '2014-05-15 15:44:25', 'NULL', '2014-05-15 15:44:25', 'NULL', '2014-05-15 15:44:25', NULL),
(8, 'Ice Cream', '2014-05-15 15:44:25', 'NULL', '2014-05-15 15:49:09', 'S001', '2014-05-15 15:44:25', NULL),
(9, 'Tea Pot', '2014-05-15 15:53:16', 'S001', '2001-01-30 17:00:00', 'NULL', '2001-01-30 17:00:00', NULL),
(10, 'Snack', '2014-05-15 15:54:08', 'S001', '2001-01-30 17:00:00', 'NULL', '2001-01-30 17:00:00', NULL),
(11, 'Salad', '2014-05-15 15:55:10', 'S001', '2001-01-30 17:00:00', 'NULL', '2001-01-30 17:00:00', NULL),
(12, 'Main Dish', '2014-05-15 15:55:52', 'S001', '2001-01-30 17:00:00', 'NULL', '2001-01-30 17:00:00', NULL),
(13, 'Pizza & Spaghetti', '2014-05-15 15:56:56', 'S001', '2001-01-30 17:00:00', 'NULL', '2001-01-30 17:00:00', NULL),
(14, 'All day Breakfast', '2014-05-15 15:58:10', 'S001', '2001-01-30 17:00:00', 'NULL', '2001-01-30 17:00:00', NULL),
(15, 'Desserts', '2014-05-15 15:59:06', 'S001', '2001-01-30 17:00:00', 'NULL', '2001-01-30 17:00:00', NULL),
(16, 'CWS', '2015-05-01 04:23:40', 'D000', '2001-01-30 17:00:00', 'NULL', '2001-01-30 17:00:00', NULL);

-- --------------------------------------------------------

--
-- Table structure for table `_itemcategory`
--

CREATE TABLE IF NOT EXISTS `_itemcategory` (
  `itemCategoryIndex` int(11) NOT NULL AUTO_INCREMENT,
  `name` varchar(120) DEFAULT NULL,
  `attributeIndex` int(11) DEFAULT '0' COMMENT '_itemCategory.attribute\n0 : Normal Goods\n1 : _BOS - Bundle Or Set (of Items)\n2 : Topping (); Opt1\n3 : Option () ; Opt2\n4 : Service\n5 : Advance Money\n6 : Promotion\n\n',
  `parentCategoryIndex` int(11) DEFAULT NULL,
  `description` varchar(256) DEFAULT NULL,
  `CRE_DTE` datetime DEFAULT NULL,
  `CRE_USR` varchar(5) DEFAULT NULL,
  `UPD_DTE` datetime DEFAULT NULL,
  `UPD_USR` varchar(5) DEFAULT NULL,
  `DEL_DTE` datetime DEFAULT NULL,
  `DEL_USR` varchar(5) DEFAULT NULL,
  PRIMARY KEY (`itemCategoryIndex`),
  KEY `attributeIndex_idx` (`attributeIndex`)
) ENGINE=InnoDB  DEFAULT CHARSET=utf8 AUTO_INCREMENT=17 ;

--
-- Dumping data for table `_itemcategory`
--

INSERT INTO `_itemcategory` (`itemCategoryIndex`, `name`, `attributeIndex`, `parentCategoryIndex`, `description`, `CRE_DTE`, `CRE_USR`, `UPD_DTE`, `UPD_USR`, `DEL_DTE`, `DEL_USR`) VALUES
(1, 'Milk Tea', 0, NULL, 'NULL', '2014-05-15 15:44:25', 'NULL', '2014-05-15 15:44:25', 'NULL', '2014-05-15 15:44:25', NULL),
(2, 'Green Tea', 0, NULL, 'NULL', '2014-05-15 15:44:25', 'NULL', '2014-05-15 15:44:25', 'NULL', '2014-05-15 15:44:25', NULL),
(3, 'Black Tea', 0, NULL, 'NULL', '2014-05-15 15:44:25', 'NULL', '2014-05-15 15:44:25', 'NULL', '2014-05-15 15:44:25', NULL),
(4, 'Yakult', 0, NULL, 'NULL', '2014-05-15 15:44:25', 'NULL', '2014-05-15 15:44:25', 'S001', '2014-05-15 15:44:25', NULL),
(5, 'Chocolate & Milk', 0, NULL, 'NULL', '2014-05-15 15:44:25', 'NULL', '2014-05-15 15:44:25', 'S001', '2014-05-15 15:44:25', NULL),
(6, 'Coffee', 0, NULL, 'NULL', '2014-05-15 15:44:25', 'NULL', '2014-05-15 15:44:25', 'S001', '2014-05-15 15:44:25', NULL),
(7, 'Topping & Option', 2, NULL, 'NULL', '2014-05-15 15:44:25', 'NULL', '2014-05-15 15:44:25', 'NULL', '2014-05-15 15:44:25', NULL),
(8, 'Ice Cream', 0, NULL, 'NULL', '2014-05-15 15:44:25', 'NULL', '2014-05-15 15:44:25', 'S001', '2014-05-15 15:44:25', NULL),
(9, 'Tea Pot', 0, NULL, 'NULL', '2014-05-15 15:44:25', 'S001', '2014-05-15 15:44:25', 'NULL', '2014-05-15 15:44:25', NULL),
(10, 'Snack', 0, NULL, 'NULL', '2014-05-15 15:44:25', 'S001', '2014-05-15 15:44:25', 'NULL', '2014-05-15 15:44:25', NULL),
(11, 'Salad', 0, NULL, 'NULL', '2014-05-15 15:44:25', 'S001', '2014-05-15 15:44:25', 'NULL', '2014-05-15 15:44:25', NULL),
(12, 'Main Dish', 0, NULL, 'NULL', '2014-05-15 15:44:25', 'S001', '2014-05-15 15:44:25', 'NULL', '2014-05-15 15:44:25', NULL),
(13, 'Pizza & Spaghetti', 0, NULL, 'NULL', '2014-05-15 15:44:25', 'S001', '2014-05-15 15:44:25', 'NULL', '2014-05-15 15:44:25', NULL),
(14, 'All day Breakfast', 0, NULL, 'NULL', '2014-05-15 15:44:25', 'S001', '2014-05-15 15:44:25', 'NULL', '2014-05-15 15:44:25', NULL),
(15, 'Desserts', 0, NULL, 'NULL', '2014-05-15 15:44:25', 'S001', '2014-05-15 15:44:25', 'NULL', '2014-05-15 15:44:25', NULL),
(16, 'CWS', 1, NULL, 'NULL', '2014-05-15 15:44:25', 'D000', '2014-05-15 15:44:25', 'NULL', '2014-05-15 15:44:25', NULL);

-- --------------------------------------------------------

--
-- Table structure for table `_itemlocation`
--

CREATE TABLE IF NOT EXISTS `_itemlocation` (
  `itemLocationIndex` int(11) NOT NULL AUTO_INCREMENT,
  `location` varchar(50) DEFAULT NULL,
  `CRE_DTE` datetime DEFAULT NULL,
  `CRE_USR` varchar(5) DEFAULT NULL,
  `UPD_DTE` datetime DEFAULT NULL,
  `UPD_USR` varchar(5) DEFAULT NULL,
  `DEL_DTE` datetime DEFAULT NULL,
  `DEL_USR` varchar(5) DEFAULT NULL,
  PRIMARY KEY (`itemLocationIndex`)
) ENGINE=InnoDB DEFAULT CHARSET=utf8 AUTO_INCREMENT=1 ;

-- --------------------------------------------------------

--
-- Table structure for table `_itemsize`
--

CREATE TABLE IF NOT EXISTS `_itemsize` (
  `itemSizeIndex` int(11) NOT NULL AUTO_INCREMENT,
  `size` varchar(30) DEFAULT NULL,
  `CRE_DTE` datetime DEFAULT NULL,
  `CRE_USR` varchar(5) DEFAULT NULL,
  `UPD_DTE` datetime DEFAULT NULL,
  `UPD_USR` varchar(5) DEFAULT NULL,
  `DEL_DTE` datetime DEFAULT NULL,
  `DEL_USR` varchar(5) DEFAULT NULL,
  PRIMARY KEY (`itemSizeIndex`)
) ENGINE=InnoDB DEFAULT CHARSET=utf8 AUTO_INCREMENT=1 ;

-- --------------------------------------------------------

--
-- Table structure for table `_itemunit`
--

CREATE TABLE IF NOT EXISTS `_itemunit` (
  `itemUnitIndex` int(11) NOT NULL AUTO_INCREMENT,
  `unit` varchar(50) DEFAULT NULL,
  `CRE_DTE` datetime DEFAULT NULL,
  `CRE_USR` varchar(5) DEFAULT NULL,
  `UPD_DTE` datetime DEFAULT NULL,
  `UPD_USR` varchar(5) DEFAULT NULL,
  `DEL_DTE` datetime DEFAULT NULL,
  `DEL_USR` varchar(5) DEFAULT NULL,
  PRIMARY KEY (`itemUnitIndex`)
) ENGINE=InnoDB  DEFAULT CHARSET=utf8 AUTO_INCREMENT=2 ;

--
-- Dumping data for table `_itemunit`
--

INSERT INTO `_itemunit` (`itemUnitIndex`, `unit`, `CRE_DTE`, `CRE_USR`, `UPD_DTE`, `UPD_USR`, `DEL_DTE`, `DEL_USR`) VALUES
(1, 'Snack', '2015-07-26 00:53:51', 'D000', '2001-01-30 17:00:00', NULL, '2001-01-30 17:00:00', NULL);

-- --------------------------------------------------------

--
-- Table structure for table `_myuser`
--

CREATE TABLE IF NOT EXISTS `_myuser` (
  `userIndex` int(11) NOT NULL AUTO_INCREMENT,
  `userID` varchar(5) DEFAULT NULL,
  `fullname` varchar(50) DEFAULT NULL,
  `myusername` varchar(10) DEFAULT NULL,
  `mypassword` varchar(8) DEFAULT NULL,
  `userClass` int(11) DEFAULT NULL,
  `branchIndex` int(11) DEFAULT NULL,
  `CRE_DTE` datetime DEFAULT NULL,
  `CRE_USR` varchar(5) DEFAULT NULL,
  `UPD_DTE` datetime DEFAULT NULL,
  `UPD_USR` varchar(5) DEFAULT NULL,
  `DEL_DTE` datetime DEFAULT NULL,
  `DEL_USR` varchar(5) DEFAULT NULL,
  PRIMARY KEY (`userIndex`)
) ENGINE=InnoDB  DEFAULT CHARSET=utf8 AUTO_INCREMENT=3 ;

--
-- Dumping data for table `_myuser`
--

INSERT INTO `_myuser` (`userIndex`, `userID`, `fullname`, `myusername`, `mypassword`, `userClass`, `branchIndex`, `CRE_DTE`, `CRE_USR`, `UPD_DTE`, `UPD_USR`, `DEL_DTE`, `DEL_USR`) VALUES
(1, 'D000', 'SMIT', 'smit', 'smit', 2, 0, '2011-12-20 00:00:00', 'ADMIN', '2011-12-20 00:00:00', NULL, '2011-12-20 00:00:00', NULL),
(2, 'D444', 'sifo', 'sifo', 'sifo', 1, 0, '2015-07-26 00:00:00', 'D000', '2015-08-29 02:37:25', 'D000', '2015-08-29 02:37:19', NULL);

-- --------------------------------------------------------

--
-- Table structure for table `_supplier`
--

CREATE TABLE IF NOT EXISTS `_supplier` (
  `supplierIndex` int(11) NOT NULL AUTO_INCREMENT,
  `supplierID` varchar(5) DEFAULT NULL,
  `name` varchar(150) DEFAULT NULL,
  `address` varchar(250) DEFAULT NULL,
  `province` varchar(50) DEFAULT NULL,
  `postcode` varchar(5) DEFAULT NULL,
  `phone` varchar(30) DEFAULT NULL,
  `email` varchar(30) DEFAULT NULL,
  `taxID` varchar(20) DEFAULT NULL,
  `agentName` varchar(50) DEFAULT NULL,
  `agentPhone` varchar(20) DEFAULT NULL,
  `agentEmail` varchar(30) DEFAULT NULL,
  `CRE_DTE` date DEFAULT NULL,
  `CRE_USR` varchar(5) DEFAULT NULL,
  `UPD_DTE` date DEFAULT NULL,
  `UPD_USR` varchar(5) DEFAULT NULL,
  `DEL_DTE` date DEFAULT NULL,
  `DEL_USR` varchar(5) DEFAULT NULL,
  PRIMARY KEY (`supplierIndex`)
) ENGINE=InnoDB DEFAULT CHARSET=utf8 AUTO_INCREMENT=1 ;

-- --------------------------------------------------------

--
-- Table structure for table `_till_monitor`
--

CREATE TABLE IF NOT EXISTS `_till_monitor` (
  `actionIndex` bigint(20) NOT NULL AUTO_INCREMENT,
  `drawerIndex` bigint(20) DEFAULT NULL,
  `actionType` varchar(15) DEFAULT NULL,
  `actionAmount` decimal(10,2) DEFAULT NULL,
  `drawerBalance` decimal(10,2) DEFAULT NULL,
  `CRE_DTE` datetime DEFAULT NULL,
  `CRE_USR` varchar(5) DEFAULT NULL,
  `UPD_DTE` datetime DEFAULT NULL,
  `UPD_USR` varchar(5) DEFAULT NULL,
  `DEL_DTE` datetime DEFAULT NULL,
  `DEL_USR` varchar(5) DEFAULT NULL,
  PRIMARY KEY (`actionIndex`)
) ENGINE=InnoDB  DEFAULT CHARSET=utf8 AUTO_INCREMENT=996 ;

--
-- Dumping data for table `_till_monitor`
--

INSERT INTO `_till_monitor` (`actionIndex`, `drawerIndex`, `actionType`, `actionAmount`, `drawerBalance`, `CRE_DTE`, `CRE_USR`, `UPD_DTE`, `UPD_USR`, `DEL_DTE`, `DEL_USR`) VALUES
(632, 1, 'V58070001', '65.00', '65.00', '2015-07-01 04:20:04', 'S001', '2001-01-30 17:00:00', NULL, '2001-01-30 17:00:00', NULL),
(633, 1, 'V58070002', '237.00', '302.00', '2015-07-01 04:22:31', 'S001', '2001-01-30 17:00:00', NULL, '2001-01-30 17:00:00', NULL),
(634, 1, 'V58070003', '281.00', '583.00', '2015-07-01 04:24:58', 'S001', '2001-01-30 17:00:00', NULL, '2001-01-30 17:00:00', NULL),
(635, 1, 'V58070004', '749.00', '1332.00', '2015-07-01 04:54:35', 'S001', '2001-01-30 17:00:00', NULL, '2001-01-30 17:00:00', NULL),
(636, 1, 'transWithdraw', '0.00', '1332.00', '2015-07-02 05:05:49', 'S001', '2001-01-30 17:00:00', NULL, '2001-01-30 17:00:00', NULL),
(637, 1, 'transCheck', '1332.00', '1332.00', '2015-07-02 05:08:13', 'S001', '2001-01-30 17:00:00', NULL, '2001-01-30 17:00:00', NULL),
(638, 1, 'transCheck', '1332.00', '1332.00', '2015-07-02 07:20:58', 'S001', '2001-01-30 17:00:00', NULL, '2001-01-30 17:00:00', NULL),
(639, 1, 'transCheck', '1332.00', '1332.00', '2015-07-02 08:03:45', 'S001', '2001-01-30 17:00:00', NULL, '2001-01-30 17:00:00', NULL),
(640, 1, 'transCheck', '1332.00', '1332.00', '2015-07-02 08:13:10', 'S001', '2001-01-30 17:00:00', NULL, '2001-01-30 17:00:00', NULL),
(641, 1, 'transCheck', '1332.00', '1332.00', '2015-07-02 08:15:37', 'D000', '2001-01-30 17:00:00', NULL, '2001-01-30 17:00:00', NULL),
(642, 1, 'transCheck', '1332.00', '1332.00', '2015-07-02 08:22:00', 'D000', '2001-01-30 17:00:00', NULL, '2001-01-30 17:00:00', NULL),
(643, 1, 'transCheck', '1332.00', '1332.00', '2015-07-02 08:26:32', 'D000', '2001-01-30 17:00:00', NULL, '2001-01-30 17:00:00', NULL),
(644, 1, 'C58070001', '25.00', '1357.00', '2015-07-03 11:35:22', 'D000', '2001-01-30 17:00:00', NULL, '2001-01-30 17:00:00', NULL),
(645, 1, 'V58070005', '54.00', '1411.00', '2015-07-03 11:43:32', 'S001', '2001-01-30 17:00:00', NULL, '2001-01-30 17:00:00', NULL),
(646, 1, 'V58070006', '84.00', '1495.00', '2015-07-03 11:45:47', 'S001', '2001-01-30 17:00:00', NULL, '2001-01-30 17:00:00', NULL),
(647, 1, 'V58070007', '616.00', '2111.00', '2015-07-03 11:46:22', 'S001', '2001-01-30 17:00:00', NULL, '2001-01-30 17:00:00', NULL),
(648, 1, 'V58070008', '207.00', '2318.00', '2015-07-03 14:52:23', 'S001', '2001-01-30 17:00:00', NULL, '2001-01-30 17:00:00', NULL),
(649, 1, 'V58070009', '148.00', '2466.00', '2015-07-03 14:54:22', 'S001', '2001-01-30 17:00:00', NULL, '2001-01-30 17:00:00', NULL),
(650, 1, 'V58070010', '168.00', '2634.00', '2015-07-03 14:55:11', 'S001', '2001-01-30 17:00:00', NULL, '2001-01-30 17:00:00', NULL),
(651, 1, 'V58070011', '354.00', '2988.00', '2015-07-03 14:56:54', 'S001', '2001-01-30 17:00:00', NULL, '2001-01-30 17:00:00', NULL),
(652, 1, 'V58070012', '566.00', '3554.00', '2015-07-04 02:23:02', 'S001', '2001-01-30 17:00:00', NULL, '2001-01-30 17:00:00', NULL),
(653, 1, 'V58070013', '74.00', '3628.00', '2015-07-04 02:27:37', 'S001', '2001-01-30 17:00:00', NULL, '2001-01-30 17:00:00', NULL),
(654, 1, 'V58070014', '187.00', '3815.00', '2015-07-04 02:56:33', 'S001', '2001-01-30 17:00:00', NULL, '2001-01-30 17:00:00', NULL),
(655, 1, 'V58070015', '64.00', '3879.00', '2015-07-04 02:57:06', 'S001', '2001-01-30 17:00:00', NULL, '2001-01-30 17:00:00', NULL),
(656, 1, 'V58070016', '148.00', '4027.00', '2015-07-04 04:20:11', 'S001', '2001-01-30 17:00:00', NULL, '2001-01-30 17:00:00', NULL),
(657, 1, 'C58070002', '124.00', '4151.00', '2015-07-04 07:51:56', 'D000', '2001-01-30 17:00:00', NULL, '2001-01-30 17:00:00', NULL),
(658, 1, 'C58070003', '469.00', '4620.00', '2015-07-04 07:53:26', 'D000', '2001-01-30 17:00:00', NULL, '2001-01-30 17:00:00', NULL),
(659, 1, 'C58070005', '25.00', '4645.00', '2015-07-04 14:15:53', 'D000', '2001-01-30 17:00:00', NULL, '2001-01-30 17:00:00', NULL),
(660, 1, 'C58070006', '35.00', '4680.00', '2015-07-04 14:17:03', 'D000', '2001-01-30 17:00:00', NULL, '2001-01-30 17:00:00', NULL),
(661, 1, 'transSendBL', '0.00', '4680.00', '2015-07-09 02:52:10', 'D000', '2001-01-30 17:00:00', NULL, '2001-01-30 17:00:00', NULL),
(662, 1, 'C58070007', '20.00', '4700.00', '2015-07-20 13:43:02', 'D000', '2001-01-30 17:00:00', NULL, '2001-01-30 17:00:00', NULL),
(663, 1, 'C58070008', '20.00', '4720.00', '2015-07-20 13:52:52', 'D000', '2001-01-30 17:00:00', NULL, '2001-01-30 17:00:00', NULL),
(664, 1, 'C58070009', '40.00', '4760.00', '2015-07-20 14:07:32', 'D000', '2001-01-30 17:00:00', NULL, '2001-01-30 17:00:00', NULL),
(665, 1, 'V58070017', '40.00', '4800.00', '2015-07-20 14:24:35', 'S001', '2001-01-30 17:00:00', NULL, '2001-01-30 17:00:00', NULL),
(666, 1, 'V58070018', '59.00', '4859.00', '2015-07-20 17:36:14', 'S001', '2001-01-30 17:00:00', NULL, '2001-01-30 17:00:00', NULL),
(667, 1, 'C58070004', '543.00', '5402.00', '2015-07-21 03:20:56', 'S001', '2001-01-30 17:00:00', NULL, '2001-01-30 17:00:00', NULL),
(668, 1, 'V58070019', '59.00', '5461.00', '2015-07-21 03:23:43', 'S001', '2001-01-30 17:00:00', NULL, '2001-01-30 17:00:00', NULL),
(669, 1, 'C58070010', '60.00', '5521.00', '2015-07-21 04:37:45', 'D000', '2001-01-30 17:00:00', NULL, '2001-01-30 17:00:00', NULL),
(670, 1, 'C58070011', '55.00', '5576.00', '2015-07-21 04:38:29', 'D000', '2001-01-30 17:00:00', NULL, '2001-01-30 17:00:00', NULL),
(671, 1, 'C58070012', '69.00', '5645.00', '2015-07-21 04:38:54', 'D000', '2001-01-30 17:00:00', NULL, '2001-01-30 17:00:00', NULL),
(672, 1, 'C58070013', '94.00', '5739.00', '2015-07-21 06:45:37', 'D000', '2001-01-30 17:00:00', NULL, '2001-01-30 17:00:00', NULL),
(673, 1, 'C58070014', '65.00', '5804.00', '2015-07-21 06:45:54', 'D000', '2001-01-30 17:00:00', NULL, '2001-01-30 17:00:00', NULL),
(674, 1, 'C58070015', '69.00', '5873.00', '2015-07-21 09:02:02', 'D000', '2001-01-30 17:00:00', NULL, '2001-01-30 17:00:00', NULL),
(675, 1, 'C58070016', '64.00', '5937.00', '2015-07-21 11:26:08', 'D000', '2001-01-30 17:00:00', NULL, '2001-01-30 17:00:00', NULL),
(676, 1, 'C58070017', '50.00', '5987.00', '2015-07-21 11:30:00', 'D000', '2001-01-30 17:00:00', NULL, '2001-01-30 17:00:00', NULL),
(677, 1, 'C58070018', '59.00', '6046.00', '2015-07-21 11:40:02', 'D000', '2001-01-30 17:00:00', NULL, '2001-01-30 17:00:00', NULL),
(678, 1, 'C58070019', '20.00', '6066.00', '2015-07-21 11:45:32', 'D000', '2001-01-30 17:00:00', NULL, '2001-01-30 17:00:00', NULL),
(679, 1, 'C58070020', '20.00', '6086.00', '2015-07-21 11:46:50', 'D000', '2001-01-30 17:00:00', NULL, '2001-01-30 17:00:00', NULL),
(680, 1, 'C58070021', '105.00', '6191.00', '2015-07-21 15:00:34', 'D000', '2001-01-30 17:00:00', NULL, '2001-01-30 17:00:00', NULL),
(681, 1, 'C58070022', '40.00', '6231.00', '2015-07-21 16:18:22', 'D000', '2001-01-30 17:00:00', NULL, '2001-01-30 17:00:00', NULL),
(682, 1, 'C58070023', '25.00', '6256.00', '2015-07-21 16:21:10', 'D000', '2001-01-30 17:00:00', NULL, '2001-01-30 17:00:00', NULL),
(683, 1, 'C58070024', '20.00', '6276.00', '2015-07-21 16:22:42', 'D000', '2001-01-30 17:00:00', NULL, '2001-01-30 17:00:00', NULL),
(684, 1, 'C58070025', '200.00', '6476.00', '2015-07-21 16:28:36', 'D000', '2001-01-30 17:00:00', NULL, '2001-01-30 17:00:00', NULL),
(685, 1, 'C58070026', '25.00', '6501.00', '2015-07-21 16:31:22', 'D000', '2001-01-30 17:00:00', NULL, '2001-01-30 17:00:00', NULL),
(686, 1, 'C58070027', '20.00', '6521.00', '2015-07-21 16:32:22', 'D000', '2001-01-30 17:00:00', NULL, '2001-01-30 17:00:00', NULL),
(687, 1, 'C58070028', '64.00', '6585.00', '2015-07-21 16:33:43', 'D000', '2001-01-30 17:00:00', NULL, '2001-01-30 17:00:00', NULL),
(688, 1, 'C58070029', '225.00', '6810.00', '2015-07-21 16:34:39', 'D000', '2001-01-30 17:00:00', NULL, '2001-01-30 17:00:00', NULL),
(689, 1, 'C58070030', '25.00', '6835.00', '2015-07-21 16:35:52', 'D000', '2001-01-30 17:00:00', NULL, '2001-01-30 17:00:00', NULL),
(690, 1, 'C58070031', '69.00', '6904.00', '2015-07-21 16:37:01', 'D000', '2001-01-30 17:00:00', NULL, '2001-01-30 17:00:00', NULL),
(691, 1, 'C58070032', '30.00', '6934.00', '2015-07-21 16:53:20', 'D000', '2001-01-30 17:00:00', NULL, '2001-01-30 17:00:00', NULL),
(692, 1, 'C58070033', '55.00', '6989.00', '2015-07-21 17:11:08', 'D000', '2001-01-30 17:00:00', NULL, '2001-01-30 17:00:00', NULL),
(693, 1, 'C58070034', '30.00', '7019.00', '2015-07-21 17:13:33', 'D000', '2001-01-30 17:00:00', NULL, '2001-01-30 17:00:00', NULL),
(694, 1, 'C58070035', '20.00', '7039.00', '2015-07-21 17:27:54', 'D000', '2001-01-30 17:00:00', NULL, '2001-01-30 17:00:00', NULL),
(695, 1, 'C58070036', '39.00', '7078.00', '2015-07-21 17:30:51', 'D000', '2001-01-30 17:00:00', NULL, '2001-01-30 17:00:00', NULL),
(696, 1, 'C58070037', '40.00', '7118.00', '2015-07-21 17:34:04', 'D000', '2001-01-30 17:00:00', NULL, '2001-01-30 17:00:00', NULL),
(697, 1, 'C58070038', '25.00', '7143.00', '2015-07-21 17:37:11', 'D000', '2001-01-30 17:00:00', NULL, '2001-01-30 17:00:00', NULL),
(698, 1, 'C58070039', '120.00', '7263.00', '2015-07-22 00:49:12', 'D000', '2001-01-30 17:00:00', NULL, '2001-01-30 17:00:00', NULL),
(699, 1, 'C58070040', '200.00', '7463.00', '2015-07-22 00:50:03', 'D000', '2001-01-30 17:00:00', NULL, '2001-01-30 17:00:00', NULL),
(700, 1, 'C58070041', '100.00', '7563.00', '2015-07-22 00:54:03', 'D000', '2001-01-30 17:00:00', NULL, '2001-01-30 17:00:00', NULL),
(701, 1, 'C58070042', '69.00', '7632.00', '2015-07-22 01:34:19', 'D000', '2001-01-30 17:00:00', NULL, '2001-01-30 17:00:00', NULL),
(702, 1, 'C58070043', '94.00', '7726.00', '2015-07-22 01:50:44', 'D000', '2001-01-30 17:00:00', NULL, '2001-01-30 17:00:00', NULL),
(703, 1, 'C58070044', '25.00', '7751.00', '2015-07-22 02:08:40', 'D000', '2001-01-30 17:00:00', NULL, '2001-01-30 17:00:00', NULL),
(704, 1, 'C58070045', '148.00', '7899.00', '2015-07-22 02:21:48', 'D000', '2001-01-30 17:00:00', NULL, '2001-01-30 17:00:00', NULL),
(705, 1, 'C58070046', '20.00', '7919.00', '2015-07-22 03:02:25', 'D000', '2001-01-30 17:00:00', NULL, '2001-01-30 17:00:00', NULL),
(706, 1, 'C58070047', '125.00', '8044.00', '2015-07-22 03:39:13', 'D000', '2001-01-30 17:00:00', NULL, '2001-01-30 17:00:00', NULL),
(707, 1, 'C58070048', '69.00', '8113.00', '2015-07-22 03:50:27', 'D000', '2001-01-30 17:00:00', NULL, '2001-01-30 17:00:00', NULL),
(708, 1, 'C58070049', '20.00', '8133.00', '2015-07-22 03:52:26', 'D000', '2001-01-30 17:00:00', NULL, '2001-01-30 17:00:00', NULL),
(709, 1, 'C58070050', '120.00', '8253.00', '2015-07-22 03:55:51', 'D000', '2001-01-30 17:00:00', NULL, '2001-01-30 17:00:00', NULL),
(710, 1, 'C58070051', '200.00', '8453.00', '2015-07-22 03:56:34', 'D000', '2001-01-30 17:00:00', NULL, '2001-01-30 17:00:00', NULL),
(711, 1, 'C58070052', '59.00', '8512.00', '2015-07-22 04:11:15', 'D000', '2001-01-30 17:00:00', NULL, '2001-01-30 17:00:00', NULL),
(712, 1, 'C58070053', '100.00', '8612.00', '2015-07-22 04:14:22', 'D000', '2001-01-30 17:00:00', NULL, '2001-01-30 17:00:00', NULL),
(713, 1, 'C58070054', '210.00', '8822.00', '2015-07-22 04:15:33', 'D000', '2001-01-30 17:00:00', NULL, '2001-01-30 17:00:00', NULL),
(714, 1, 'C58070055', '364.00', '9186.00', '2015-07-22 04:27:35', 'D000', '2001-01-30 17:00:00', NULL, '2001-01-30 17:00:00', NULL),
(715, 1, 'C58070056', '155.00', '9341.00', '2015-07-22 04:45:12', 'D000', '2001-01-30 17:00:00', NULL, '2001-01-30 17:00:00', NULL),
(716, 1, 'C58070057', '45.00', '9386.00', '2015-07-22 04:53:52', 'D000', '2001-01-30 17:00:00', NULL, '2001-01-30 17:00:00', NULL),
(717, 1, 'C58070058', '30.00', '9416.00', '2015-07-22 04:56:45', 'D000', '2001-01-30 17:00:00', NULL, '2001-01-30 17:00:00', NULL),
(718, 1, 'C58070059', '69.00', '9485.00', '2015-07-22 04:58:59', 'D000', '2001-01-30 17:00:00', NULL, '2001-01-30 17:00:00', NULL),
(719, 1, 'C58070060', '69.00', '9554.00', '2015-07-22 05:00:21', 'D000', '2001-01-30 17:00:00', NULL, '2001-01-30 17:00:00', NULL),
(720, 1, 'C58070061', '128.00', '9682.00', '2015-07-22 05:03:57', 'D000', '2001-01-30 17:00:00', NULL, '2001-01-30 17:00:00', NULL),
(721, 1, 'C58070062', '69.00', '9751.00', '2015-07-22 05:05:41', 'D000', '2001-01-30 17:00:00', NULL, '2001-01-30 17:00:00', NULL),
(722, 1, 'C58070063', '69.00', '9820.00', '2015-07-22 05:07:12', 'D000', '2001-01-30 17:00:00', NULL, '2001-01-30 17:00:00', NULL),
(723, 1, 'C58070064', '30.00', '9850.00', '2015-07-22 05:08:57', 'D000', '2001-01-30 17:00:00', NULL, '2001-01-30 17:00:00', NULL),
(724, 1, 'C58070065', '20.00', '9870.00', '2015-07-22 05:10:36', 'D000', '2001-01-30 17:00:00', NULL, '2001-01-30 17:00:00', NULL),
(725, 1, 'C58070066', '30.00', '9900.00', '2015-07-22 05:11:02', 'D000', '2001-01-30 17:00:00', NULL, '2001-01-30 17:00:00', NULL),
(726, 1, 'C58070067', '25.00', '9925.00', '2015-07-22 05:12:35', 'D000', '2001-01-30 17:00:00', NULL, '2001-01-30 17:00:00', NULL),
(727, 1, 'C58070068', '59.00', '9984.00', '2015-07-22 05:14:26', 'D000', '2001-01-30 17:00:00', NULL, '2001-01-30 17:00:00', NULL),
(728, 1, 'C58070069', '79.00', '10063.00', '2015-07-22 05:15:41', 'D000', '2001-01-30 17:00:00', NULL, '2001-01-30 17:00:00', NULL),
(729, 1, 'C58070070', '25.00', '10088.00', '2015-07-22 05:21:46', 'D000', '2001-01-30 17:00:00', NULL, '2001-01-30 17:00:00', NULL),
(730, 1, 'C58070071', '89.00', '10177.00', '2015-07-22 06:52:34', 'D000', '2001-01-30 17:00:00', NULL, '2001-01-30 17:00:00', NULL),
(731, 1, 'C58070072', '99.00', '10276.00', '2015-07-22 06:54:48', 'D000', '2001-01-30 17:00:00', NULL, '2001-01-30 17:00:00', NULL),
(732, 1, 'C58070073', '25.00', '10301.00', '2015-07-22 09:53:18', 'D000', '2001-01-30 17:00:00', NULL, '2001-01-30 17:00:00', NULL),
(733, 1, 'C58070074', '15.00', '10316.00', '2015-07-22 10:06:51', 'D000', '2001-01-30 17:00:00', NULL, '2001-01-30 17:00:00', NULL),
(734, 1, 'C58070075', '69.00', '10385.00', '2015-07-22 10:09:16', 'D000', '2001-01-30 17:00:00', NULL, '2001-01-30 17:00:00', NULL),
(735, 1, 'C58070076', '114.00', '10499.00', '2015-07-22 10:11:39', 'D000', '2001-01-30 17:00:00', NULL, '2001-01-30 17:00:00', NULL),
(736, 1, 'C58070077', '20.00', '10519.00', '2015-07-22 12:08:07', 'D000', '2001-01-30 17:00:00', NULL, '2001-01-30 17:00:00', NULL),
(737, 1, 'C58070078', '79.00', '10598.00', '2015-07-22 12:10:13', 'D000', '2001-01-30 17:00:00', NULL, '2001-01-30 17:00:00', NULL),
(738, 1, 'C58070079', '100.00', '10698.00', '2015-07-22 12:58:10', 'D000', '2001-01-30 17:00:00', NULL, '2001-01-30 17:00:00', NULL),
(739, 1, 'C58070081', '169.00', '10867.00', '2015-07-22 13:22:27', 'D000', '2001-01-30 17:00:00', NULL, '2001-01-30 17:00:00', NULL),
(740, 1, 'C58070082', '169.00', '11036.00', '2015-07-22 13:30:53', 'D000', '2001-01-30 17:00:00', NULL, '2001-01-30 17:00:00', NULL),
(741, 1, 'C58070083', '25.00', '11061.00', '2015-07-22 13:53:13', 'D000', '2001-01-30 17:00:00', NULL, '2001-01-30 17:00:00', NULL),
(742, 1, 'C58070084', '20.00', '11081.00', '2015-07-22 13:57:53', 'D000', '2001-01-30 17:00:00', NULL, '2001-01-30 17:00:00', NULL),
(743, 1, 'C58070085', '185.00', '11266.00', '2015-07-22 14:01:15', 'D000', '2001-01-30 17:00:00', NULL, '2001-01-30 17:00:00', NULL),
(744, 1, 'C58070086', '40.00', '11306.00', '2015-07-23 02:40:16', 'D000', '2001-01-30 17:00:00', NULL, '2001-01-30 17:00:00', NULL),
(745, 1, 'C58070087', '20.00', '11326.00', '2015-07-23 02:44:45', 'D000', '2001-01-30 17:00:00', NULL, '2001-01-30 17:00:00', NULL),
(746, 1, 'C58070088', '35.00', '11361.00', '2015-07-23 02:46:52', 'D000', '2001-01-30 17:00:00', NULL, '2001-01-30 17:00:00', NULL),
(747, 1, 'C58070089', '50.00', '11411.00', '2015-07-23 02:48:41', 'D000', '2001-01-30 17:00:00', NULL, '2001-01-30 17:00:00', NULL),
(748, 1, 'C58070090', '258.00', '11669.00', '2015-07-23 02:50:20', 'D000', '2001-01-30 17:00:00', NULL, '2001-01-30 17:00:00', NULL),
(749, 1, 'C58070091', '20.00', '11689.00', '2015-07-23 03:06:26', 'D000', '2001-01-30 17:00:00', NULL, '2001-01-30 17:00:00', NULL),
(750, 1, 'C58070092', '84.00', '11773.00', '2015-07-23 03:09:27', 'D000', '2001-01-30 17:00:00', NULL, '2001-01-30 17:00:00', NULL),
(751, 1, 'C58070093', '214.00', '11987.00', '2015-07-23 03:12:32', 'D000', '2001-01-30 17:00:00', NULL, '2001-01-30 17:00:00', NULL),
(752, 1, 'C58070094', '59.00', '12046.00', '2015-07-23 03:14:18', 'D000', '2001-01-30 17:00:00', NULL, '2001-01-30 17:00:00', NULL),
(753, 1, 'C58070095', '60.00', '12106.00', '2015-07-23 14:47:00', 'D000', '2001-01-30 17:00:00', NULL, '2001-01-30 17:00:00', NULL),
(754, 1, 'C58070096', '128.00', '12234.00', '2015-07-23 14:49:43', 'D000', '2001-01-30 17:00:00', NULL, '2001-01-30 17:00:00', NULL),
(755, 1, 'C58070097', '142.00', '12376.00', '2015-07-23 15:31:05', 'D000', '2001-01-30 17:00:00', NULL, '2001-01-30 17:00:00', NULL),
(756, 1, 'C58070098', '50.00', '12426.00', '2015-07-23 16:50:59', 'D000', '2001-01-30 17:00:00', NULL, '2001-01-30 17:00:00', NULL),
(757, 1, 'C58070099', '20.00', '12446.00', '2015-07-23 16:58:40', 'D000', '2001-01-30 17:00:00', NULL, '2001-01-30 17:00:00', NULL),
(758, 1, 'C58070100', '39.00', '12485.00', '2015-07-23 16:59:32', 'D000', '2001-01-30 17:00:00', NULL, '2001-01-30 17:00:00', NULL),
(759, 1, 'C58070101', '20.00', '12505.00', '2015-07-23 17:05:43', 'D000', '2001-01-30 17:00:00', NULL, '2001-01-30 17:00:00', NULL),
(760, 1, 'C58070102', '25.00', '12530.00', '2015-07-23 17:11:20', 'D000', '2001-01-30 17:00:00', NULL, '2001-01-30 17:00:00', NULL),
(761, 1, 'C58070103', '25.00', '12555.00', '2015-07-23 17:16:25', 'D000', '2001-01-30 17:00:00', NULL, '2001-01-30 17:00:00', NULL),
(762, 1, 'C58070104', '25.00', '12580.00', '2015-07-23 17:20:22', 'D000', '2001-01-30 17:00:00', NULL, '2001-01-30 17:00:00', NULL),
(763, 1, 'C58070105', '25.00', '12605.00', '2015-07-23 17:29:14', 'D000', '2001-01-30 17:00:00', NULL, '2001-01-30 17:00:00', NULL),
(764, 1, 'C58070106', '25.00', '12630.00', '2015-07-23 17:34:30', 'D000', '2001-01-30 17:00:00', NULL, '2001-01-30 17:00:00', NULL),
(765, 1, 'C58070107', '20.00', '12650.00', '2015-07-23 17:43:05', 'D000', '2001-01-30 17:00:00', NULL, '2001-01-30 17:00:00', NULL),
(766, 1, 'C58070108', '25.00', '12675.00', '2015-07-23 18:12:01', 'D000', '2001-01-30 17:00:00', NULL, '2001-01-30 17:00:00', NULL),
(767, 1, 'C58070109', '20.00', '12695.00', '2015-07-23 18:15:47', 'D000', '2001-01-30 17:00:00', NULL, '2001-01-30 17:00:00', NULL),
(768, 1, 'C58070110', '40.00', '12735.00', '2015-07-23 18:21:45', 'D000', '2001-01-30 17:00:00', NULL, '2001-01-30 17:00:00', NULL),
(769, 1, 'C58070111', '25.00', '12760.00', '2015-07-24 03:20:20', 'D000', '2001-01-30 17:00:00', NULL, '2001-01-30 17:00:00', NULL),
(770, 1, 'C58070112', '40.00', '12800.00', '2015-07-24 05:48:57', 'D000', '2001-01-30 17:00:00', NULL, '2001-01-30 17:00:00', NULL),
(771, 1, 'C58070080', '69.00', '12869.00', '2015-07-24 06:34:51', 'D000', '2001-01-30 17:00:00', NULL, '2001-01-30 17:00:00', NULL),
(772, 1, 'C58070113', '69.00', '12938.00', '2015-07-24 07:11:26', 'D000', '2001-01-30 17:00:00', NULL, '2001-01-30 17:00:00', NULL),
(773, 1, 'C58070114', '79.00', '13017.00', '2015-07-24 07:12:28', 'D000', '2001-01-30 17:00:00', NULL, '2001-01-30 17:00:00', NULL),
(774, 1, 'C58070115', '69.00', '13086.00', '2015-07-24 07:17:39', 'D000', '2001-01-30 17:00:00', NULL, '2001-01-30 17:00:00', NULL),
(775, 1, 'C58070116', '69.00', '13155.00', '2015-07-24 07:17:58', 'D000', '2001-01-30 17:00:00', NULL, '2001-01-30 17:00:00', NULL),
(776, 1, 'C58070117', '819.00', '13974.00', '2015-07-24 07:19:53', 'D000', '2001-01-30 17:00:00', NULL, '2001-01-30 17:00:00', NULL),
(777, 1, 'C58070118', '928.00', '14902.00', '2015-07-24 07:20:42', 'D000', '2001-01-30 17:00:00', NULL, '2001-01-30 17:00:00', NULL),
(778, 1, 'C58070119', '45.00', '14947.00', '2015-07-24 07:58:09', 'D000', '2001-01-30 17:00:00', NULL, '2001-01-30 17:00:00', NULL),
(779, 1, 'C58070120', '25.00', '14972.00', '2015-07-24 08:00:27', 'D000', '2001-01-30 17:00:00', NULL, '2001-01-30 17:00:00', NULL),
(780, 1, 'C58070121', '30.00', '15002.00', '2015-07-24 08:48:38', 'D000', '2001-01-30 17:00:00', NULL, '2001-01-30 17:00:00', NULL),
(781, 1, 'C58070122', '35.00', '15037.00', '2015-07-24 09:05:37', 'D000', '2001-01-30 17:00:00', NULL, '2001-01-30 17:00:00', NULL),
(782, 1, 'C58070123', '25.00', '15062.00', '2015-07-24 09:19:56', 'D000', '2001-01-30 17:00:00', NULL, '2001-01-30 17:00:00', NULL),
(783, 1, 'C58070124', '30.00', '15092.00', '2015-07-24 09:24:09', 'D000', '2001-01-30 17:00:00', NULL, '2001-01-30 17:00:00', NULL),
(784, 1, 'C58070125', '79.00', '15171.00', '2015-07-24 09:31:19', 'D000', '2001-01-30 17:00:00', NULL, '2001-01-30 17:00:00', NULL),
(785, 1, 'C58070126', '30.00', '15201.00', '2015-07-24 09:35:45', 'D000', '2001-01-30 17:00:00', NULL, '2001-01-30 17:00:00', NULL),
(786, 1, 'C58070127', '30.00', '15231.00', '2015-07-24 09:39:06', 'D000', '2001-01-30 17:00:00', NULL, '2001-01-30 17:00:00', NULL),
(787, 1, 'C58070128', '30.00', '15261.00', '2015-07-24 09:48:42', 'D000', '2001-01-30 17:00:00', NULL, '2001-01-30 17:00:00', NULL),
(788, 1, 'C58070129', '35.00', '15296.00', '2015-07-24 17:22:53', 'D000', '2001-01-30 17:00:00', NULL, '2001-01-30 17:00:00', NULL),
(789, 1, 'C58070130', '30.00', '15326.00', '2015-07-24 17:28:22', 'D000', '2001-01-30 17:00:00', NULL, '2001-01-30 17:00:00', NULL),
(790, 1, 'C58070131', '20.00', '15346.00', '2015-07-24 17:42:57', 'D000', '2001-01-30 17:00:00', NULL, '2001-01-30 17:00:00', NULL),
(791, 1, 'C58070132', '20.00', '15366.00', '2015-07-24 17:45:37', 'D000', '2001-01-30 17:00:00', NULL, '2001-01-30 17:00:00', NULL),
(792, 1, 'C58070133', '20.00', '15386.00', '2015-07-24 17:49:48', 'D000', '2001-01-30 17:00:00', NULL, '2001-01-30 17:00:00', NULL),
(793, 1, 'C58070134', '30.00', '15416.00', '2015-07-24 18:02:52', 'D000', '2001-01-30 17:00:00', NULL, '2001-01-30 17:00:00', NULL),
(794, 1, 'C58070135', '30.00', '15446.00', '2015-07-24 18:10:22', 'D000', '2001-01-30 17:00:00', NULL, '2001-01-30 17:00:00', NULL),
(795, 1, 'C58070136', '30.00', '15476.00', '2015-07-24 18:14:33', 'D000', '2001-01-30 17:00:00', NULL, '2001-01-30 17:00:00', NULL),
(796, 1, 'C58070137', '20.00', '15496.00', '2015-07-24 18:21:08', 'D000', '2001-01-30 17:00:00', NULL, '2001-01-30 17:00:00', NULL),
(797, 1, 'C58070138', '39.00', '15535.00', '2015-07-24 18:33:07', 'D000', '2001-01-30 17:00:00', NULL, '2001-01-30 17:00:00', NULL),
(798, 1, 'C58070139', '20.00', '15555.00', '2015-07-24 18:44:50', 'D000', '2001-01-30 17:00:00', NULL, '2001-01-30 17:00:00', NULL),
(799, 1, 'C58070140', '39.00', '15594.00', '2015-07-25 08:01:48', 'D000', '2001-01-30 17:00:00', NULL, '2001-01-30 17:00:00', NULL),
(800, 1, 'C58070141', '30.00', '15624.00', '2015-07-25 08:06:30', 'D000', '2001-01-30 17:00:00', NULL, '2001-01-30 17:00:00', NULL),
(801, 1, 'C58070142', '20.00', '15644.00', '2015-07-25 08:11:46', 'D000', '2001-01-30 17:00:00', NULL, '2001-01-30 17:00:00', NULL),
(802, 1, 'C58070143', '25.00', '15669.00', '2015-07-25 08:15:02', 'D000', '2001-01-30 17:00:00', NULL, '2001-01-30 17:00:00', NULL),
(803, 1, 'C58070144', '20.00', '15689.00', '2015-07-25 08:15:31', 'D000', '2001-01-30 17:00:00', NULL, '2001-01-30 17:00:00', NULL),
(804, 1, 'C58070145', '30.00', '15719.00', '2015-07-25 08:16:39', 'D000', '2001-01-30 17:00:00', NULL, '2001-01-30 17:00:00', NULL),
(805, 1, 'C58070146', '20.00', '15739.00', '2015-07-25 08:22:11', 'D000', '2001-01-30 17:00:00', NULL, '2001-01-30 17:00:00', NULL),
(806, 1, 'C58070147', '45.00', '15784.00', '2015-07-25 08:37:11', 'D000', '2001-01-30 17:00:00', NULL, '2001-01-30 17:00:00', NULL),
(807, 1, 'C58070148', '20.00', '15804.00', '2015-07-25 08:44:15', 'D000', '2001-01-30 17:00:00', NULL, '2001-01-30 17:00:00', NULL),
(808, 1, 'C58070149', '30.00', '15834.00', '2015-07-25 08:48:12', 'D000', '2001-01-30 17:00:00', NULL, '2001-01-30 17:00:00', NULL),
(809, 1, 'C58070150', '20.00', '15854.00', '2015-07-25 08:53:36', 'D000', '2001-01-30 17:00:00', NULL, '2001-01-30 17:00:00', NULL),
(810, 1, 'C58070151', '20.00', '15874.00', '2015-07-25 08:54:38', 'D000', '2001-01-30 17:00:00', NULL, '2001-01-30 17:00:00', NULL),
(811, 1, 'C58070152', '20.00', '15894.00', '2015-07-25 08:54:58', 'D000', '2001-01-30 17:00:00', NULL, '2001-01-30 17:00:00', NULL),
(812, 1, 'C58070153', '20.00', '15914.00', '2015-07-25 09:46:08', 'D000', '2001-01-30 17:00:00', NULL, '2001-01-30 17:00:00', NULL),
(813, 1, 'C58070154', '20.00', '15934.00', '2015-07-25 10:02:32', 'D000', '2001-01-30 17:00:00', NULL, '2001-01-30 17:00:00', NULL),
(814, 1, 'C58070155', '20.00', '15954.00', '2015-07-25 10:10:26', 'D000', '2001-01-30 17:00:00', NULL, '2001-01-30 17:00:00', NULL),
(815, 1, 'C58070156', '20.00', '15974.00', '2015-07-25 10:15:49', 'D000', '2001-01-30 17:00:00', NULL, '2001-01-30 17:00:00', NULL),
(816, 1, 'C58070157', '20.00', '15994.00', '2015-07-25 10:17:28', 'D000', '2001-01-30 17:00:00', NULL, '2001-01-30 17:00:00', NULL),
(817, 1, 'C58070158', '20.00', '16014.00', '2015-07-25 10:18:53', 'D000', '2001-01-30 17:00:00', NULL, '2001-01-30 17:00:00', NULL),
(818, 1, 'C58070159', '20.00', '16034.00', '2015-07-25 10:21:09', 'D000', '2001-01-30 17:00:00', NULL, '2001-01-30 17:00:00', NULL),
(819, 1, 'C58070160', '20.00', '16054.00', '2015-07-25 11:30:43', 'D000', '2001-01-30 17:00:00', NULL, '2001-01-30 17:00:00', NULL),
(820, 1, 'C58070161', '20.00', '16074.00', '2015-07-25 12:35:03', 'D000', '2001-01-30 17:00:00', NULL, '2001-01-30 17:00:00', NULL),
(821, 1, 'C58070162', '69.00', '16143.00', '2015-07-25 13:07:42', 'D000', '2001-01-30 17:00:00', NULL, '2001-01-30 17:00:00', NULL),
(822, 1, 'C58070163', '337.00', '16480.00', '2015-07-25 13:08:16', 'D000', '2001-01-30 17:00:00', NULL, '2001-01-30 17:00:00', NULL),
(823, 1, 'C58070164', '25.00', '16505.00', '2015-07-25 13:15:52', 'D000', '2001-01-30 17:00:00', NULL, '2001-01-30 17:00:00', NULL),
(824, 1, 'C58070165', '20.00', '16525.00', '2015-07-25 14:21:50', 'D000', '2001-01-30 17:00:00', NULL, '2001-01-30 17:00:00', NULL),
(825, 1, 'C58070166', '20.00', '16545.00', '2015-07-25 14:24:08', 'D000', '2001-01-30 17:00:00', NULL, '2001-01-30 17:00:00', NULL),
(826, 1, 'C58070167', '20.00', '16565.00', '2015-07-25 14:34:44', 'D000', '2001-01-30 17:00:00', NULL, '2001-01-30 17:00:00', NULL),
(827, 1, 'C58070168', '20.00', '16585.00', '2015-07-25 14:35:54', 'D000', '2001-01-30 17:00:00', NULL, '2001-01-30 17:00:00', NULL),
(828, 1, 'C58070169', '20.00', '16605.00', '2015-07-25 15:09:38', 'D000', '2001-01-30 17:00:00', NULL, '2001-01-30 17:00:00', NULL),
(829, 1, 'C58070170', '20.00', '16625.00', '2015-07-25 15:38:00', 'D000', '2001-01-30 17:00:00', NULL, '2001-01-30 17:00:00', NULL),
(830, 1, 'C58070171', '20.00', '16645.00', '2015-07-25 16:01:08', 'D000', '2001-01-30 17:00:00', NULL, '2001-01-30 17:00:00', NULL),
(831, 1, 'C58070172', '39.00', '16684.00', '2015-07-25 16:04:06', 'D000', '2001-01-30 17:00:00', NULL, '2001-01-30 17:00:00', NULL),
(832, 1, 'C58070173', '69.00', '16753.00', '2015-07-25 17:05:44', 'D000', '2001-01-30 17:00:00', NULL, '2001-01-30 17:00:00', NULL),
(833, 1, 'C58070174', '79.00', '16832.00', '2015-07-25 17:10:15', 'D000', '2001-01-30 17:00:00', NULL, '2001-01-30 17:00:00', NULL),
(834, 1, 'C58070175', '25.00', '16857.00', '2015-07-26 00:35:44', 'D000', '2001-01-30 17:00:00', NULL, '2001-01-30 17:00:00', NULL),
(835, 1, 'C58070176', '30.00', '16887.00', '2015-07-26 00:46:20', 'D000', '2001-01-30 17:00:00', NULL, '2001-01-30 17:00:00', NULL),
(836, 1, 'C58070177', '20.00', '16907.00', '2015-07-26 00:49:20', 'D000', '2001-01-30 17:00:00', NULL, '2001-01-30 17:00:00', NULL),
(837, 1, 'C58070178', '20.00', '16927.00', '2015-07-26 00:55:16', 'D000', '2001-01-30 17:00:00', NULL, '2001-01-30 17:00:00', NULL),
(838, 1, 'C58070179', '20.00', '16947.00', '2015-07-26 01:22:23', 'D000', '2001-01-30 17:00:00', NULL, '2001-01-30 17:00:00', NULL),
(839, 1, 'C58070180', '20.00', '16967.00', '2015-07-26 01:22:38', 'D000', '2001-01-30 17:00:00', NULL, '2001-01-30 17:00:00', NULL),
(840, 1, 'C58070181', '20.00', '16987.00', '2015-07-26 01:25:16', 'D000', '2001-01-30 17:00:00', NULL, '2001-01-30 17:00:00', NULL),
(841, 1, 'C58070182', '25.00', '17012.00', '2015-07-26 02:18:16', 'D000', '2001-01-30 17:00:00', NULL, '2001-01-30 17:00:00', NULL),
(842, 1, 'C58070183', '20.00', '17032.00', '2015-07-26 06:59:25', 'D000', '2001-01-30 17:00:00', NULL, '2001-01-30 17:00:00', NULL),
(843, 1, 'C58070184', '50.00', '17082.00', '2015-07-26 07:01:20', 'D000', '2001-01-30 17:00:00', NULL, '2001-01-30 17:00:00', NULL),
(844, 1, 'C58070185', '20.00', '17102.00', '2015-07-26 07:07:09', 'D000', '2001-01-30 17:00:00', NULL, '2001-01-30 17:00:00', NULL),
(845, 1, 'C58070186', '20.00', '17122.00', '2015-07-26 07:14:19', 'D000', '2001-01-30 17:00:00', NULL, '2001-01-30 17:00:00', NULL),
(846, 1, 'C58070187', '20.00', '17142.00', '2015-07-27 05:45:10', 'D000', '2001-01-30 17:00:00', NULL, '2001-01-30 17:00:00', NULL),
(847, 1, 'C58070188', '20.00', '17162.00', '2015-07-27 05:49:26', 'D000', '2001-01-30 17:00:00', NULL, '2001-01-30 17:00:00', NULL),
(848, 1, 'C58070189', '20.00', '17182.00', '2015-07-31 05:55:50', 'D000', '2001-01-30 17:00:00', NULL, '2001-01-30 17:00:00', NULL),
(849, 1, 'C58070190', '20.00', '17202.00', '2015-07-31 10:59:41', 'D000', '2001-01-30 17:00:00', NULL, '2001-01-30 17:00:00', NULL),
(850, 1, 'C58070191', '20.00', '17222.00', '2015-07-31 14:05:12', 'D000', '2001-01-30 17:00:00', NULL, '2001-01-30 17:00:00', NULL),
(851, 1, 'C58070192', '69.00', '17291.00', '2015-07-31 14:09:01', 'D000', '2001-01-30 17:00:00', NULL, '2001-01-30 17:00:00', NULL),
(852, 1, 'C58070193', '20.00', '17311.00', '2015-07-31 14:15:35', 'D000', '2001-01-30 17:00:00', NULL, '2001-01-30 17:00:00', NULL),
(853, 1, 'C58070194', '99.00', '17410.00', '2015-07-31 14:19:28', 'D000', '2001-01-30 17:00:00', NULL, '2001-01-30 17:00:00', NULL),
(854, 1, 'C58070195', '128.00', '17538.00', '2015-07-31 14:21:40', 'D000', '2001-01-30 17:00:00', NULL, '2001-01-30 17:00:00', NULL),
(855, 1, 'C58070196', '59.00', '17597.00', '2015-07-31 14:41:07', 'D000', '2001-01-30 17:00:00', NULL, '2001-01-30 17:00:00', NULL),
(856, 1, 'C58070197', '20.00', '17617.00', '2015-07-28 09:07:36', 'D000', '2001-01-30 17:00:00', NULL, '2001-01-30 17:00:00', NULL),
(857, 1, 'C58070198', '20.00', '17637.00', '2015-07-29 09:45:03', 'D000', '2001-01-30 17:00:00', NULL, '2001-01-30 17:00:00', NULL),
(858, 1, 'C58070199', '25.00', '17662.00', '2015-07-29 09:45:44', 'D000', '2001-01-30 17:00:00', NULL, '2001-01-30 17:00:00', NULL),
(859, 1, 'C58070200', '20.00', '17682.00', '2015-07-29 10:07:44', 'D000', '2001-01-30 17:00:00', NULL, '2001-01-30 17:00:00', NULL),
(860, 1, 'C58070201', '20.00', '17702.00', '2015-07-29 15:46:47', 'D000', '2001-01-30 17:00:00', NULL, '2001-01-30 17:00:00', NULL),
(861, 1, 'C58070202', '55.00', '17757.00', '2015-07-29 16:20:33', 'D000', '2001-01-30 17:00:00', NULL, '2001-01-30 17:00:00', NULL),
(862, 1, 'C58070203', '20.00', '17777.00', '2015-07-29 16:48:56', 'D000', '2001-01-30 17:00:00', NULL, '2001-01-30 17:00:00', NULL),
(863, 1, 'C58070204', '25.00', '17802.00', '2015-07-29 16:50:16', 'D000', '2001-01-30 17:00:00', NULL, '2001-01-30 17:00:00', NULL),
(864, 1, 'C58070205', '20.00', '17822.00', '2015-07-29 17:04:29', 'D000', '2001-01-30 17:00:00', NULL, '2001-01-30 17:00:00', NULL),
(865, 1, 'C58070206', '20.00', '17842.00', '2015-07-29 17:10:09', 'D000', '2001-01-30 17:00:00', NULL, '2001-01-30 17:00:00', NULL),
(866, 1, 'C58070207', '20.00', '17862.00', '2015-07-29 17:12:37', 'D000', '2001-01-30 17:00:00', NULL, '2001-01-30 17:00:00', NULL),
(867, 1, 'C58070208', '270.00', '18132.00', '2015-07-29 17:25:37', 'D000', '2001-01-30 17:00:00', NULL, '2001-01-30 17:00:00', NULL),
(868, 1, 'C58070209', '20.00', '18152.00', '2015-07-29 17:41:07', 'D000', '2001-01-30 17:00:00', NULL, '2001-01-30 17:00:00', NULL),
(869, 1, 'C58070210', '599.00', '18751.00', '2015-07-30 03:29:08', 'D000', '2001-01-30 17:00:00', NULL, '2001-01-30 17:00:00', NULL),
(870, 1, 'C58070211', '25.00', '18776.00', '2015-07-30 03:32:32', 'D000', '2001-01-30 17:00:00', NULL, '2001-01-30 17:00:00', NULL),
(871, 1, 'C58070213', '134.00', '18910.00', '2015-07-30 08:04:20', 'D000', '2001-01-30 17:00:00', NULL, '2001-01-30 17:00:00', NULL),
(872, 1, 'C58080001', '168.00', '19078.00', '2015-08-11 07:18:23', 'D000', '2001-01-30 17:00:00', NULL, '2001-01-30 17:00:00', NULL),
(873, 1, 'C58080002', '30.00', '19108.00', '2015-08-11 10:20:47', 'D000', '2001-01-30 17:00:00', NULL, '2001-01-30 17:00:00', NULL),
(874, 1, 'C58080004', '114.00', '19222.00', '2015-08-12 05:18:05', 'D000', '2001-01-30 17:00:00', NULL, '2001-01-30 17:00:00', NULL),
(875, 1, 'C58080005', '94.00', '19316.00', '2015-08-12 05:19:56', 'D000', '2001-01-30 17:00:00', NULL, '2001-01-30 17:00:00', NULL),
(876, 1, 'C58080006', '20.00', '19336.00', '2015-08-12 11:20:10', 'D000', '2001-01-30 17:00:00', NULL, '2001-01-30 17:00:00', NULL),
(877, 1, 'C58080007', '89.00', '19425.00', '2015-08-12 11:21:58', 'D000', '2001-01-30 17:00:00', NULL, '2001-01-30 17:00:00', NULL),
(878, 1, 'C58080008', '45.00', '19470.00', '2015-08-12 11:24:07', 'D000', '2001-01-30 17:00:00', NULL, '2001-01-30 17:00:00', NULL),
(879, 1, 'C58080009', '89.00', '19559.00', '2015-08-12 11:25:32', 'D000', '2001-01-30 17:00:00', NULL, '2001-01-30 17:00:00', NULL),
(880, 1, 'C58080010', '20.00', '19579.00', '2015-08-12 11:32:08', 'D000', '2001-01-30 17:00:00', NULL, '2001-01-30 17:00:00', NULL),
(881, 1, 'C58080011', '30.00', '19609.00', '2015-08-12 13:38:33', 'D000', '2001-01-30 17:00:00', NULL, '2001-01-30 17:00:00', NULL),
(882, 1, 'C58080012', '25.00', '19634.00', '2015-08-12 13:43:31', 'D000', '2001-01-30 17:00:00', NULL, '2001-01-30 17:00:00', NULL),
(883, 1, 'C58080013', '20.00', '19654.00', '2015-08-12 13:52:58', 'D000', '2001-01-30 17:00:00', NULL, '2001-01-30 17:00:00', NULL),
(884, 1, 'C58080014', '20.00', '19674.00', '2015-08-12 13:55:02', 'D000', '2001-01-30 17:00:00', NULL, '2001-01-30 17:00:00', NULL),
(885, 1, 'C58080015', '20.00', '19694.00', '2015-08-12 15:26:52', 'D000', '2001-01-30 17:00:00', NULL, '2001-01-30 17:00:00', NULL),
(886, 1, 'C58080016', '20.00', '19714.00', '2015-08-12 15:36:12', 'D000', '2001-01-30 17:00:00', NULL, '2001-01-30 17:00:00', NULL),
(887, 1, 'C58080017', '20.00', '19734.00', '2015-08-12 15:38:36', 'D000', '2001-01-30 17:00:00', NULL, '2001-01-30 17:00:00', NULL),
(888, 1, 'C58080018', '20.00', '19754.00', '2015-08-12 15:53:31', 'D000', '2001-01-30 17:00:00', NULL, '2001-01-30 17:00:00', NULL),
(889, 1, 'C58080019', '20.00', '19774.00', '2015-08-12 15:57:56', 'D000', '2001-01-30 17:00:00', NULL, '2001-01-30 17:00:00', NULL),
(890, 1, 'C58080020', '20.00', '19794.00', '2015-08-12 15:59:12', 'D000', '2001-01-30 17:00:00', NULL, '2001-01-30 17:00:00', NULL),
(891, 1, 'C58080021', '20.00', '19814.00', '2015-08-13 02:03:55', 'D000', '2001-01-30 17:00:00', NULL, '2001-01-30 17:00:00', NULL),
(892, 1, 'C58080022', '79.00', '19893.00', '2015-08-13 06:37:51', 'D000', '2001-01-30 17:00:00', NULL, '2001-01-30 17:00:00', NULL),
(893, 1, 'C58080023', '60.00', '19953.00', '2015-08-13 06:43:25', 'D000', '2001-01-30 17:00:00', NULL, '2001-01-30 17:00:00', NULL),
(894, 1, 'C58080024', '20.00', '19973.00', '2015-08-13 06:45:23', 'D000', '2001-01-30 17:00:00', NULL, '2001-01-30 17:00:00', NULL),
(895, 1, 'C58080025', '35.00', '20008.00', '2015-08-13 06:46:01', 'D000', '2001-01-30 17:00:00', NULL, '2001-01-30 17:00:00', NULL),
(896, 1, 'C58080026', '20.00', '20028.00', '2015-08-13 06:53:46', 'D000', '2001-01-30 17:00:00', NULL, '2001-01-30 17:00:00', NULL),
(897, 1, 'C58080027', '110.00', '20138.00', '2015-08-13 06:57:59', 'D000', '2001-01-30 17:00:00', NULL, '2001-01-30 17:00:00', NULL),
(898, 1, 'C58080028', '25.00', '20163.00', '2015-08-13 09:36:20', 'D000', '2001-01-30 17:00:00', NULL, '2001-01-30 17:00:00', NULL),
(899, 1, 'C58080029', '20.00', '20183.00', '2015-08-13 10:33:02', 'D000', '2001-01-30 17:00:00', NULL, '2001-01-30 17:00:00', NULL),
(900, 1, 'C58080030', '20.00', '20203.00', '2015-08-13 10:37:31', 'D000', '2001-01-30 17:00:00', NULL, '2001-01-30 17:00:00', NULL),
(901, 1, 'C58080031', '20.00', '20223.00', '2015-08-13 10:40:16', 'D000', '2001-01-30 17:00:00', NULL, '2001-01-30 17:00:00', NULL),
(902, 1, 'C58080032', '20.00', '20243.00', '2015-08-13 11:01:36', 'D000', '2001-01-30 17:00:00', NULL, '2001-01-30 17:00:00', NULL),
(903, 1, 'C58080033', '20.00', '20263.00', '2015-08-13 11:04:53', 'D000', '2001-01-30 17:00:00', NULL, '2001-01-30 17:00:00', NULL),
(904, 1, 'C58080034', '20.00', '20283.00', '2015-08-13 11:47:31', 'D000', '2001-01-30 17:00:00', NULL, '2001-01-30 17:00:00', NULL),
(905, 1, 'C58080035', '30.00', '20313.00', '2015-08-13 12:01:36', 'D000', '2001-01-30 17:00:00', NULL, '2001-01-30 17:00:00', NULL),
(906, 1, 'C58080036', '30.00', '20343.00', '2015-08-13 12:09:35', 'D000', '2001-01-30 17:00:00', NULL, '2001-01-30 17:00:00', NULL),
(907, 1, 'C58080037', '20.00', '20363.00', '2015-08-13 12:16:46', 'D000', '2001-01-30 17:00:00', NULL, '2001-01-30 17:00:00', NULL),
(908, 1, 'C58080038', '20.00', '20383.00', '2015-08-13 12:21:25', 'D000', '2001-01-30 17:00:00', NULL, '2001-01-30 17:00:00', NULL),
(909, 1, 'C58080039', '20.00', '20403.00', '2015-08-13 12:24:01', 'D000', '2001-01-30 17:00:00', NULL, '2001-01-30 17:00:00', NULL),
(910, 1, 'C58080040', '20.00', '20423.00', '2015-08-13 12:25:13', 'D000', '2001-01-30 17:00:00', NULL, '2001-01-30 17:00:00', NULL),
(911, 1, 'C58080041', '20.00', '20443.00', '2015-08-13 12:28:16', 'D000', '2001-01-30 17:00:00', NULL, '2001-01-30 17:00:00', NULL),
(912, 1, 'C58080042', '30.00', '20473.00', '2015-08-13 12:31:44', 'D000', '2001-01-30 17:00:00', NULL, '2001-01-30 17:00:00', NULL),
(913, 1, 'C58080043', '40.00', '20513.00', '2015-08-13 12:33:26', 'D000', '2001-01-30 17:00:00', NULL, '2001-01-30 17:00:00', NULL),
(914, 1, 'C58080044', '20.00', '20533.00', '2015-08-13 12:41:46', 'D000', '2001-01-30 17:00:00', NULL, '2001-01-30 17:00:00', NULL),
(915, 1, 'C58080045', '20.00', '20553.00', '2015-08-13 12:48:30', 'D000', '2001-01-30 17:00:00', NULL, '2001-01-30 17:00:00', NULL),
(916, 1, 'C58080046', '20.00', '20573.00', '2015-08-13 12:50:09', 'D000', '2001-01-30 17:00:00', NULL, '2001-01-30 17:00:00', NULL),
(917, 1, 'C58080047', '20.00', '20593.00', '2015-08-13 12:52:24', 'D000', '2001-01-30 17:00:00', NULL, '2001-01-30 17:00:00', NULL),
(918, 1, 'C58080048', '30.00', '20623.00', '2015-08-13 12:55:08', 'D000', '2001-01-30 17:00:00', NULL, '2001-01-30 17:00:00', NULL),
(919, 1, 'C58080049', '25.00', '20648.00', '2015-08-13 12:56:18', 'D000', '2001-01-30 17:00:00', NULL, '2001-01-30 17:00:00', NULL),
(920, 1, 'C58080050', '20.00', '20668.00', '2015-08-13 14:08:26', 'D000', '2001-01-30 17:00:00', NULL, '2001-01-30 17:00:00', NULL),
(921, 1, 'C58080051', '25.00', '20693.00', '2015-08-13 14:15:55', 'D000', '2001-01-30 17:00:00', NULL, '2001-01-30 17:00:00', NULL),
(922, 1, 'C58080052', '20.00', '20713.00', '2015-08-13 18:53:32', 'D000', '2001-01-30 17:00:00', NULL, '2001-01-30 17:00:00', NULL),
(923, 1, 'C58080053', '30.00', '20743.00', '2015-08-14 02:20:51', 'D000', '2001-01-30 17:00:00', NULL, '2001-01-30 17:00:00', NULL),
(924, 1, 'C58080054', '175.00', '20918.00', '2015-08-14 03:26:02', 'D000', '2001-01-30 17:00:00', NULL, '2001-01-30 17:00:00', NULL),
(925, 1, 'C58080055', '135.00', '21053.00', '2015-08-14 03:27:42', 'D000', '2001-01-30 17:00:00', NULL, '2001-01-30 17:00:00', NULL),
(926, 1, 'C58080056', '159.00', '21212.00', '2015-08-14 03:31:32', 'D000', '2001-01-30 17:00:00', NULL, '2001-01-30 17:00:00', NULL),
(927, 1, 'C58080057', '200.00', '21412.00', '2015-08-14 03:33:04', 'D000', '2001-01-30 17:00:00', NULL, '2001-01-30 17:00:00', NULL),
(928, 1, 'C58080058', '159.00', '21571.00', '2015-08-14 03:39:52', 'D000', '2001-01-30 17:00:00', NULL, '2001-01-30 17:00:00', NULL),
(929, 1, 'C58080059', '149.00', '21720.00', '2015-08-14 03:42:35', 'D000', '2001-01-30 17:00:00', NULL, '2001-01-30 17:00:00', NULL),
(930, 1, 'C58080060', '49.00', '21769.00', '2015-08-14 05:28:16', 'D000', '2001-01-30 17:00:00', NULL, '2001-01-30 17:00:00', NULL),
(931, 1, 'C58080061', '25.00', '21794.00', '2015-08-14 06:34:13', 'D000', '2001-01-30 17:00:00', NULL, '2001-01-30 17:00:00', NULL),
(932, 1, 'C58080062', '164.00', '21958.00', '2015-08-14 07:31:13', 'D000', '2001-01-30 17:00:00', NULL, '2001-01-30 17:00:00', NULL),
(933, 1, 'transWithdraw', '100.00', '21858.00', '2015-08-14 07:33:23', 'D000', '2001-01-30 17:00:00', NULL, '2001-01-30 17:00:00', NULL),
(934, 1, 'C58080063', '64.00', '21922.00', '2015-08-14 13:27:56', 'D000', '2001-01-30 17:00:00', NULL, '2001-01-30 17:00:00', NULL),
(935, 1, 'C58080064', '25.00', '21947.00', '2015-08-14 13:33:59', 'D000', '2001-01-30 17:00:00', NULL, '2001-01-30 17:00:00', NULL),
(936, 1, 'C58080065', '159.00', '22106.00', '2015-08-14 13:58:53', 'D000', '2001-01-30 17:00:00', NULL, '2001-01-30 17:00:00', NULL),
(937, 1, 'C58080066', '30.00', '22136.00', '2015-08-17 11:26:56', 'D000', '2001-01-30 17:00:00', NULL, '2001-01-30 17:00:00', NULL),
(938, 1, 'C58080067', '207.00', '22343.00', '2015-08-17 11:28:01', 'D000', '2001-01-30 17:00:00', NULL, '2001-01-30 17:00:00', NULL),
(939, 1, 'C58080068', '138.00', '22481.00', '2015-08-17 11:28:47', 'D000', '2001-01-30 17:00:00', NULL, '2001-01-30 17:00:00', NULL),
(940, 1, 'C58080069', '45.00', '22526.00', '2015-08-17 11:30:18', 'D000', '2001-01-30 17:00:00', NULL, '2001-01-30 17:00:00', NULL),
(941, 1, 'C58080070', '30.00', '22556.00', '2015-08-18 13:11:57', 'D000', '2001-01-30 17:00:00', NULL, '2001-01-30 17:00:00', NULL),
(942, 1, 'C58080071', '120.00', '22676.00', '2015-08-18 16:14:46', 'D000', '2001-01-30 17:00:00', NULL, '2001-01-30 17:00:00', NULL),
(943, 1, 'C58080072', '207.00', '22883.00', '2015-08-18 16:26:48', 'D000', '2001-01-30 17:00:00', NULL, '2001-01-30 17:00:00', NULL),
(944, 1, 'C58080073', '135.00', '23018.00', '2015-08-18 16:29:21', 'D000', '2001-01-30 17:00:00', NULL, '2001-01-30 17:00:00', NULL),
(945, 1, 'C58080074', '229.00', '23247.00', '2015-08-18 23:59:26', 'D000', '2001-01-30 17:00:00', NULL, '2001-01-30 17:00:00', NULL),
(946, 1, 'C58080075', '30.00', '23277.00', '2015-08-19 12:07:38', 'D000', '2001-01-30 17:00:00', NULL, '2001-01-30 17:00:00', NULL),
(947, 1, 'C58080076', '258.00', '23535.00', '2015-08-23 03:45:01', 'D000', '2001-01-30 17:00:00', NULL, '2001-01-30 17:00:00', NULL),
(948, 1, 'C58080077', '153.00', '23688.00', '2015-08-24 10:46:48', 'D000', '2001-01-30 17:00:00', NULL, '2001-01-30 17:00:00', NULL),
(949, 1, 'C58080078', '154.00', '23842.00', '2015-08-24 11:56:11', 'D000', '2001-01-30 17:00:00', NULL, '2001-01-30 17:00:00', NULL),
(950, 1, 'C58080079', '64.00', '23906.00', '2015-08-24 12:21:50', 'D000', '2001-01-30 17:00:00', NULL, '2001-01-30 17:00:00', NULL),
(951, 1, 'C58080080', '75.00', '23981.00', '2015-08-24 12:32:24', 'D000', '2001-01-30 17:00:00', NULL, '2001-01-30 17:00:00', NULL),
(952, 1, 'C58080081', '50.00', '24031.00', '2015-08-24 12:34:25', 'D000', '2001-01-30 17:00:00', NULL, '2001-01-30 17:00:00', NULL),
(953, 1, 'C58080082', '59.00', '24090.00', '2015-08-24 12:34:48', 'D000', '2001-01-30 17:00:00', NULL, '2001-01-30 17:00:00', NULL),
(954, 1, 'C58080083', '89.00', '24179.00', '2015-08-24 12:44:04', 'D000', '2001-01-30 17:00:00', NULL, '2001-01-30 17:00:00', NULL),
(955, 1, 'C58080084', '94.00', '24273.00', '2015-08-24 12:50:36', 'D000', '2001-01-30 17:00:00', NULL, '2001-01-30 17:00:00', NULL),
(956, 1, 'C58080085', '89.00', '24362.00', '2015-08-24 12:51:04', 'D000', '2001-01-30 17:00:00', NULL, '2001-01-30 17:00:00', NULL),
(957, 1, 'C58080086', '79.00', '24441.00', '2015-08-24 14:31:43', 'D000', '2001-01-30 17:00:00', NULL, '2001-01-30 17:00:00', NULL),
(958, 1, 'C58080087', '59.00', '24500.00', '2015-08-24 14:42:05', 'D000', '2001-01-30 17:00:00', NULL, '2001-01-30 17:00:00', NULL),
(959, 1, 'C58080088', '59.00', '24559.00', '2015-08-24 14:44:03', 'D000', '2001-01-30 17:00:00', NULL, '2001-01-30 17:00:00', NULL),
(960, 1, 'C58080089', '49.00', '24608.00', '2015-08-24 14:55:41', 'D000', '2001-01-30 17:00:00', NULL, '2001-01-30 17:00:00', NULL),
(961, 1, 'C58080090', '89.00', '24697.00', '2015-08-24 16:40:22', 'D000', '2001-01-30 17:00:00', NULL, '2001-01-30 17:00:00', NULL),
(962, 1, 'C58080091', '94.00', '24791.00', '2015-08-24 16:41:48', 'D000', '2001-01-30 17:00:00', NULL, '2001-01-30 17:00:00', NULL),
(963, 1, 'C58080092', '94.00', '24885.00', '2015-08-24 16:43:10', 'D000', '2001-01-30 17:00:00', NULL, '2001-01-30 17:00:00', NULL),
(964, 1, 'C58080093', '20.00', '24905.00', '2015-08-25 23:26:05', 'D000', '2001-01-30 17:00:00', NULL, '2001-01-30 17:00:00', NULL),
(965, 1, 'C58080094', '59.00', '24964.00', '2015-08-26 01:35:20', 'D000', '2001-01-30 17:00:00', NULL, '2001-01-30 17:00:00', NULL),
(966, 1, 'C58080095', '59.00', '25023.00', '2015-08-26 01:36:00', 'D000', '2001-01-30 17:00:00', NULL, '2001-01-30 17:00:00', NULL),
(967, 1, 'C58080096', '20.00', '25043.00', '2015-08-26 01:38:04', 'D000', '2001-01-30 17:00:00', NULL, '2001-01-30 17:00:00', NULL),
(968, 1, 'C58080097', '40.00', '25083.00', '2015-08-26 01:59:15', 'D000', '2001-01-30 17:00:00', NULL, '2001-01-30 17:00:00', NULL),
(969, 1, 'C58080098', '94.00', '25177.00', '2015-08-28 11:50:02', 'D000', '2001-01-30 17:00:00', NULL, '2001-01-30 17:00:00', NULL),
(970, 1, 'C58080099', '276.00', '25453.00', '2015-08-29 02:58:05', 'D000', '2001-01-30 17:00:00', NULL, '2001-01-30 17:00:00', NULL),
(971, 1, 'C58080100', '219.00', '25672.00', '2015-08-29 03:09:56', 'D000', '2001-01-30 17:00:00', NULL, '2001-01-30 17:00:00', NULL),
(972, 1, 'C58080101', '25.00', '25697.00', '2015-08-29 03:39:28', 'D000', '2001-01-30 17:00:00', NULL, '2001-01-30 17:00:00', NULL),
(973, 1, 'C58080102', '50.00', '25747.00', '2015-08-29 04:04:03', 'D000', '2001-01-30 17:00:00', NULL, '2001-01-30 17:00:00', NULL),
(974, 1, 'C58080103', '45.00', '25792.00', '2015-08-29 04:06:08', 'D000', '2001-01-30 17:00:00', NULL, '2001-01-30 17:00:00', NULL),
(975, 1, 'C58080104', '25.00', '25817.00', '2015-08-29 04:06:32', 'D000', '2001-01-30 17:00:00', NULL, '2001-01-30 17:00:00', NULL),
(976, 1, 'C58080105', '79.00', '25896.00', '2015-08-29 04:06:56', 'D000', '2001-01-30 17:00:00', NULL, '2001-01-30 17:00:00', NULL),
(977, 1, 'C58080106', '138.00', '26034.00', '2015-08-29 04:09:00', 'D000', '2001-01-30 17:00:00', NULL, '2001-01-30 17:00:00', NULL),
(978, 1, 'C58080107', '258.00', '26292.00', '2015-08-29 04:15:51', 'D000', '2001-01-30 17:00:00', NULL, '2001-01-30 17:00:00', NULL),
(979, 1, 'C58080108', '303.00', '26595.00', '2015-08-29 05:08:11', 'D000', '2001-01-30 17:00:00', NULL, '2001-01-30 17:00:00', NULL),
(980, 1, 'C58080109', '69.00', '26664.00', '2015-08-29 05:40:26', 'D000', '2001-01-30 17:00:00', NULL, '2001-01-30 17:00:00', NULL),
(981, 1, 'C58080110', '78.00', '26742.00', '2015-08-29 06:40:19', 'D000', '2001-01-30 17:00:00', NULL, '2001-01-30 17:00:00', NULL),
(982, 1, 'C58080111', '109.00', '26851.00', '2015-08-29 08:42:24', 'D000', '2001-01-30 17:00:00', NULL, '2001-01-30 17:00:00', NULL),
(983, 1, 'C58080112', '80.00', '26931.00', '2015-08-29 08:44:42', 'D000', '2001-01-30 17:00:00', NULL, '2001-01-30 17:00:00', NULL),
(984, 1, 'C58080113', '77.00', '27008.00', '2015-08-29 08:46:33', 'D000', '2001-01-30 17:00:00', NULL, '2001-01-30 17:00:00', NULL),
(985, 1, 'C58080114', '69.00', '27077.00', '2015-08-29 10:42:33', 'D000', '2001-01-30 17:00:00', NULL, '2001-01-30 17:00:00', NULL),
(986, 1, 'C58080115', '228.00', '27305.00', '2015-08-29 12:13:51', 'D000', '2001-01-30 17:00:00', NULL, '2001-01-30 17:00:00', NULL),
(987, 1, 'C58090001', '60.00', '27365.00', '2015-09-01 04:55:18', 'D000', '2001-01-30 17:00:00', NULL, '2001-01-30 17:00:00', NULL),
(988, 1, 'C58090002', '109.00', '27474.00', '2015-09-01 04:57:43', 'D000', '2001-01-30 17:00:00', NULL, '2001-01-30 17:00:00', NULL),
(989, 1, 'C58090003', '149.00', '27623.00', '2015-09-01 04:58:51', 'D000', '2001-01-30 17:00:00', NULL, '2001-01-30 17:00:00', NULL),
(990, 1, 'C58090004', '79.00', '27702.00', '2015-09-01 05:04:45', 'D000', '2001-01-30 17:00:00', NULL, '2001-01-30 17:00:00', NULL),
(991, 1, 'C58090005', '69.00', '27771.00', '2015-09-01 05:25:39', 'D000', '2001-01-30 17:00:00', NULL, '2001-01-30 17:00:00', NULL),
(992, 1, 'C58090006', '69.00', '27840.00', '2015-09-01 07:26:35', 'D000', '2001-01-30 17:00:00', NULL, '2001-01-30 17:00:00', NULL),
(993, 1, 'C58090007', '20.00', '27860.00', '2015-09-01 08:05:38', 'D000', '2001-01-30 17:00:00', NULL, '2001-01-30 17:00:00', NULL),
(994, 1, 'C58090008', '69.00', '27929.00', '2015-09-02 09:00:48', 'D000', '2001-01-30 17:00:00', NULL, '2001-01-30 17:00:00', NULL),
(995, 1, 'C58090009', '118.00', '28047.00', '2015-09-02 09:02:44', 'D000', '2001-01-30 17:00:00', NULL, '2001-01-30 17:00:00', NULL);

-- --------------------------------------------------------

--
-- Table structure for table `_wl_item`
--

CREATE TABLE IF NOT EXISTS `_wl_item` (
  `wl_itemIndex` int(11) NOT NULL AUTO_INCREMENT,
  `itemIndex` int(11) NOT NULL,
  `MinQty` int(11) NOT NULL DEFAULT '1',
  `MaxQty` int(11) NOT NULL DEFAULT '-1',
  `wlPrice` decimal(10,2) NOT NULL DEFAULT '0.00',
  `CRE_DTE` datetime DEFAULT NULL,
  `CRE_USR` varchar(5) DEFAULT NULL,
  `UPD_DTE` datetime DEFAULT NULL,
  `UPD_USR` varchar(5) DEFAULT NULL,
  PRIMARY KEY (`wl_itemIndex`)
) ENGINE=InnoDB DEFAULT CHARSET=utf8 AUTO_INCREMENT=1 ;

-- --------------------------------------------------------

--
-- Structure for view `itemmovementview`
--
DROP TABLE IF EXISTS `itemmovementview`;

CREATE ALGORITHM=UNDEFINED DEFINER=`root`@`localhost` SQL SECURITY DEFINER VIEW `itemmovementview` AS select `j`.`itemIndex` AS `itemIndex`,`j`.`itemID` AS `itemID`,`s`.`saleNo` AS `actionType`,`s`.`saleQTY` AS `QTY`,`s`.`stockQTY` AS `stockQTY`,`s`.`CRE_DTE` AS `CRE_DTE` from (`salelist` `s` join `_item` `j`) where (`j`.`itemIndex` = `s`.`itemIndex`) union select `j`.`itemIndex` AS `itemIndex`,`j`.`itemID` AS `itemID`,`c`.`inID` AS `actionType`,`c`.`inQTY` AS `QTY`,`c`.`stockQTY` AS `stockQTY`,`c`.`CRE_DTE` AS `CRE_DTE` from (`inventoryin` `c` join `_item` `j`) where (`j`.`itemIndex` = `c`.`itemIndex`) union select `j`.`itemIndex` AS `itemIndex`,`j`.`itemID` AS `itemID`,`c`.`moveID` AS `actionType`,`c`.`moveQTY` AS `QTY`,`c`.`stockQTY` AS `stockQTY`,`c`.`CRE_DTE` AS `CRE_DTE` from (`inventorymove` `c` join `_item` `j`) where (`j`.`itemIndex` = `c`.`itemIndex`) order by `CRE_DTE`;

-- --------------------------------------------------------

--
-- Structure for view `podetailview`
--
DROP TABLE IF EXISTS `podetailview`;

CREATE ALGORITHM=UNDEFINED DEFINER=`root`@`localhost` SQL SECURITY DEFINER VIEW `podetailview` AS select `i`.`inIndex` AS `inIndex`,`i`.`inID` AS `inID`,`i`.`orderNo` AS `orderNo`,`i`.`supplierIndex` AS `supplierIndex`,`i`.`itemIndex` AS `itemIndex`,`i`.`branchIndex` AS `branchIndex`,`i`.`inPrice` AS `inPrice`,`i`.`inQTY` AS `inQTY`,`i`.`inDone` AS `inDone`,`i`.`inTransportCost` AS `inTransportCost`,`i`.`paymentDue` AS `paymentDue`,`i`.`orderDate` AS `orderDate`,`i`.`receiveDate` AS `receiveDate`,`i`.`CRE_DTE` AS `CRE_DTE`,`i`.`CRE_USR` AS `CRE_USR`,`i`.`UPD_DTE` AS `UPD_DTE`,`i`.`UPD_USR` AS `UPD_USR`,`i`.`DEL_DTE` AS `DEL_DTE`,`i`.`DEL_USR` AS `DEL_USR`,`s`.`supplierID` AS `supplierID`,`s`.`name` AS `name`,`t`.`itemID` AS `itemID`,`t`.`itembarcodeID` AS `itembarcodeID`,`t`.`itemName` AS `itemName`,`t`.`itemCatagoryIndex` AS `itemCatagoryIndex`,`t`.`itemUnitIndex` AS `itemUnitIndex`,`w`.`setvalue` AS `setvalue`,(`i`.`inQTY` * `i`.`inPrice`) AS `inTotal` from (((`inventoryin` `i` join `_supplier` `s`) join `_item` `t`) join `workcode` `w`) where ((`i`.`supplierIndex` = `s`.`supplierIndex`) and (`i`.`itemIndex` = `t`.`itemIndex`) and (`i`.`inDone` = `w`.`code`) and isnull(`i`.`DEL_USR`));

-- --------------------------------------------------------

--
-- Structure for view `poview`
--
DROP TABLE IF EXISTS `poview`;

CREATE ALGORITHM=UNDEFINED DEFINER=`root`@`localhost` SQL SECURITY DEFINER VIEW `poview` AS select `i`.`inIndex` AS `inIndex`,`i`.`inID` AS `inID`,`i`.`orderNo` AS `orderNo`,`i`.`supplierIndex` AS `supplierIndex`,`i`.`itemIndex` AS `itemIndex`,`i`.`branchIndex` AS `branchIndex`,`i`.`inPrice` AS `inPrice`,`i`.`inQTY` AS `inQTY`,`i`.`inDone` AS `inDone`,`i`.`inTransportCost` AS `inTransportCost`,`i`.`paymentDue` AS `paymentDue`,`i`.`orderDate` AS `orderDate`,`i`.`receiveDate` AS `receiveDate`,`i`.`CRE_DTE` AS `CRE_DTE`,`i`.`CRE_USR` AS `CRE_USR`,`i`.`UPD_DTE` AS `UPD_DTE`,`i`.`UPD_USR` AS `UPD_USR`,`i`.`DEL_DTE` AS `DEL_DTE`,`i`.`DEL_USR` AS `DEL_USR`,`s`.`supplierID` AS `supplierID`,`s`.`name` AS `name`,`t`.`itemID` AS `itemID`,`t`.`itembarcodeID` AS `itembarcodeID`,`t`.`itemName` AS `itemName`,`t`.`itemCatagoryIndex` AS `itemCatagoryIndex`,`t`.`itemUnitIndex` AS `itemUnitIndex`,`w`.`setvalue` AS `setvalue` from (((`inventoryin` `i` join `_supplier` `s`) join `_item` `t`) join `workcode` `w`) where ((`i`.`supplierIndex` = `s`.`supplierIndex`) and (`i`.`itemIndex` = `t`.`itemIndex`) and (`i`.`inDone` = `w`.`code`) and isnull(`i`.`DEL_USR`));

-- --------------------------------------------------------

--
-- Structure for view `saledetailview`
--
DROP TABLE IF EXISTS `saledetailview`;

CREATE ALGORITHM=UNDEFINED DEFINER=`root`@`localhost` SQL SECURITY DEFINER VIEW `saledetailview` AS select `s`.`saleIndex` AS `saleIndex`,`s`.`saleNo` AS `saleNo`,`s`.`saleType` AS `saleType`,`s`.`customerIndex` AS `customerIndex`,`s`.`saleDone` AS `saleDone`,`s`.`creditCardID` AS `creditCardID`,`s`.`approvalCode` AS `approvalCode`,`s`.`saleTotalAmount` AS `saleTotalAmount`,`s`.`saleTotalDiscount` AS `saleTotalDiscount`,`s`.`saleTotalBalance` AS `saleTotalBalance`,`s`.`creditCardAuthorizer` AS `creditCardAuthorizer`,`s`.`CRE_DTE` AS `CRE_DTE`,`s`.`CRE_USR` AS `CRE_USR`,`s`.`UPD_DTE` AS `UPD_DTE`,`s`.`UPD_USR` AS `UPD_USR`,`s`.`DEL_DTE` AS `DEL_DTE`,`s`.`DEL_USR` AS `DEL_USR`,`c`.`customerID` AS `customerID`,`c`.`fullname` AS `fullname` from (`saledetail` `s` join `_customer` `c`) where ((`s`.`customerIndex` = `c`.`customerIndex`) and isnull(`s`.`DEL_USR`));

--
-- Constraints for dumped tables
--

--
-- Constraints for table `_bos`
--
ALTER TABLE `_bos`
  ADD CONSTRAINT `bosItem` FOREIGN KEY (`bosItemIndex`) REFERENCES `_item` (`itemIndex`) ON DELETE NO ACTION ON UPDATE NO ACTION,
  ADD CONSTRAINT `childItem` FOREIGN KEY (`childItemIndex`) REFERENCES `_item` (`itemIndex`) ON DELETE NO ACTION ON UPDATE NO ACTION;

--
-- Constraints for table `_hashlink`
--
ALTER TABLE `_hashlink`
  ADD CONSTRAINT `source_category` FOREIGN KEY (`Source_CategoryIndex`) REFERENCES `_itemcategory` (`itemCategoryIndex`) ON DELETE NO ACTION ON UPDATE NO ACTION,
  ADD CONSTRAINT `source_itemIndex` FOREIGN KEY (`itemIndex`) REFERENCES `_item` (`itemIndex`) ON DELETE NO ACTION ON UPDATE NO ACTION,
  ADD CONSTRAINT `target_category` FOREIGN KEY (`LinkTo_CategoryIndex`) REFERENCES `_itemcategory` (`itemCategoryIndex`) ON DELETE NO ACTION ON UPDATE NO ACTION;

--
-- Constraints for table `_itemcategory`
--
ALTER TABLE `_itemcategory`
  ADD CONSTRAINT `attributeIndex` FOREIGN KEY (`attributeIndex`) REFERENCES `_itemattribute` (`attributeIndex`) ON DELETE NO ACTION ON UPDATE NO ACTION;

/*!40101 SET CHARACTER_SET_CLIENT=@OLD_CHARACTER_SET_CLIENT */;
/*!40101 SET CHARACTER_SET_RESULTS=@OLD_CHARACTER_SET_RESULTS */;
/*!40101 SET COLLATION_CONNECTION=@OLD_COLLATION_CONNECTION */;
