-- phpMyAdmin SQL Dump
-- version 4.6.4
-- https://www.phpmyadmin.net/
--
-- Host: localhost
-- Generation Time: Nov 14, 2016 at 08:39 AM
-- Server version: 5.7.11-log
-- PHP Version: 5.6.16

SET SQL_MODE = "NO_AUTO_VALUE_ON_ZERO";
SET time_zone = "+00:00";


/*!40101 SET @OLD_CHARACTER_SET_CLIENT=@@CHARACTER_SET_CLIENT */;
/*!40101 SET @OLD_CHARACTER_SET_RESULTS=@@CHARACTER_SET_RESULTS */;
/*!40101 SET @OLD_COLLATION_CONNECTION=@@COLLATION_CONNECTION */;
/*!40101 SET NAMES utf8mb4 */;

--
-- Database: `stechschema`
--

-- --------------------------------------------------------

--
-- Table structure for table `calculatedlist`
--

CREATE TABLE `calculatedlist` (
  `listIndex` int(11) NOT NULL,
  `saleNo` varchar(10) DEFAULT NULL,
  `salePrice` decimal(10,4) DEFAULT NULL,
  `saleQTY` decimal(10,0) DEFAULT NULL,
  `CRE_USR` varchar(5) DEFAULT NULL,
  `CRE_DTE` datetime DEFAULT NULL,
  `UPD_USR` varchar(5) DEFAULT NULL,
  `UPD_DTE` datetime DEFAULT NULL,
  `DEL_USR` varchar(5) DEFAULT NULL,
  `DEL_DTE` datetime DEFAULT NULL
) ENGINE=InnoDB DEFAULT CHARSET=utf8;

-- --------------------------------------------------------

--
-- Table structure for table `inventoryin`
--

CREATE TABLE `inventoryin` (
  `inIndex` bigint(11) NOT NULL,
  `inID` varchar(10) DEFAULT NULL,
  `orderNo` varchar(10) DEFAULT NULL,
  `supplierIndex` int(11) DEFAULT NULL,
  `itemIndex` int(11) DEFAULT NULL,
  `branchIndex` int(11) DEFAULT NULL,
  `inPrice` decimal(10,2) DEFAULT NULL,
  `inQTY` decimal(10,0) DEFAULT NULL,
  `stockQTY` decimal(10,0) DEFAULT NULL,
  `inDone` tinyint(1) DEFAULT NULL,
  `inTransportCost` decimal(10,0) DEFAULT NULL,
  `paymentDue` datetime DEFAULT NULL,
  `orderDate` datetime DEFAULT NULL,
  `receiveDate` datetime DEFAULT NULL,
  `expireDate` datetime DEFAULT NULL,
  `CRE_DTE` datetime DEFAULT NULL,
  `CRE_USR` varchar(5) DEFAULT NULL,
  `UPD_DTE` datetime DEFAULT NULL,
  `UPD_USR` varchar(5) DEFAULT NULL,
  `DEL_DTE` datetime DEFAULT NULL,
  `DEL_USR` varchar(5) DEFAULT NULL
) ENGINE=InnoDB DEFAULT CHARSET=utf8;

-- --------------------------------------------------------

--
-- Table structure for table `inventorylost`
--

CREATE TABLE `inventorylost` (
  `lostIndex` int(11) NOT NULL,
  `lostID` varchar(10) DEFAULT NULL,
  `itemIndex` int(11) DEFAULT NULL,
  `branchIndex` int(11) DEFAULT NULL,
  `lostPrice` decimal(10,0) DEFAULT NULL,
  `lostQTY` int(11) DEFAULT NULL,
  `lostReason` varchar(150) DEFAULT NULL,
  `CRE_DTE` datetime DEFAULT NULL,
  `CRE_USR` varchar(5) DEFAULT NULL,
  `UPD_DTE` datetime DEFAULT NULL,
  `UPD_USR` varchar(5) DEFAULT NULL,
  `DEL_DTE` datetime DEFAULT NULL,
  `DEL_USR` varchar(5) DEFAULT NULL
) ENGINE=InnoDB DEFAULT CHARSET=utf8;

-- --------------------------------------------------------

--
-- Table structure for table `inventorymove`
--

CREATE TABLE `inventorymove` (
  `moveIndex` int(11) NOT NULL,
  `moveID` varchar(10) DEFAULT NULL,
  `itemIndex` int(11) DEFAULT NULL,
  `branchIndexFrom` int(11) DEFAULT NULL,
  `branchIndexTo` int(11) DEFAULT NULL,
  `movePrice` decimal(10,2) DEFAULT NULL,
  `moveQTY` decimal(10,0) DEFAULT NULL,
  `stockQTY` decimal(10,0) DEFAULT NULL,
  `moveDone` tinyint(1) DEFAULT NULL,
  `moveTransportCost` decimal(10,2) DEFAULT NULL,
  `moveDate` datetime DEFAULT NULL,
  `CRE_DTE` datetime DEFAULT NULL,
  `CRE_USR` varchar(5) DEFAULT NULL,
  `UPD_DTE` datetime DEFAULT NULL,
  `UPD_USR` varchar(5) DEFAULT NULL,
  `DEL_DTE` datetime DEFAULT NULL,
  `DEL_USR` varchar(5) DEFAULT NULL
) ENGINE=InnoDB DEFAULT CHARSET=utf8;

-- --------------------------------------------------------

--
-- Table structure for table `inventoryreturn`
--

CREATE TABLE `inventoryreturn` (
  `returnIndex` int(11) NOT NULL,
  `returnID` varchar(10) DEFAULT NULL,
  `itemIndex` int(11) DEFAULT NULL,
  `supplierIndex` int(11) DEFAULT NULL,
  `branchIndex` int(11) DEFAULT NULL,
  `returnPrice` decimal(10,0) DEFAULT NULL,
  `returnQTY` int(11) DEFAULT NULL,
  `returnTransportCost` decimal(10,0) DEFAULT NULL,
  `returnReason` varchar(150) DEFAULT NULL,
  `CRE_DTE` datetime DEFAULT NULL,
  `CRE_USR` varchar(5) DEFAULT NULL,
  `UPD_DTE` datetime DEFAULT NULL,
  `UPD_USR` varchar(5) DEFAULT NULL,
  `DEL_DTE` datetime DEFAULT NULL,
  `DEL_USR` varchar(5) DEFAULT NULL
) ENGINE=InnoDB DEFAULT CHARSET=utf8;

-- --------------------------------------------------------

--
-- Stand-in structure for view `itemmovementview`
-- (See below for the actual view)
--
CREATE TABLE `itemmovementview` (
`itemIndex` int(11)
,`itemID` varchar(15)
,`actionType` varchar(10)
,`QTY` decimal(32,0)
,`stockQTY` decimal(10,0)
,`CRE_DTE` datetime
);

-- --------------------------------------------------------

--
-- Table structure for table `orderinfo`
--

CREATE TABLE `orderinfo` (
  `orderIndex` int(11) NOT NULL,
  `saleNo` varchar(10) DEFAULT NULL,
  `tableNo` varchar(10) DEFAULT NULL,
  `customerNum` int(4) NOT NULL DEFAULT '1',
  `order_DTE` datetime DEFAULT NULL,
  `paid_DTE` datetime DEFAULT NULL,
  `UPD_USR` varchar(5) DEFAULT NULL,
  `UPD_DTE` datetime DEFAULT NULL,
  `DEL_USR` varchar(5) DEFAULT NULL,
  `DEL_DTE` datetime DEFAULT NULL
) ENGINE=InnoDB DEFAULT CHARSET=utf8;

-- --------------------------------------------------------

--
-- Stand-in structure for view `podetailview`
-- (See below for the actual view)
--
CREATE TABLE `podetailview` (
`inIndex` bigint(11)
,`inID` varchar(10)
,`orderNo` varchar(10)
,`supplierIndex` int(11)
,`itemIndex` int(11)
,`branchIndex` int(11)
,`inPrice` decimal(10,2)
,`inQTY` decimal(10,0)
,`inDone` tinyint(1)
,`inTransportCost` decimal(10,0)
,`paymentDue` datetime
,`orderDate` datetime
,`receiveDate` datetime
,`CRE_DTE` datetime
,`CRE_USR` varchar(5)
,`UPD_DTE` datetime
,`UPD_USR` varchar(5)
,`DEL_DTE` datetime
,`DEL_USR` varchar(5)
,`supplierID` varchar(5)
,`name` varchar(150)
,`itemID` varchar(15)
,`itembarcodeID` varchar(15)
,`itemName` varchar(128)
,`itemCatagoryIndex` int(11)
,`itemUnitIndex` int(11)
,`setvalue` varchar(50)
,`inTotal` decimal(20,2)
);

-- --------------------------------------------------------

--
-- Stand-in structure for view `poview`
-- (See below for the actual view)
--
CREATE TABLE `poview` (
`inIndex` bigint(11)
,`inID` varchar(10)
,`orderNo` varchar(10)
,`supplierIndex` int(11)
,`itemIndex` int(11)
,`branchIndex` int(11)
,`inPrice` decimal(10,2)
,`inQTY` decimal(10,0)
,`inDone` tinyint(1)
,`inTransportCost` decimal(10,0)
,`paymentDue` datetime
,`orderDate` datetime
,`receiveDate` datetime
,`CRE_DTE` datetime
,`CRE_USR` varchar(5)
,`UPD_DTE` datetime
,`UPD_USR` varchar(5)
,`DEL_DTE` datetime
,`DEL_USR` varchar(5)
,`supplierID` varchar(5)
,`name` varchar(150)
,`itemID` varchar(15)
,`itembarcodeID` varchar(15)
,`itemName` varchar(128)
,`itemCatagoryIndex` int(11)
,`itemUnitIndex` int(11)
,`setvalue` varchar(50)
);

-- --------------------------------------------------------

--
-- Table structure for table `saledetail`
--

CREATE TABLE `saledetail` (
  `saleIndex` bigint(11) NOT NULL,
  `saleNo` varchar(10) DEFAULT NULL,
  `saleType` int(11) DEFAULT NULL,
  `customerIndex` int(11) DEFAULT NULL,
  `saleDone` tinyint(1) DEFAULT NULL,
  `creditCardID` varchar(15) DEFAULT NULL,
  `approvalCode` varchar(15) DEFAULT NULL,
  `saleTotalAmount` decimal(10,2) DEFAULT NULL,
  `saleTotalDiscount` decimal(10,2) DEFAULT NULL,
  `saleTotalBalance` decimal(10,2) DEFAULT NULL,
  `creditCardAuthorizer` varchar(20) DEFAULT NULL,
  `CRE_DTE` datetime DEFAULT NULL,
  `CRE_USR` varchar(5) DEFAULT NULL,
  `UPD_DTE` datetime DEFAULT NULL,
  `UPD_USR` varchar(5) DEFAULT NULL,
  `DEL_DTE` datetime DEFAULT NULL,
  `DEL_USR` varchar(5) DEFAULT NULL
) ENGINE=InnoDB DEFAULT CHARSET=utf8;

--
-- Dumping data for table `saledetail`
--

INSERT INTO `saledetail` (`saleIndex`, `saleNo`, `saleType`, `customerIndex`, `saleDone`, `creditCardID`, `approvalCode`, `saleTotalAmount`, `saleTotalDiscount`, `saleTotalBalance`, `creditCardAuthorizer`, `CRE_DTE`, `CRE_USR`, `UPD_DTE`, `UPD_USR`, `DEL_DTE`, `DEL_USR`) VALUES
(1, 'B59110001', 10, 1, -1, '[TBC]', '[TBC]', '3750.00', '0.00', '3750.00', '[TBC]', '2016-11-08 13:37:32', 'S004', '2001-01-30 17:00:00', NULL, '2001-01-30 17:00:00', NULL),
(2, 'B59110002', 10, 1, -1, '[TBC]', '[TBC]', '3750.00', '0.00', '3750.00', '[TBC]', '2016-11-08 13:38:02', 'S004', '2001-01-30 17:00:00', NULL, '2001-01-30 17:00:00', NULL),
(3, 'B59110003', 10, 1, -1, '[TBC]', '[TBC]', '3750.00', '0.00', '3750.00', '[TBC]', '2016-11-09 08:07:48', 'S004', '2001-01-30 17:00:00', NULL, '2001-01-30 17:00:00', NULL),
(4, 'B59110004', 10, 1, -1, '[TBC]', '[TBC]', '3750.00', '0.00', '3750.00', '[TBC]', '2016-11-09 08:21:46', 'S004', '2001-01-30 17:00:00', NULL, '2001-01-30 17:00:00', NULL),
(5, 'B59110005', 10, 1, -1, '[TBC]', '[TBC]', '3750.00', '0.00', '3750.00', '[TBC]', '2016-11-09 08:22:23', 'S004', '2001-01-30 17:00:00', NULL, '2001-01-30 17:00:00', NULL),
(6, 'B59110006', 10, 1, -1, '[TBC]', '[TBC]', '3750.00', '0.00', '3750.00', '[TBC]', '2016-11-09 08:25:11', 'S004', '2001-01-30 17:00:00', NULL, '2001-01-30 17:00:00', NULL),
(7, 'B59110007', 10, 1, -1, '[TBC]', '[TBC]', '3750.00', '0.00', '3750.00', '[TBC]', '2016-11-09 08:40:00', 'S004', '2001-01-30 17:00:00', NULL, '2001-01-30 17:00:00', NULL),
(8, 'B59110008', 10, 1, -1, '[TBC]', '[TBC]', '300.00', '0.00', '300.00', '[TBC]', '2016-11-09 08:43:07', 'S004', '2001-01-30 17:00:00', NULL, '2001-01-30 17:00:00', NULL),
(9, 'B59110009', 10, 1, -1, '[TBC]', '[TBC]', '1875.00', '0.00', '1875.00', '[TBC]', '2016-11-09 08:46:52', 'S004', '2001-01-30 17:00:00', NULL, '2001-01-30 17:00:00', NULL),
(10, 'B59110010', 10, 1, -1, '[TBC]', '[TBC]', '4550.00', '0.00', '4550.00', '[TBC]', '2016-11-09 08:47:07', 'S004', '2001-01-30 17:00:00', NULL, '2001-01-30 17:00:00', NULL),
(11, 'B59110011', 10, 1, -1, '[TBC]', '[TBC]', '1500.00', '0.00', '1500.00', '[TBC]', '2016-11-09 08:49:50', 'S004', '2001-01-30 17:00:00', NULL, '2001-01-30 17:00:00', NULL),
(12, 'B59110012', 10, 1, -1, '[TBC]', '[TBC]', '375.00', '0.00', '375.00', '[TBC]', '2016-11-09 08:50:14', 'S004', '2001-01-30 17:00:00', NULL, '2001-01-30 17:00:00', NULL),
(13, 'B59110013', 10, 1, -1, '[TBC]', '[TBC]', '455.00', '0.00', '455.00', '[TBC]', '2016-11-09 08:50:24', 'S004', '2001-01-30 17:00:00', NULL, '2001-01-30 17:00:00', NULL),
(14, 'B59110014', 10, 1, -1, '[TBC]', '[TBC]', '420.00', '0.00', '420.00', '[TBC]', '2016-11-09 08:51:52', 'S004', '2001-01-30 17:00:00', NULL, '2001-01-30 17:00:00', NULL),
(15, 'B59110015', 10, 1, -1, '[TBC]', '[TBC]', '480.00', '0.00', '480.00', '[TBC]', '2016-11-09 08:54:26', 'S004', '2001-01-30 17:00:00', NULL, '2001-01-30 17:00:00', NULL),
(16, 'B59110016', 10, 1, -1, '[TBC]', '[TBC]', '7650.00', '0.00', '7650.00', '[TBC]', '2016-11-09 08:55:57', 'S004', '2001-01-30 17:00:00', NULL, '2001-01-30 17:00:00', NULL),
(17, 'B59110017', 10, 1, -1, '[TBC]', '[TBC]', '3750.00', '0.00', '3750.00', '[TBC]', '2016-11-09 08:57:15', 'S004', '2001-01-30 17:00:00', NULL, '2001-01-30 17:00:00', NULL),
(18, 'B59110018', 10, 1, -1, '[TBC]', '[TBC]', '60.00', '0.00', '60.00', '[TBC]', '2016-11-09 08:59:25', 'S004', '2001-01-30 17:00:00', NULL, '2001-01-30 17:00:00', NULL),
(19, 'B59110019', 10, 1, -1, '[TBC]', '[TBC]', '60.00', '0.00', '60.00', '[TBC]', '2016-11-09 09:00:55', 'S004', '2001-01-30 17:00:00', NULL, '2001-01-30 17:00:00', NULL),
(20, 'B59110020', 10, 1, -1, '[TBC]', '[TBC]', '60.00', '0.00', '60.00', '[TBC]', '2016-11-09 09:01:53', 'S004', '2001-01-30 17:00:00', NULL, '2001-01-30 17:00:00', NULL),
(21, 'B59110021', 10, 1, -1, '[TBC]', '[TBC]', '60.00', '0.00', '60.00', '[TBC]', '2016-11-09 09:02:03', 'S004', '2001-01-30 17:00:00', NULL, '2001-01-30 17:00:00', NULL),
(22, 'B59110022', 10, 1, -1, '[TBC]', '[TBC]', '60.00', '0.00', '60.00', '[TBC]', '2016-11-09 11:43:26', 'S004', '2001-01-30 17:00:00', NULL, '2001-01-30 17:00:00', NULL),
(23, 'B59110023', 10, 1, -1, '[TBC]', '[TBC]', '60.00', '0.00', '60.00', '[TBC]', '2016-11-09 11:50:07', 'S004', '2001-01-30 17:00:00', NULL, '2001-01-30 17:00:00', NULL),
(24, 'B59110024', 10, 1, -1, '[TBC]', '[TBC]', '60.00', '0.00', '60.00', '[TBC]', '2016-11-09 11:50:38', 'S004', '2001-01-30 17:00:00', NULL, '2001-01-30 17:00:00', NULL),
(25, 'B59110025', 10, 1, -1, '[TBC]', '[TBC]', '60.00', '0.00', '60.00', '[TBC]', '2016-11-09 11:51:49', 'S004', '2001-01-30 17:00:00', NULL, '2001-01-30 17:00:00', NULL),
(26, 'B59110026', 10, 1, -1, '[TBC]', '[TBC]', '7650.00', '0.00', '7650.00', '[TBC]', '2016-11-09 11:57:30', 'S004', '2001-01-30 17:00:00', NULL, '2001-01-30 17:00:00', NULL),
(27, 'B59110027', 10, 1, -1, '[TBC]', '[TBC]', '3750.00', '0.00', '3750.00', '[TBC]', '2016-11-09 12:01:10', 'S004', '2001-01-30 17:00:00', NULL, '2001-01-30 17:00:00', NULL),
(28, 'B59110028', 10, 1, -1, '[TBC]', '[TBC]', '205.00', '0.00', '205.00', '[TBC]', '2016-11-09 12:01:51', 'S004', '2001-01-30 17:00:00', NULL, '2001-01-30 17:00:00', NULL),
(29, 'B59110029', 10, 1, -1, '[TBC]', '[TBC]', '300.00', '0.00', '300.00', '[TBC]', '2016-11-09 12:03:08', 'S004', '2001-01-30 17:00:00', NULL, '2001-01-30 17:00:00', NULL),
(30, 'B59110030', 10, 1, -1, '[TBC]', '[TBC]', '300.00', '0.00', '300.00', '[TBC]', '2016-11-09 12:03:43', 'S004', '2001-01-30 17:00:00', NULL, '2001-01-30 17:00:00', NULL),
(31, 'B59110031', 10, 1, -1, '[TBC]', '[TBC]', '60.00', '0.00', '60.00', '[TBC]', '2016-11-09 13:33:14', 'S004', '2001-01-30 17:00:00', NULL, '2001-01-30 17:00:00', NULL),
(32, 'B59110032', 10, 1, -1, '[TBC]', '[TBC]', '125.00', '0.00', '125.00', '[TBC]', '2016-11-09 13:35:06', 'S004', '2001-01-30 17:00:00', NULL, '2001-01-30 17:00:00', NULL),
(33, 'B59110033', 10, 1, -1, '[TBC]', '[TBC]', '1250.00', '0.00', '1250.00', '[TBC]', '2016-11-09 13:36:16', 'S004', '2001-01-30 17:00:00', NULL, '2001-01-30 17:00:00', NULL),
(34, 'B59110034', 10, 1, -1, '[TBC]', '[TBC]', '1250.00', '0.00', '1250.00', '[TBC]', '2016-11-09 13:54:39', 'S004', '2001-01-30 17:00:00', NULL, '2001-01-30 17:00:00', NULL),
(35, 'B59110035', 10, 1, -1, '[TBC]', '[TBC]', '300.00', '0.00', '300.00', '[TBC]', '2016-11-09 13:55:17', 'S004', '2001-01-30 17:00:00', NULL, '2001-01-30 17:00:00', NULL),
(36, 'B59110036', 10, 1, -1, '[TBC]', '[TBC]', '300.00', '0.00', '300.00', '[TBC]', '2016-11-09 13:57:15', 'S004', '2001-01-30 17:00:00', NULL, '2001-01-30 17:00:00', NULL),
(37, 'B59110037', 10, 1, -1, '[TBC]', '[TBC]', '600.00', '0.00', '600.00', '[TBC]', '2016-11-09 14:26:32', 'S004', '2001-01-30 17:00:00', NULL, '2001-01-30 17:00:00', NULL),
(38, 'B59110038', 10, 1, -1, '[TBC]', '[TBC]', '60.00', '0.00', '60.00', '[TBC]', '2016-11-10 02:18:24', 'S004', '2001-01-30 17:00:00', NULL, '2001-01-30 17:00:00', NULL),
(39, 'B59110039', 10, 1, -1, '[TBC]', '[TBC]', '1250.00', '0.00', '1250.00', '[TBC]', '2016-11-10 07:47:12', 'S004', '2001-01-30 17:00:00', NULL, '2001-01-30 17:00:00', NULL),
(40, 'B59110040', 10, 1, -1, '[TBC]', '[TBC]', '60.00', '0.00', '60.00', '[TBC]', '2016-11-10 10:02:26', 'S004', '2001-01-30 17:00:00', NULL, '2001-01-30 17:00:00', NULL),
(41, 'B59110041', 10, 1, -1, '[TBC]', '[TBC]', '375.00', '0.00', '375.00', '[TBC]', '2016-11-10 10:03:45', 'S004', '2001-01-30 17:00:00', NULL, '2001-01-30 17:00:00', NULL),
(42, 'B59110042', 10, 1, -1, '[TBC]', '[TBC]', '60.00', '0.00', '60.00', '[TBC]', '2016-11-10 10:36:03', 'S004', '2001-01-30 17:00:00', NULL, '2001-01-30 17:00:00', NULL),
(43, 'B59110043', 10, 1, -1, '[TBC]', '[TBC]', '60.00', '0.00', '60.00', '[TBC]', '2016-11-10 10:51:20', 'S004', '2001-01-30 17:00:00', NULL, '2001-01-30 17:00:00', NULL),
(44, 'B59110044', 10, 1, -1, '[TBC]', '[TBC]', '125.00', '0.00', '125.00', '[TBC]', '2016-11-10 10:51:38', 'S004', '2001-01-30 17:00:00', NULL, '2001-01-30 17:00:00', NULL),
(45, 'B59110045', 10, 1, -1, '[TBC]', '[TBC]', '1875.00', '0.00', '1875.00', '[TBC]', '2016-11-10 10:52:05', 'S004', '2001-01-30 17:00:00', NULL, '2001-01-30 17:00:00', NULL),
(46, 'B59110046', 10, 1, -1, '[TBC]', '[TBC]', '4550.00', '0.00', '4550.00', '[TBC]', '2016-11-10 10:58:14', 'S004', '2001-01-30 17:00:00', NULL, '2001-01-30 17:00:00', NULL),
(47, 'B59110047', 10, 1, -1, '[TBC]', '[TBC]', '60.00', '0.00', '60.00', '[TBC]', '2016-11-10 11:00:32', 'S004', '2001-01-30 17:00:00', NULL, '2001-01-30 17:00:00', NULL),
(48, 'B59110048', 10, 1, -1, '[TBC]', '[TBC]', '300.00', '0.00', '300.00', '[TBC]', '2016-11-10 11:40:05', 'S004', '2001-01-30 17:00:00', NULL, '2001-01-30 17:00:00', NULL),
(49, 'B59110049', 10, 1, -1, '[TBC]', '[TBC]', '1500.00', '0.00', '1500.00', '[TBC]', '2016-11-10 11:46:42', 'S004', '2001-01-30 17:00:00', NULL, '2001-01-30 17:00:00', NULL),
(50, 'B59110050', 10, 5, -1, '[TBC]', '[TBC]', '49674.00', '0.00', '49674.00', '[TBC]', '2016-11-10 12:25:11', 'S004', '2001-01-30 17:00:00', NULL, '2001-01-30 17:00:00', NULL),
(51, 'B59110051', 10, 1, -1, '[TBC]', '[TBC]', '59115.00', '0.00', '59115.00', '[TBC]', '2016-11-10 12:28:55', 'S004', '2001-01-30 17:00:00', NULL, '2001-01-30 17:00:00', NULL),
(52, 'B59110052', 10, 1, -1, '[TBC]', '[TBC]', '2790.00', '0.00', '2790.00', '[TBC]', '2016-11-10 13:56:13', 'S004', '2001-01-30 17:00:00', NULL, '2001-01-30 17:00:00', NULL),
(53, 'B59110053', 10, 1, -1, '[TBC]', '[TBC]', '514.00', '0.00', '514.00', '[TBC]', '2016-11-11 03:41:56', 'S004', '2001-01-30 17:00:00', NULL, '2001-01-30 17:00:00', NULL),
(54, 'B59110054', 10, 1, -1, '[TBC]', '[TBC]', '539.00', '0.00', '539.00', '[TBC]', '2016-11-11 03:44:15', 'S004', '2001-01-30 17:00:00', NULL, '2001-01-30 17:00:00', NULL),
(55, 'B59110055', 10, 1, -1, '[TBC]', '[TBC]', '60.00', '0.00', '60.00', '[TBC]', '2016-11-11 04:45:37', 'S004', '2001-01-30 17:00:00', NULL, '2001-01-30 17:00:00', NULL),
(56, 'B59110056', 10, 1, -1, '[TBC]', '[TBC]', '99.00', '0.00', '99.00', '[TBC]', '2016-11-11 04:47:06', 'S004', '2001-01-30 17:00:00', NULL, '2001-01-30 17:00:00', NULL),
(57, 'B59110057', 10, 1, -1, '[TBC]', '[TBC]', '774.00', '0.00', '774.00', '[TBC]', '2016-11-11 12:49:01', 'S004', '2001-01-30 17:00:00', NULL, '2001-01-30 17:00:00', NULL),
(58, 'B59110058', 10, 1, -1, '[TBC]', '[TBC]', '3382.00', '0.00', '3382.00', '[TBC]', '2016-11-12 06:42:03', 'S004', '2001-01-30 17:00:00', NULL, '2001-01-30 17:00:00', NULL),
(59, 'B59110059', 10, 1, -1, '[TBC]', '[TBC]', '105.00', '0.00', '105.00', '[TBC]', '2016-11-12 06:48:08', 'S004', '2001-01-30 17:00:00', NULL, '2001-01-30 17:00:00', NULL),
(60, 'B59110060', 10, 1, -1, '[TBC]', '[TBC]', '275.00', '0.00', '275.00', '[TBC]', '2016-11-12 06:50:15', 'S004', '2001-01-30 17:00:00', NULL, '2001-01-30 17:00:00', NULL),
(61, 'B59110061', 10, 7, -1, '[TBC]', '[TBC]', '257.00', '0.00', '257.00', '[TBC]', '2016-11-12 06:53:38', 'S004', '2001-01-30 17:00:00', NULL, '2001-01-30 17:00:00', NULL),
(62, 'B59110062', 10, 1, -1, '[TBC]', '[TBC]', '300.00', '0.00', '300.00', '[TBC]', '2016-11-12 07:27:53', 'S004', '2001-01-30 17:00:00', NULL, '2001-01-30 17:00:00', NULL),
(63, 'B59110063', 10, 1, -1, '[TBC]', '[TBC]', '300.00', '0.00', '300.00', '[TBC]', '2016-11-12 07:30:20', 'S004', '2001-01-30 17:00:00', NULL, '2001-01-30 17:00:00', NULL),
(64, 'B59110064', 10, 1, -1, '[TBC]', '[TBC]', '60.00', '0.00', '60.00', '[TBC]', '2016-11-12 07:37:24', 'S004', '2001-01-30 17:00:00', NULL, '2001-01-30 17:00:00', NULL),
(65, 'B59110065', 10, 1, -1, '[TBC]', '[TBC]', '60.00', '0.00', '60.00', '[TBC]', '2016-11-12 07:38:33', 'S004', '2001-01-30 17:00:00', NULL, '2001-01-30 17:00:00', NULL),
(66, 'B59110066', 10, 1, -1, '[TBC]', '[TBC]', '60.00', '0.00', '60.00', '[TBC]', '2016-11-12 07:40:17', 'S004', '2001-01-30 17:00:00', NULL, '2001-01-30 17:00:00', NULL),
(67, 'B59110067', 10, 1, -1, '[TBC]', '[TBC]', '300.00', '0.00', '300.00', '[TBC]', '2016-11-12 07:40:48', 'S004', '2001-01-30 17:00:00', NULL, '2001-01-30 17:00:00', NULL),
(68, 'B59110068', 10, 1, -1, '[TBC]', '[TBC]', '155.00', '0.00', '155.00', '[TBC]', '2016-11-12 07:43:15', 'S004', '2001-01-30 17:00:00', NULL, '2001-01-30 17:00:00', NULL),
(69, 'B59110069', 10, 1, -1, '[TBC]', '[TBC]', '60.00', '0.00', '60.00', '[TBC]', '2016-11-12 07:44:13', 'S004', '2001-01-30 17:00:00', NULL, '2001-01-30 17:00:00', NULL),
(70, 'B59110070', 10, 1, -1, '[TBC]', '[TBC]', '155.00', '0.00', '155.00', '[TBC]', '2016-11-12 07:47:09', 'S004', '2001-01-30 17:00:00', NULL, '2001-01-30 17:00:00', NULL),
(71, 'B59110071', 10, 1, -1, '[TBC]', '[TBC]', '155.00', '0.00', '155.00', '[TBC]', '2016-11-12 08:46:53', 'S004', '2001-01-30 17:00:00', NULL, '2001-01-30 17:00:00', NULL),
(72, 'B59110072', 10, 1, -1, '[TBC]', '[TBC]', '220.00', '0.00', '220.00', '[TBC]', '2016-11-12 10:13:10', 'S004', '2001-01-30 17:00:00', NULL, '2001-01-30 17:00:00', NULL),
(73, 'B59110073', 10, 1, -1, '[TBC]', '[TBC]', '60.00', '0.00', '60.00', '[TBC]', '2016-11-12 10:13:18', 'S004', '2001-01-30 17:00:00', NULL, '2001-01-30 17:00:00', NULL),
(74, 'B59110074', 10, 1, -1, '[TBC]', '[TBC]', '60.00', '0.00', '60.00', '[TBC]', '2016-11-12 10:13:28', 'S004', '2001-01-30 17:00:00', NULL, '2001-01-30 17:00:00', NULL),
(75, 'B59110075', 10, 1, -1, '[TBC]', '[TBC]', '300.00', '0.00', '300.00', '[TBC]', '2016-11-12 10:13:37', 'S004', '2001-01-30 17:00:00', NULL, '2001-01-30 17:00:00', NULL),
(76, 'B59110076', 10, 1, -1, '[TBC]', '[TBC]', '470.00', '0.00', '470.00', '[TBC]', '2016-11-12 10:13:48', 'S004', '2001-01-30 17:00:00', NULL, '2001-01-30 17:00:00', NULL),
(77, 'B59110077', 10, 1, -1, '[TBC]', '[TBC]', '155.00', '0.00', '155.00', '[TBC]', '2016-11-12 11:11:40', 'S004', '2001-01-30 17:00:00', NULL, '2001-01-30 17:00:00', NULL),
(78, 'B59110078', 10, 1, -1, '[TBC]', '[TBC]', '60.00', '0.00', '60.00', '[TBC]', '2016-11-12 11:25:01', 'S004', '2001-01-30 17:00:00', NULL, '2001-01-30 17:00:00', NULL),
(79, 'B59110079', 10, 1, -1, '[TBC]', '[TBC]', '155.00', '0.00', '155.00', '[TBC]', '2016-11-12 11:26:32', 'S004', '2001-01-30 17:00:00', NULL, '2001-01-30 17:00:00', NULL),
(80, 'B59110080', 10, 1, -1, '[TBC]', '[TBC]', '155.00', '0.00', '155.00', '[TBC]', '2016-11-12 11:28:25', 'S004', '2001-01-30 17:00:00', NULL, '2001-01-30 17:00:00', NULL),
(81, 'B59110081', 10, 1, -1, '[TBC]', '[TBC]', '155.00', '0.00', '155.00', '[TBC]', '2016-11-12 11:31:52', 'S004', '2001-01-30 17:00:00', NULL, '2001-01-30 17:00:00', NULL),
(82, 'B59110082', 10, 1, -1, '[TBC]', '[TBC]', '155.00', '0.00', '155.00', '[TBC]', '2016-11-12 11:35:28', 'S004', '2001-01-30 17:00:00', NULL, '2001-01-30 17:00:00', NULL),
(83, 'B59110083', 10, 1, -1, '[TBC]', '[TBC]', '155.00', '0.00', '155.00', '[TBC]', '2016-11-12 11:36:18', 'S004', '2001-01-30 17:00:00', NULL, '2001-01-30 17:00:00', NULL),
(84, 'B59110084', 10, 1, -1, '[TBC]', '[TBC]', '155.00', '0.00', '155.00', '[TBC]', '2016-11-12 11:36:35', 'S004', '2001-01-30 17:00:00', NULL, '2001-01-30 17:00:00', NULL),
(85, 'B59110085', 10, 1, -1, '[TBC]', '[TBC]', '155.00', '0.00', '155.00', '[TBC]', '2016-11-12 12:10:01', '004', '2001-01-30 17:00:00', NULL, '2001-01-30 17:00:00', NULL),
(86, 'B59110086', 10, 1, -1, '[TBC]', '[TBC]', '155.00', '0.00', '155.00', '[TBC]', '2016-11-12 12:10:35', '004', '2001-01-30 17:00:00', NULL, '2001-01-30 17:00:00', NULL),
(87, 'B59110087', 10, 1, 1, '[TBC]', '[TBC]', '325.00', '0.00', '325.00', '[TBC]', '2016-11-14 02:41:05', '004', '2001-01-30 17:00:00', NULL, '2001-01-30 17:00:00', NULL),
(88, 'B59110088', 10, 1, 1, '[TBC]', '[TBC]', '185.00', '0.00', '185.00', '[TBC]', '2016-11-14 02:41:25', '004', '2001-01-30 17:00:00', NULL, '2001-01-30 17:00:00', NULL),
(89, 'B59110089', 10, 1, -1, '[TBC]', '[TBC]', '17810.00', '0.00', '17810.00', '[TBC]', '2016-11-14 02:42:34', '004', '2001-01-30 17:00:00', NULL, '2001-01-30 17:00:00', NULL),
(90, 'B59110090', 10, 1, 1, '[TBC]', '[TBC]', '275.00', '0.00', '275.00', '[TBC]', '2016-11-14 02:49:09', '004', '2001-01-30 17:00:00', NULL, '2001-01-30 17:00:00', NULL),
(91, 'B59110091', 10, 1, 1, '[TBC]', '[TBC]', '579.50', '0.00', '580.00', '[TBC]', '2016-11-14 02:55:23', '004', '2001-01-30 17:00:00', NULL, '2001-01-30 17:00:00', NULL),
(92, 'B59110092', 0, 1, 1, '[TBC]', '[TBC]', '155.00', '0.00', '155.00', '[TBC]', '2016-11-14 08:35:34', 'S004', '2001-01-30 17:00:00', NULL, '2001-01-30 17:00:00', NULL);

-- --------------------------------------------------------

--
-- Stand-in structure for view `saledetailview`
-- (See below for the actual view)
--
CREATE TABLE `saledetailview` (
`saleIndex` bigint(11)
,`saleNo` varchar(10)
,`saleType` int(11)
,`customerIndex` int(11)
,`saleDone` tinyint(1)
,`creditCardID` varchar(15)
,`approvalCode` varchar(15)
,`saleTotalAmount` decimal(10,2)
,`saleTotalDiscount` decimal(10,2)
,`saleTotalBalance` decimal(10,2)
,`creditCardAuthorizer` varchar(20)
,`CRE_DTE` datetime
,`CRE_USR` varchar(5)
,`UPD_DTE` datetime
,`UPD_USR` varchar(5)
,`DEL_DTE` datetime
,`DEL_USR` varchar(5)
,`customerID` varchar(15)
,`fullname` varchar(50)
);

-- --------------------------------------------------------

--
-- Table structure for table `saledetail_void`
--

CREATE TABLE `saledetail_void` (
  `saleIndex` bigint(11) NOT NULL,
  `saleNo` varchar(10) NOT NULL,
  `saleNoNewBill` varchar(11) DEFAULT NULL,
  `CRE_DTE` datetime DEFAULT NULL,
  `CRE_USR` varchar(5) DEFAULT NULL,
  `UPD_DTE` datetime DEFAULT NULL,
  `UPD_USR` varchar(5) DEFAULT NULL,
  `DEL_DTE` datetime DEFAULT NULL,
  `DEL_USR` varchar(5) DEFAULT NULL
) ENGINE=InnoDB DEFAULT CHARSET=utf8;

--
-- Dumping data for table `saledetail_void`
--

INSERT INTO `saledetail_void` (`saleIndex`, `saleNo`, `saleNoNewBill`, `CRE_DTE`, `CRE_USR`, `UPD_DTE`, `UPD_USR`, `DEL_DTE`, `DEL_USR`) VALUES
(1, 'B59110001', 'B59110002', '2016-11-08 13:37:53', 'S004', '2016-11-08 13:38:02', 'S004', NULL, NULL),
(2, 'B59110002', 'B59110003', '2016-11-09 06:40:29', 'S004', '2016-11-09 08:07:48', 'S004', NULL, NULL),
(3, 'B59110003', 'B59110004', '2016-11-09 08:21:27', 'S004', '2016-11-09 08:21:46', 'S004', NULL, NULL),
(4, 'B59110004', 'B59110005', '2016-11-09 08:22:07', 'S004', '2016-11-09 08:22:23', 'S004', NULL, NULL),
(5, 'B59110005', 'B59110006', '2016-11-09 08:22:35', 'S004', '2016-11-09 08:25:11', 'S004', NULL, NULL),
(6, 'B59110006', 'B59110007', '2016-11-09 08:39:51', 'S004', '2016-11-09 08:40:00', 'S004', NULL, NULL),
(7, 'B59110007', 'B59110017', '2016-11-09 08:56:51', 'S004', '2016-11-09 08:57:15', 'S004', NULL, NULL),
(8, 'B59110017', 'B59110027', '2016-11-09 09:51:39', 'S004', '2016-11-09 12:01:10', 'S004', NULL, NULL),
(9, 'B59110016', 'B59110026', '2016-11-09 09:52:07', 'S004', '2016-11-09 11:57:30', 'S004', NULL, NULL),
(10, 'B59110021', 'B59110022', '2016-11-09 09:57:50', 'S004', '2016-11-09 11:43:26', 'S004', NULL, NULL),
(11, 'B59110009', 'B59110045', '2016-11-09 09:57:57', 'S004', '2016-11-10 10:52:05', 'S004', NULL, NULL),
(12, 'B59110008', 'B59110029', '2016-11-09 10:24:31', 'S004', '2016-11-09 12:03:08', 'S004', NULL, NULL),
(13, 'B59110018', 'B59110024', '2016-11-09 10:24:36', 'S004', '2016-11-09 11:50:38', 'S004', NULL, NULL),
(14, 'B59110032', 'B59110033', '2016-11-09 13:35:38', 'S004', '2016-11-09 13:36:16', 'S004', NULL, NULL),
(15, 'B59110033', 'B59110034', '2016-11-09 13:54:32', 'S004', '2016-11-09 13:54:39', 'S004', NULL, NULL),
(16, 'B59110035', 'B59110036', '2016-11-09 13:57:07', 'S004', '2016-11-09 13:57:15', 'S004', NULL, NULL),
(17, 'B59110022', 'B59110037', '2016-11-09 14:26:20', 'S004', '2016-11-09 14:26:32', 'S004', NULL, NULL),
(18, 'B59110015', NULL, '2016-11-10 07:43:49', 'S004', '2016-11-10 07:43:49', 'S004', NULL, NULL),
(19, 'B59110014', NULL, '2016-11-10 07:43:59', 'S004', '2016-11-10 07:43:59', 'S004', NULL, NULL),
(20, 'B59110010', 'B59110046', '2016-11-10 07:45:01', 'S004', '2016-11-10 10:58:14', 'S004', NULL, NULL),
(21, 'B59110012', NULL, '2016-11-10 07:45:05', 'S004', '2016-11-10 07:45:05', 'S004', NULL, NULL),
(22, 'B59110013', NULL, '2016-11-10 07:45:19', 'S004', '2016-11-10 07:45:19', 'S004', NULL, NULL),
(23, 'B59110011', 'B59110049', '2016-11-10 07:45:26', 'S004', '2016-11-10 11:46:42', 'S004', NULL, NULL),
(24, 'B59110019', NULL, '2016-11-10 07:46:14', 'S004', '2016-11-10 07:46:14', 'S004', NULL, NULL),
(25, 'B59110020', 'B59110042', '2016-11-10 07:46:20', 'S004', '2016-11-10 10:36:03', 'S004', NULL, NULL),
(26, 'B59110023', NULL, '2016-11-10 07:46:22', 'S004', '2016-11-10 07:46:22', 'S004', NULL, NULL),
(27, 'B59110024', NULL, '2016-11-10 07:46:24', 'S004', '2016-11-10 07:46:24', 'S004', NULL, NULL),
(28, 'B59110025', NULL, '2016-11-10 07:46:27', 'S004', '2016-11-10 07:46:27', 'S004', NULL, NULL),
(29, 'B59110031', NULL, '2016-11-10 07:46:33', 'S004', '2016-11-10 07:46:33', 'S004', NULL, NULL),
(30, 'B59110034', 'B59110039', '2016-11-10 07:46:38', 'S004', '2016-11-10 07:47:12', 'S004', NULL, NULL),
(31, 'B59110036', NULL, '2016-11-10 07:46:40', 'S004', '2016-11-10 07:46:40', 'S004', NULL, NULL),
(32, 'B59110038', 'B59110040', '2016-11-10 07:46:41', 'S004', '2016-11-10 10:02:26', 'S004', NULL, NULL),
(33, 'B59110037', NULL, '2016-11-10 07:46:43', 'S004', '2016-11-10 07:46:43', 'S004', NULL, NULL),
(34, 'B59110030', NULL, '2016-11-10 07:46:47', 'S004', '2016-11-10 07:46:47', 'S004', NULL, NULL),
(35, 'B59110029', NULL, '2016-11-10 07:46:49', 'S004', '2016-11-10 07:46:49', 'S004', NULL, NULL),
(36, 'B59110026', NULL, '2016-11-10 07:46:52', 'S004', '2016-11-10 07:46:52', 'S004', NULL, NULL),
(37, 'B59110027', NULL, '2016-11-10 07:46:54', 'S004', '2016-11-10 07:46:54', 'S004', NULL, NULL),
(38, 'B59110028', NULL, '2016-11-10 07:46:56', 'S004', '2016-11-10 07:46:56', 'S004', NULL, NULL),
(39, 'B59110040', 'B59110047', '2016-11-10 10:26:36', 'S004', '2016-11-10 11:00:32', 'S004', NULL, NULL),
(40, 'B59110041', NULL, '2016-11-10 12:18:21', 'S004', '2016-11-10 12:18:21', 'S004', NULL, NULL),
(41, 'B59110050', 'B59110051', '2016-11-10 12:25:38', 'S004', '2016-11-10 12:28:55', 'S004', NULL, NULL),
(42, 'B59110049', NULL, '2016-11-10 13:51:55', 'S004', '2016-11-10 13:51:55', 'S004', NULL, NULL),
(43, 'B59110039', NULL, '2016-11-10 13:53:50', 'S004', '2016-11-10 13:53:50', 'S004', NULL, NULL),
(44, 'B59110053', 'B59110054', '2016-11-11 03:42:41', 'S004', '2016-11-11 03:44:15', 'S004', NULL, NULL),
(45, 'B59110056', NULL, '2016-11-11 04:47:46', 'S004', '2016-11-11 04:47:46', 'S004', NULL, NULL),
(46, 'B59110054', 'B59110057', '2016-11-11 04:48:05', 'S004', '2016-11-11 12:49:01', 'S004', NULL, NULL),
(47, 'B59110057', NULL, '2016-11-11 12:58:50', 'S004', '2016-11-11 12:58:50', 'S004', NULL, NULL),
(48, 'B59110048', NULL, '2016-11-12 05:26:03', 'S004', '2016-11-12 05:26:03', 'S004', NULL, NULL),
(49, 'B59110047', NULL, '2016-11-12 05:26:27', 'S004', '2016-11-12 05:26:27', 'S004', NULL, NULL),
(50, 'B59110055', 'B59110059', '2016-11-12 06:45:33', 'S004', '2016-11-12 06:48:08', 'S004', NULL, NULL),
(51, 'B59110060', 'B59110061', '2016-11-12 06:52:31', 'S004', '2016-11-12 06:53:38', 'S004', NULL, NULL),
(52, 'B59110058', NULL, '2016-11-12 06:56:04', 'S004', '2016-11-12 06:56:04', 'S004', NULL, NULL),
(53, 'B59110043', NULL, '2016-11-12 07:07:16', '004', '2016-11-12 07:07:16', '004', NULL, NULL),
(54, 'B59110061', NULL, '2016-11-12 09:02:38', 'S004', '2016-11-12 09:02:38', 'S004', NULL, NULL),
(55, 'B59110061', NULL, '2016-11-12 09:03:46', 'S004', '2016-11-12 09:03:46', 'S004', NULL, NULL),
(56, 'B59110042', NULL, '2016-11-12 09:04:45', 'S004', '2016-11-12 09:04:45', 'S004', NULL, NULL),
(57, 'B59110051', NULL, '2016-11-12 09:06:11', 'S004', '2016-11-12 09:06:11', 'S004', NULL, NULL),
(58, 'B59110044', NULL, '2016-11-12 09:07:09', 'S004', '2016-11-12 09:07:09', 'S004', NULL, NULL),
(59, 'B59110071', NULL, '2016-11-12 09:12:51', 'S004', '2016-11-12 09:12:51', 'S004', NULL, NULL),
(60, 'B59110062', NULL, '2016-11-12 09:13:44', 'S004', '2016-11-12 09:13:44', 'S004', NULL, NULL),
(61, 'B59110063', NULL, '2016-11-12 09:15:28', 'S004', '2016-11-12 09:15:28', 'S004', NULL, NULL),
(62, 'B59110064', NULL, '2016-11-12 09:19:08', 'S004', '2016-11-12 09:19:08', 'S004', NULL, NULL),
(63, 'B59110059', NULL, '2016-11-12 09:22:29', 'S004', '2016-11-12 09:22:29', 'S004', NULL, NULL),
(64, 'B59110065', NULL, '2016-11-12 09:24:17', 'S004', '2016-11-12 09:24:17', 'S004', NULL, NULL),
(65, 'B59110066', NULL, '2016-11-12 09:48:26', 'S004', '2016-11-12 09:48:26', 'S004', NULL, NULL),
(66, 'B59110067', NULL, '2016-11-12 09:49:02', 'S004', '2016-11-12 09:49:02', 'S004', NULL, NULL),
(67, 'B59110045', NULL, '2016-11-12 09:53:08', 'S004', '2016-11-12 09:53:08', 'S004', NULL, NULL),
(68, 'B59110046', NULL, '2016-11-12 09:57:07', 'S004', '2016-11-12 09:57:07', 'S004', NULL, NULL),
(69, 'B59110052', NULL, '2016-11-12 10:02:05', 'S004', '2016-11-12 10:02:05', 'S004', NULL, NULL),
(70, 'B59110068', NULL, '2016-11-12 10:10:49', 'S004', '2016-11-12 10:10:49', 'S004', NULL, NULL),
(71, 'B59110069', NULL, '2016-11-12 10:11:14', 'S004', '2016-11-12 10:11:14', 'S004', NULL, NULL),
(72, 'B59110070', NULL, '2016-11-12 10:11:55', 'S004', '2016-11-12 10:11:55', 'S004', NULL, NULL),
(73, 'B59110073', NULL, '2016-11-12 10:14:59', 'S004', '2016-11-12 10:14:59', 'S004', NULL, NULL),
(74, 'B59110072', NULL, '2016-11-12 10:20:24', 'S004', '2016-11-12 10:20:24', 'S004', NULL, NULL),
(75, 'B59110075', NULL, '2016-11-12 10:41:37', 'S004', '2016-11-12 10:41:37', 'S004', NULL, NULL),
(76, 'B59110074', NULL, '2016-11-12 10:48:52', 'S004', '2016-11-12 10:48:52', 'S004', NULL, NULL),
(77, 'B59110076', NULL, '2016-11-12 11:07:29', 'S004', '2016-11-12 11:07:29', 'S004', NULL, NULL),
(78, 'B59110077', NULL, '2016-11-12 11:11:48', 'S004', '2016-11-12 11:11:48', 'S004', NULL, NULL),
(79, 'B59110078', NULL, '2016-11-12 11:26:07', 'S004', '2016-11-12 11:26:07', 'S004', NULL, NULL),
(80, 'B59110079', NULL, '2016-11-12 11:28:06', 'S004', '2016-11-12 11:28:06', 'S004', NULL, NULL),
(81, 'B59110080', NULL, '2016-11-12 11:28:32', 'S004', '2016-11-12 11:28:32', 'S004', NULL, NULL),
(82, 'B59110081', NULL, '2016-11-12 11:32:00', 'S004', '2016-11-12 11:32:00', 'S004', NULL, NULL),
(83, 'B59110082', 'B59110083', '2016-11-12 11:35:37', 'S004', '2016-11-12 11:36:18', 'S004', NULL, NULL),
(84, 'B59110083', 'B59110085', '2016-11-12 11:36:47', 'S004', '2016-11-12 12:10:01', 'S004', NULL, NULL),
(85, 'B59110084', NULL, '2016-11-12 12:09:41', '004', '2016-11-12 12:09:41', '004', NULL, NULL),
(86, 'B59110085', 'B59110086', '2016-11-12 12:10:22', '004', '2016-11-12 12:10:35', '004', NULL, NULL),
(87, 'B59110086', NULL, '2016-11-12 12:10:52', '004', '2016-11-12 12:10:52', '004', NULL, NULL),
(88, 'B59110089', 'B59110091', '2016-11-14 02:47:56', '004', '2016-11-14 02:55:23', '004', NULL, NULL);

-- --------------------------------------------------------

--
-- Table structure for table `salelist`
--

CREATE TABLE `salelist` (
  `listIndex` int(11) NOT NULL,
  `saleNo` varchar(10) DEFAULT NULL,
  `itemIndex` int(11) DEFAULT NULL,
  `salePrice` decimal(10,2) DEFAULT NULL,
  `saleQTY` decimal(10,0) DEFAULT NULL,
  `stockQTY` decimal(10,0) DEFAULT NULL,
  `saleDiscount` decimal(10,2) DEFAULT NULL,
  `saleClass` varchar(5) DEFAULT 'Rt',
  `CRE_USR` varchar(5) DEFAULT NULL,
  `CRE_DTE` datetime DEFAULT NULL,
  `UPD_USR` varchar(5) DEFAULT NULL,
  `UPD_DTE` datetime DEFAULT NULL,
  `DEL_USR` varchar(5) DEFAULT NULL,
  `DEL_DTE` datetime DEFAULT NULL
) ENGINE=InnoDB DEFAULT CHARSET=utf8;

--
-- Dumping data for table `salelist`
--

INSERT INTO `salelist` (`listIndex`, `saleNo`, `itemIndex`, `salePrice`, `saleQTY`, `stockQTY`, `saleDiscount`, `saleClass`, `CRE_USR`, `CRE_DTE`, `UPD_USR`, `UPD_DTE`, `DEL_USR`, `DEL_DTE`) VALUES
(1, 'B59110001', 1, '60.00', '10', '-10', '0.00', 'Rt', 'S004', '2016-11-08 13:37:32', NULL, '2001-01-30 17:00:00', NULL, '2001-01-30 17:00:00'),
(2, 'B59110001', 4, '65.00', '10', '-10', '0.00', 'Rt', 'S004', '2016-11-08 13:37:32', NULL, '2001-01-30 17:00:00', NULL, '2001-01-30 17:00:00'),
(3, 'B59110001', 5, '80.00', '10', '-10', '0.00', 'Rt', 'S004', '2016-11-08 13:37:32', NULL, '2001-01-30 17:00:00', NULL, '2001-01-30 17:00:00'),
(4, 'B59110001', 6, '95.00', '10', '-10', '0.00', 'Rt', 'S004', '2016-11-08 13:37:32', NULL, '2001-01-30 17:00:00', NULL, '2001-01-30 17:00:00'),
(5, 'B59110001', 7, '75.00', '10', '-10', '0.00', 'Rt', 'S004', '2016-11-08 13:37:32', NULL, '2001-01-30 17:00:00', NULL, '2001-01-30 17:00:00'),
(6, 'B59110001', 1, '60.00', '-10', '0', '0.00', 'Vo', 'S004', '2016-11-08 13:37:53', 'S004', '2016-11-08 13:37:53', NULL, NULL),
(7, 'B59110001', 4, '65.00', '-10', '0', '0.00', 'Vo', 'S004', '2016-11-08 13:37:53', 'S004', '2016-11-08 13:37:53', NULL, NULL),
(8, 'B59110001', 5, '80.00', '-10', '0', '0.00', 'Vo', 'S004', '2016-11-08 13:37:53', 'S004', '2016-11-08 13:37:53', NULL, NULL),
(9, 'B59110001', 6, '95.00', '-10', '0', '0.00', 'Vo', 'S004', '2016-11-08 13:37:53', 'S004', '2016-11-08 13:37:53', NULL, NULL),
(10, 'B59110001', 7, '75.00', '-10', '0', '0.00', 'Vo', 'S004', '2016-11-08 13:37:53', 'S004', '2016-11-08 13:37:53', NULL, NULL),
(11, 'B59110002', 1, '60.00', '10', '-10', '0.00', 'Rt', 'S004', '2016-11-08 13:38:02', NULL, '2001-01-30 17:00:00', NULL, '2001-01-30 17:00:00'),
(12, 'B59110002', 4, '65.00', '10', '-10', '0.00', 'Rt', 'S004', '2016-11-08 13:38:02', NULL, '2001-01-30 17:00:00', NULL, '2001-01-30 17:00:00'),
(13, 'B59110002', 5, '80.00', '10', '-10', '0.00', 'Rt', 'S004', '2016-11-08 13:38:02', NULL, '2001-01-30 17:00:00', NULL, '2001-01-30 17:00:00'),
(14, 'B59110002', 6, '95.00', '10', '-10', '0.00', 'Rt', 'S004', '2016-11-08 13:38:02', NULL, '2001-01-30 17:00:00', NULL, '2001-01-30 17:00:00'),
(15, 'B59110002', 7, '75.00', '10', '-10', '0.00', 'Rt', 'S004', '2016-11-08 13:38:02', NULL, '2001-01-30 17:00:00', NULL, '2001-01-30 17:00:00'),
(16, 'B59110002', 1, '60.00', '-10', '0', '0.00', 'Vo', 'S004', '2016-11-09 06:40:29', 'S004', '2016-11-09 06:40:29', NULL, NULL),
(17, 'B59110002', 4, '65.00', '-10', '0', '0.00', 'Vo', 'S004', '2016-11-09 06:40:29', 'S004', '2016-11-09 06:40:29', NULL, NULL),
(18, 'B59110002', 5, '80.00', '-10', '0', '0.00', 'Vo', 'S004', '2016-11-09 06:40:29', 'S004', '2016-11-09 06:40:29', NULL, NULL),
(19, 'B59110002', 6, '95.00', '-10', '0', '0.00', 'Vo', 'S004', '2016-11-09 06:40:29', 'S004', '2016-11-09 06:40:29', NULL, NULL),
(20, 'B59110002', 7, '75.00', '-10', '0', '0.00', 'Vo', 'S004', '2016-11-09 06:40:29', 'S004', '2016-11-09 06:40:29', NULL, NULL),
(21, 'B59110003', 1, '60.00', '10', '-10', '0.00', 'Rt', 'S004', '2016-11-09 08:07:48', NULL, '2001-01-30 17:00:00', NULL, '2001-01-30 17:00:00'),
(22, 'B59110003', 4, '65.00', '10', '-10', '0.00', 'Rt', 'S004', '2016-11-09 08:07:48', NULL, '2001-01-30 17:00:00', NULL, '2001-01-30 17:00:00'),
(23, 'B59110003', 5, '80.00', '10', '-10', '0.00', 'Rt', 'S004', '2016-11-09 08:07:48', NULL, '2001-01-30 17:00:00', NULL, '2001-01-30 17:00:00'),
(24, 'B59110003', 6, '95.00', '10', '-10', '0.00', 'Rt', 'S004', '2016-11-09 08:07:48', NULL, '2001-01-30 17:00:00', NULL, '2001-01-30 17:00:00'),
(25, 'B59110003', 7, '75.00', '10', '-10', '0.00', 'Rt', 'S004', '2016-11-09 08:07:48', NULL, '2001-01-30 17:00:00', NULL, '2001-01-30 17:00:00'),
(26, 'B59110003', 1, '60.00', '-10', '0', '0.00', 'Vo', 'S004', '2016-11-09 08:21:27', 'S004', '2016-11-09 08:21:27', NULL, NULL),
(27, 'B59110003', 4, '65.00', '-10', '0', '0.00', 'Vo', 'S004', '2016-11-09 08:21:27', 'S004', '2016-11-09 08:21:27', NULL, NULL),
(28, 'B59110003', 5, '80.00', '-10', '0', '0.00', 'Vo', 'S004', '2016-11-09 08:21:27', 'S004', '2016-11-09 08:21:27', NULL, NULL),
(29, 'B59110003', 6, '95.00', '-10', '0', '0.00', 'Vo', 'S004', '2016-11-09 08:21:27', 'S004', '2016-11-09 08:21:27', NULL, NULL),
(30, 'B59110003', 7, '75.00', '-10', '0', '0.00', 'Vo', 'S004', '2016-11-09 08:21:27', 'S004', '2016-11-09 08:21:27', NULL, NULL),
(31, 'B59110004', 1, '60.00', '10', '-10', '0.00', 'Rt', 'S004', '2016-11-09 08:21:46', NULL, '2001-01-30 17:00:00', NULL, '2001-01-30 17:00:00'),
(32, 'B59110004', 4, '65.00', '10', '-10', '0.00', 'Rt', 'S004', '2016-11-09 08:21:46', NULL, '2001-01-30 17:00:00', NULL, '2001-01-30 17:00:00'),
(33, 'B59110004', 5, '80.00', '10', '-10', '0.00', 'Rt', 'S004', '2016-11-09 08:21:46', NULL, '2001-01-30 17:00:00', NULL, '2001-01-30 17:00:00'),
(34, 'B59110004', 6, '95.00', '10', '-10', '0.00', 'Rt', 'S004', '2016-11-09 08:21:46', NULL, '2001-01-30 17:00:00', NULL, '2001-01-30 17:00:00'),
(35, 'B59110004', 7, '75.00', '10', '-10', '0.00', 'Rt', 'S004', '2016-11-09 08:21:46', NULL, '2001-01-30 17:00:00', NULL, '2001-01-30 17:00:00'),
(36, 'B59110004', 1, '60.00', '-10', '0', '0.00', 'Vo', 'S004', '2016-11-09 08:22:07', 'S004', '2016-11-09 08:22:07', NULL, NULL),
(37, 'B59110004', 4, '65.00', '-10', '0', '0.00', 'Vo', 'S004', '2016-11-09 08:22:07', 'S004', '2016-11-09 08:22:07', NULL, NULL),
(38, 'B59110004', 5, '80.00', '-10', '0', '0.00', 'Vo', 'S004', '2016-11-09 08:22:07', 'S004', '2016-11-09 08:22:07', NULL, NULL),
(39, 'B59110004', 6, '95.00', '-10', '0', '0.00', 'Vo', 'S004', '2016-11-09 08:22:07', 'S004', '2016-11-09 08:22:07', NULL, NULL),
(40, 'B59110004', 7, '75.00', '-10', '0', '0.00', 'Vo', 'S004', '2016-11-09 08:22:07', 'S004', '2016-11-09 08:22:07', NULL, NULL),
(41, 'B59110005', 1, '60.00', '10', '-10', '0.00', 'Rt', 'S004', '2016-11-09 08:22:23', NULL, '2001-01-30 17:00:00', NULL, '2001-01-30 17:00:00'),
(42, 'B59110005', 4, '65.00', '10', '-10', '0.00', 'Rt', 'S004', '2016-11-09 08:22:23', NULL, '2001-01-30 17:00:00', NULL, '2001-01-30 17:00:00'),
(43, 'B59110005', 5, '80.00', '10', '-10', '0.00', 'Rt', 'S004', '2016-11-09 08:22:23', NULL, '2001-01-30 17:00:00', NULL, '2001-01-30 17:00:00'),
(44, 'B59110005', 6, '95.00', '10', '-10', '0.00', 'Rt', 'S004', '2016-11-09 08:22:23', NULL, '2001-01-30 17:00:00', NULL, '2001-01-30 17:00:00'),
(45, 'B59110005', 7, '75.00', '10', '-10', '0.00', 'Rt', 'S004', '2016-11-09 08:22:23', NULL, '2001-01-30 17:00:00', NULL, '2001-01-30 17:00:00'),
(46, 'B59110005', 1, '60.00', '-10', '0', '0.00', 'Vo', 'S004', '2016-11-09 08:22:35', 'S004', '2016-11-09 08:22:35', NULL, NULL),
(47, 'B59110005', 4, '65.00', '-10', '0', '0.00', 'Vo', 'S004', '2016-11-09 08:22:35', 'S004', '2016-11-09 08:22:35', NULL, NULL),
(48, 'B59110005', 5, '80.00', '-10', '0', '0.00', 'Vo', 'S004', '2016-11-09 08:22:35', 'S004', '2016-11-09 08:22:35', NULL, NULL),
(49, 'B59110005', 6, '95.00', '-10', '0', '0.00', 'Vo', 'S004', '2016-11-09 08:22:35', 'S004', '2016-11-09 08:22:35', NULL, NULL),
(50, 'B59110005', 7, '75.00', '-10', '0', '0.00', 'Vo', 'S004', '2016-11-09 08:22:35', 'S004', '2016-11-09 08:22:35', NULL, NULL),
(51, 'B59110006', 1, '60.00', '10', '-10', '0.00', 'Rt', 'S004', '2016-11-09 08:25:11', NULL, '2001-01-30 17:00:00', NULL, '2001-01-30 17:00:00'),
(52, 'B59110006', 4, '65.00', '10', '-10', '0.00', 'Rt', 'S004', '2016-11-09 08:25:11', NULL, '2001-01-30 17:00:00', NULL, '2001-01-30 17:00:00'),
(53, 'B59110006', 5, '80.00', '10', '-10', '0.00', 'Rt', 'S004', '2016-11-09 08:25:11', NULL, '2001-01-30 17:00:00', NULL, '2001-01-30 17:00:00'),
(54, 'B59110006', 6, '95.00', '10', '-10', '0.00', 'Rt', 'S004', '2016-11-09 08:25:11', NULL, '2001-01-30 17:00:00', NULL, '2001-01-30 17:00:00'),
(55, 'B59110006', 7, '75.00', '10', '-10', '0.00', 'Rt', 'S004', '2016-11-09 08:25:11', NULL, '2001-01-30 17:00:00', NULL, '2001-01-30 17:00:00'),
(56, 'B59110006', 1, '60.00', '-10', '0', '0.00', 'Vo', 'S004', '2016-11-09 08:39:51', 'S004', '2016-11-09 08:39:51', NULL, NULL),
(57, 'B59110006', 4, '65.00', '-10', '0', '0.00', 'Vo', 'S004', '2016-11-09 08:39:51', 'S004', '2016-11-09 08:39:51', NULL, NULL),
(58, 'B59110006', 5, '80.00', '-10', '0', '0.00', 'Vo', 'S004', '2016-11-09 08:39:51', 'S004', '2016-11-09 08:39:51', NULL, NULL),
(59, 'B59110006', 6, '95.00', '-10', '0', '0.00', 'Vo', 'S004', '2016-11-09 08:39:51', 'S004', '2016-11-09 08:39:51', NULL, NULL),
(60, 'B59110006', 7, '75.00', '-10', '0', '0.00', 'Vo', 'S004', '2016-11-09 08:39:51', 'S004', '2016-11-09 08:39:51', NULL, NULL),
(61, 'B59110007', 1, '60.00', '10', '-10', '0.00', 'Rt', 'S004', '2016-11-09 08:40:00', NULL, '2001-01-30 17:00:00', NULL, '2001-01-30 17:00:00'),
(62, 'B59110007', 4, '65.00', '10', '-10', '0.00', 'Rt', 'S004', '2016-11-09 08:40:00', NULL, '2001-01-30 17:00:00', NULL, '2001-01-30 17:00:00'),
(63, 'B59110007', 5, '80.00', '10', '-10', '0.00', 'Rt', 'S004', '2016-11-09 08:40:00', NULL, '2001-01-30 17:00:00', NULL, '2001-01-30 17:00:00'),
(64, 'B59110007', 6, '95.00', '10', '-10', '0.00', 'Rt', 'S004', '2016-11-09 08:40:00', NULL, '2001-01-30 17:00:00', NULL, '2001-01-30 17:00:00'),
(65, 'B59110007', 7, '75.00', '10', '-10', '0.00', 'Rt', 'S004', '2016-11-09 08:40:00', NULL, '2001-01-30 17:00:00', NULL, '2001-01-30 17:00:00'),
(66, 'B59110008', 1, '60.00', '1', '-11', '0.00', 'Rt', 'S004', '2016-11-09 08:43:07', NULL, '2001-01-30 17:00:00', NULL, '2001-01-30 17:00:00'),
(67, 'B59110008', 4, '65.00', '1', '-11', '0.00', 'Rt', 'S004', '2016-11-09 08:43:07', NULL, '2001-01-30 17:00:00', NULL, '2001-01-30 17:00:00'),
(68, 'B59110008', 5, '80.00', '1', '-11', '0.00', 'Rt', 'S004', '2016-11-09 08:43:07', NULL, '2001-01-30 17:00:00', NULL, '2001-01-30 17:00:00'),
(69, 'B59110008', 6, '95.00', '1', '-11', '0.00', 'Rt', 'S004', '2016-11-09 08:43:07', NULL, '2001-01-30 17:00:00', NULL, '2001-01-30 17:00:00'),
(70, 'B59110009', 1, '60.00', '5', '-16', '0.00', 'Rt', 'S004', '2016-11-09 08:46:52', NULL, '2001-01-30 17:00:00', NULL, '2001-01-30 17:00:00'),
(71, 'B59110009', 4, '65.00', '5', '-16', '0.00', 'Rt', 'S004', '2016-11-09 08:46:52', NULL, '2001-01-30 17:00:00', NULL, '2001-01-30 17:00:00'),
(72, 'B59110009', 5, '80.00', '5', '-16', '0.00', 'Rt', 'S004', '2016-11-09 08:46:52', NULL, '2001-01-30 17:00:00', NULL, '2001-01-30 17:00:00'),
(73, 'B59110009', 6, '95.00', '5', '-16', '0.00', 'Rt', 'S004', '2016-11-09 08:46:52', NULL, '2001-01-30 17:00:00', NULL, '2001-01-30 17:00:00'),
(74, 'B59110009', 7, '75.00', '5', '-15', '0.00', 'Rt', 'S004', '2016-11-09 08:46:52', NULL, '2001-01-30 17:00:00', NULL, '2001-01-30 17:00:00'),
(75, 'B59110010', 1, '60.00', '10', '-26', '0.00', 'Rt', 'S004', '2016-11-09 08:47:07', NULL, '2001-01-30 17:00:00', NULL, '2001-01-30 17:00:00'),
(76, 'B59110010', 7, '75.00', '10', '-25', '0.00', 'Rt', 'S004', '2016-11-09 08:47:07', NULL, '2001-01-30 17:00:00', NULL, '2001-01-30 17:00:00'),
(77, 'B59110010', 11, '75.00', '10', '-10', '0.00', 'Rt', 'S004', '2016-11-09 08:47:07', NULL, '2001-01-30 17:00:00', NULL, '2001-01-30 17:00:00'),
(78, 'B59110010', 12, '90.00', '10', '-10', '0.00', 'Rt', 'S004', '2016-11-09 08:47:07', NULL, '2001-01-30 17:00:00', NULL, '2001-01-30 17:00:00'),
(79, 'B59110010', 8, '90.00', '10', '-10', '0.00', 'Rt', 'S004', '2016-11-09 08:47:07', NULL, '2001-01-30 17:00:00', NULL, '2001-01-30 17:00:00'),
(80, 'B59110010', 4, '65.00', '10', '-26', '0.00', 'Rt', 'S004', '2016-11-09 08:47:07', NULL, '2001-01-30 17:00:00', NULL, '2001-01-30 17:00:00'),
(81, 'B59110011', 1, '60.00', '5', '-31', '0.00', 'Rt', 'S004', '2016-11-09 08:49:50', NULL, '2001-01-30 17:00:00', NULL, '2001-01-30 17:00:00'),
(82, 'B59110011', 4, '65.00', '5', '-31', '0.00', 'Rt', 'S004', '2016-11-09 08:49:50', NULL, '2001-01-30 17:00:00', NULL, '2001-01-30 17:00:00'),
(83, 'B59110011', 5, '80.00', '5', '-21', '0.00', 'Rt', 'S004', '2016-11-09 08:49:50', NULL, '2001-01-30 17:00:00', NULL, '2001-01-30 17:00:00'),
(84, 'B59110011', 6, '95.00', '5', '-21', '0.00', 'Rt', 'S004', '2016-11-09 08:49:50', NULL, '2001-01-30 17:00:00', NULL, '2001-01-30 17:00:00'),
(85, 'B59110012', 1, '60.00', '1', '-32', '0.00', 'Rt', 'S004', '2016-11-09 08:50:14', NULL, '2001-01-30 17:00:00', NULL, '2001-01-30 17:00:00'),
(86, 'B59110012', 4, '65.00', '1', '-32', '0.00', 'Rt', 'S004', '2016-11-09 08:50:14', NULL, '2001-01-30 17:00:00', NULL, '2001-01-30 17:00:00'),
(87, 'B59110012', 5, '80.00', '1', '-22', '0.00', 'Rt', 'S004', '2016-11-09 08:50:14', NULL, '2001-01-30 17:00:00', NULL, '2001-01-30 17:00:00'),
(88, 'B59110012', 6, '95.00', '1', '-22', '0.00', 'Rt', 'S004', '2016-11-09 08:50:14', NULL, '2001-01-30 17:00:00', NULL, '2001-01-30 17:00:00'),
(89, 'B59110012', 7, '75.00', '1', '-26', '0.00', 'Rt', 'S004', '2016-11-09 08:50:14', NULL, '2001-01-30 17:00:00', NULL, '2001-01-30 17:00:00'),
(90, 'B59110013', 1, '60.00', '1', '-33', '0.00', 'Rt', 'S004', '2016-11-09 08:50:24', NULL, '2001-01-30 17:00:00', NULL, '2001-01-30 17:00:00'),
(91, 'B59110013', 7, '75.00', '1', '-27', '0.00', 'Rt', 'S004', '2016-11-09 08:50:24', NULL, '2001-01-30 17:00:00', NULL, '2001-01-30 17:00:00'),
(92, 'B59110013', 11, '75.00', '1', '-11', '0.00', 'Rt', 'S004', '2016-11-09 08:50:24', NULL, '2001-01-30 17:00:00', NULL, '2001-01-30 17:00:00'),
(93, 'B59110013', 12, '90.00', '1', '-11', '0.00', 'Rt', 'S004', '2016-11-09 08:50:24', NULL, '2001-01-30 17:00:00', NULL, '2001-01-30 17:00:00'),
(94, 'B59110013', 8, '90.00', '1', '-11', '0.00', 'Rt', 'S004', '2016-11-09 08:50:24', NULL, '2001-01-30 17:00:00', NULL, '2001-01-30 17:00:00'),
(95, 'B59110013', 4, '65.00', '1', '-33', '0.00', 'Rt', 'S004', '2016-11-09 08:50:24', NULL, '2001-01-30 17:00:00', NULL, '2001-01-30 17:00:00'),
(96, 'B59110014', 1, '60.00', '7', '-40', '0.00', 'Rt', 'S004', '2016-11-09 08:51:52', NULL, '2001-01-30 17:00:00', NULL, '2001-01-30 17:00:00'),
(97, 'B59110015', 1, '60.00', '8', '-48', '0.00', 'Rt', 'S004', '2016-11-09 08:54:26', NULL, '2001-01-30 17:00:00', NULL, '2001-01-30 17:00:00'),
(98, 'B59110016', 1, '60.00', '20', '-68', '0.00', 'Rt', 'S004', '2016-11-09 08:55:57', NULL, '2001-01-30 17:00:00', NULL, '2001-01-30 17:00:00'),
(99, 'B59110016', 8, '90.00', '10', '-21', '0.00', 'Rt', 'S004', '2016-11-09 08:55:57', NULL, '2001-01-30 17:00:00', NULL, '2001-01-30 17:00:00'),
(100, 'B59110016', 13, '105.00', '10', '-10', '0.00', 'Rt', 'S004', '2016-11-09 08:55:57', NULL, '2001-01-30 17:00:00', NULL, '2001-01-30 17:00:00'),
(101, 'B59110016', 10, '115.00', '10', '-10', '0.00', 'Rt', 'S004', '2016-11-09 08:55:57', NULL, '2001-01-30 17:00:00', NULL, '2001-01-30 17:00:00'),
(102, 'B59110016', 5, '80.00', '10', '-32', '0.00', 'Rt', 'S004', '2016-11-09 08:55:57', NULL, '2001-01-30 17:00:00', NULL, '2001-01-30 17:00:00'),
(103, 'B59110016', 8, '90.00', '20', '-41', '0.00', 'Rt', 'S004', '2016-11-09 08:55:57', NULL, '2001-01-30 17:00:00', NULL, '2001-01-30 17:00:00'),
(104, 'B59110016', 11, '75.00', '10', '-21', '0.00', 'Rt', 'S004', '2016-11-09 08:55:57', NULL, '2001-01-30 17:00:00', NULL, '2001-01-30 17:00:00'),
(105, 'B59110007', 1, '60.00', '-10', '-58', '0.00', 'Vo', 'S004', '2016-11-09 08:56:51', 'S004', '2016-11-09 08:56:51', NULL, NULL),
(106, 'B59110007', 4, '65.00', '-10', '-23', '0.00', 'Vo', 'S004', '2016-11-09 08:56:51', 'S004', '2016-11-09 08:56:51', NULL, NULL),
(107, 'B59110007', 5, '80.00', '-10', '-22', '0.00', 'Vo', 'S004', '2016-11-09 08:56:51', 'S004', '2016-11-09 08:56:51', NULL, NULL),
(108, 'B59110007', 6, '95.00', '-10', '-12', '0.00', 'Vo', 'S004', '2016-11-09 08:56:51', 'S004', '2016-11-09 08:56:51', NULL, NULL),
(109, 'B59110007', 7, '75.00', '-10', '-17', '0.00', 'Vo', 'S004', '2016-11-09 08:56:51', 'S004', '2016-11-09 08:56:51', NULL, NULL),
(110, 'B59110017', 1, '60.00', '10', '-68', '0.00', 'Rt', 'S004', '2016-11-09 08:57:15', NULL, '2001-01-30 17:00:00', NULL, '2001-01-30 17:00:00'),
(111, 'B59110017', 4, '65.00', '10', '-33', '0.00', 'Rt', 'S004', '2016-11-09 08:57:15', NULL, '2001-01-30 17:00:00', NULL, '2001-01-30 17:00:00'),
(112, 'B59110017', 5, '80.00', '10', '-32', '0.00', 'Rt', 'S004', '2016-11-09 08:57:15', NULL, '2001-01-30 17:00:00', NULL, '2001-01-30 17:00:00'),
(113, 'B59110017', 6, '95.00', '10', '-22', '0.00', 'Rt', 'S004', '2016-11-09 08:57:15', NULL, '2001-01-30 17:00:00', NULL, '2001-01-30 17:00:00'),
(114, 'B59110017', 7, '75.00', '10', '-27', '0.00', 'Rt', 'S004', '2016-11-09 08:57:15', NULL, '2001-01-30 17:00:00', NULL, '2001-01-30 17:00:00'),
(115, 'B59110018', 1, '60.00', '1', '-69', '0.00', 'Rt', 'S004', '2016-11-09 08:59:25', NULL, '2001-01-30 17:00:00', NULL, '2001-01-30 17:00:00'),
(116, 'B59110019', 1, '60.00', '1', '-70', '0.00', 'Rt', 'S004', '2016-11-09 09:00:55', NULL, '2001-01-30 17:00:00', NULL, '2001-01-30 17:00:00'),
(117, 'B59110020', 1, '60.00', '1', '-71', '0.00', 'Rt', 'S004', '2016-11-09 09:01:53', NULL, '2001-01-30 17:00:00', NULL, '2001-01-30 17:00:00'),
(118, 'B59110021', 1, '60.00', '1', '-72', '0.00', 'Rt', 'S004', '2016-11-09 09:02:03', NULL, '2001-01-30 17:00:00', NULL, '2001-01-30 17:00:00'),
(119, 'B59110017', 1, '60.00', '-10', '-62', '0.00', 'Vo', 'S004', '2016-11-09 09:51:39', 'S004', '2016-11-09 09:51:39', NULL, NULL),
(120, 'B59110017', 4, '65.00', '-10', '-23', '0.00', 'Vo', 'S004', '2016-11-09 09:51:39', 'S004', '2016-11-09 09:51:39', NULL, NULL),
(121, 'B59110017', 5, '80.00', '-10', '-22', '0.00', 'Vo', 'S004', '2016-11-09 09:51:39', 'S004', '2016-11-09 09:51:39', NULL, NULL),
(122, 'B59110017', 6, '95.00', '-10', '-12', '0.00', 'Vo', 'S004', '2016-11-09 09:51:39', 'S004', '2016-11-09 09:51:39', NULL, NULL),
(123, 'B59110017', 7, '75.00', '-10', '-17', '0.00', 'Vo', 'S004', '2016-11-09 09:51:39', 'S004', '2016-11-09 09:51:39', NULL, NULL),
(124, 'B59110016', 1, '60.00', '-20', '-42', '0.00', 'Vo', 'S004', '2016-11-09 09:52:07', 'S004', '2016-11-09 09:52:07', NULL, NULL),
(125, 'B59110016', 8, '90.00', '-10', '-31', '0.00', 'Vo', 'S004', '2016-11-09 09:52:07', 'S004', '2016-11-09 09:52:07', NULL, NULL),
(126, 'B59110016', 13, '105.00', '-10', '0', '0.00', 'Vo', 'S004', '2016-11-09 09:52:07', 'S004', '2016-11-09 09:52:07', NULL, NULL),
(127, 'B59110016', 10, '115.00', '-10', '0', '0.00', 'Vo', 'S004', '2016-11-09 09:52:07', 'S004', '2016-11-09 09:52:07', NULL, NULL),
(128, 'B59110016', 5, '80.00', '-10', '-12', '0.00', 'Vo', 'S004', '2016-11-09 09:52:07', 'S004', '2016-11-09 09:52:07', NULL, NULL),
(129, 'B59110016', 8, '90.00', '-20', '-11', '0.00', 'Vo', 'S004', '2016-11-09 09:52:07', 'S004', '2016-11-09 09:52:07', NULL, NULL),
(130, 'B59110016', 11, '75.00', '-10', '-11', '0.00', 'Vo', 'S004', '2016-11-09 09:52:07', 'S004', '2016-11-09 09:52:07', NULL, NULL),
(131, 'B59110021', 1, '60.00', '-1', '-41', '0.00', 'Vo', 'S004', '2016-11-09 09:57:50', 'S004', '2016-11-09 09:57:50', NULL, NULL),
(132, 'B59110009', 1, '60.00', '-5', '-36', '0.00', 'Vo', 'S004', '2016-11-09 09:57:57', 'S004', '2016-11-09 09:57:57', NULL, NULL),
(133, 'B59110009', 4, '65.00', '-5', '-18', '0.00', 'Vo', 'S004', '2016-11-09 09:57:57', 'S004', '2016-11-09 09:57:57', NULL, NULL),
(134, 'B59110009', 5, '80.00', '-5', '-7', '0.00', 'Vo', 'S004', '2016-11-09 09:57:57', 'S004', '2016-11-09 09:57:57', NULL, NULL),
(135, 'B59110009', 6, '95.00', '-5', '-7', '0.00', 'Vo', 'S004', '2016-11-09 09:57:57', 'S004', '2016-11-09 09:57:57', NULL, NULL),
(136, 'B59110009', 7, '75.00', '-5', '-12', '0.00', 'Vo', 'S004', '2016-11-09 09:57:57', 'S004', '2016-11-09 09:57:57', NULL, NULL),
(137, 'B59110008', 1, '60.00', '-1', '-35', '0.00', 'Vo', 'S004', '2016-11-09 10:24:31', 'S004', '2016-11-09 10:24:31', NULL, NULL),
(138, 'B59110008', 4, '65.00', '-1', '-17', '0.00', 'Vo', 'S004', '2016-11-09 10:24:31', 'S004', '2016-11-09 10:24:31', NULL, NULL),
(139, 'B59110008', 5, '80.00', '-1', '-6', '0.00', 'Vo', 'S004', '2016-11-09 10:24:31', 'S004', '2016-11-09 10:24:31', NULL, NULL),
(140, 'B59110008', 6, '95.00', '-1', '-6', '0.00', 'Vo', 'S004', '2016-11-09 10:24:31', 'S004', '2016-11-09 10:24:31', NULL, NULL),
(141, 'B59110018', 1, '60.00', '-1', '-34', '0.00', 'Vo', 'S004', '2016-11-09 10:24:36', 'S004', '2016-11-09 10:24:36', NULL, NULL),
(142, 'B59110022', 1, '60.00', '1', '-35', '0.00', 'Rt', 'S004', '2016-11-09 11:43:26', NULL, '2001-01-30 17:00:00', NULL, '2001-01-30 17:00:00'),
(143, 'B59110023', 1, '60.00', '1', '-36', '0.00', 'Rt', 'S004', '2016-11-09 11:50:07', NULL, '2001-01-30 17:00:00', NULL, '2001-01-30 17:00:00'),
(144, 'B59110024', 1, '60.00', '1', '-37', '0.00', 'Rt', 'S004', '2016-11-09 11:50:38', NULL, '2001-01-30 17:00:00', NULL, '2001-01-30 17:00:00'),
(145, 'B59110025', 1, '60.00', '1', '-38', '0.00', 'Rt', 'S004', '2016-11-09 11:51:49', NULL, '2001-01-30 17:00:00', NULL, '2001-01-30 17:00:00'),
(146, 'B59110026', 1, '60.00', '20', '-58', '0.00', 'Rt', 'S004', '2016-11-09 11:57:30', NULL, '2001-01-30 17:00:00', NULL, '2001-01-30 17:00:00'),
(147, 'B59110026', 8, '90.00', '10', '-21', '0.00', 'Rt', 'S004', '2016-11-09 11:57:30', NULL, '2001-01-30 17:00:00', NULL, '2001-01-30 17:00:00'),
(148, 'B59110026', 13, '105.00', '10', '-10', '0.00', 'Rt', 'S004', '2016-11-09 11:57:30', NULL, '2001-01-30 17:00:00', NULL, '2001-01-30 17:00:00'),
(149, 'B59110026', 10, '115.00', '10', '-10', '0.00', 'Rt', 'S004', '2016-11-09 11:57:30', NULL, '2001-01-30 17:00:00', NULL, '2001-01-30 17:00:00'),
(150, 'B59110026', 5, '80.00', '10', '-16', '0.00', 'Rt', 'S004', '2016-11-09 11:57:30', NULL, '2001-01-30 17:00:00', NULL, '2001-01-30 17:00:00'),
(151, 'B59110026', 8, '90.00', '20', '-41', '0.00', 'Rt', 'S004', '2016-11-09 11:57:30', NULL, '2001-01-30 17:00:00', NULL, '2001-01-30 17:00:00'),
(152, 'B59110026', 11, '75.00', '10', '-21', '0.00', 'Rt', 'S004', '2016-11-09 11:57:30', NULL, '2001-01-30 17:00:00', NULL, '2001-01-30 17:00:00'),
(153, 'B59110027', 1, '60.00', '10', '-68', '0.00', 'Rt', 'S004', '2016-11-09 12:01:10', NULL, '2001-01-30 17:00:00', NULL, '2001-01-30 17:00:00'),
(154, 'B59110027', 4, '65.00', '10', '-27', '0.00', 'Rt', 'S004', '2016-11-09 12:01:10', NULL, '2001-01-30 17:00:00', NULL, '2001-01-30 17:00:00'),
(155, 'B59110027', 5, '80.00', '10', '-26', '0.00', 'Rt', 'S004', '2016-11-09 12:01:10', NULL, '2001-01-30 17:00:00', NULL, '2001-01-30 17:00:00'),
(156, 'B59110027', 6, '95.00', '10', '-16', '0.00', 'Rt', 'S004', '2016-11-09 12:01:10', NULL, '2001-01-30 17:00:00', NULL, '2001-01-30 17:00:00'),
(157, 'B59110027', 7, '75.00', '10', '-22', '0.00', 'Rt', 'S004', '2016-11-09 12:01:10', NULL, '2001-01-30 17:00:00', NULL, '2001-01-30 17:00:00'),
(158, 'B59110028', 1, '60.00', '1', '-69', '0.00', 'Rt', 'S004', '2016-11-09 12:01:51', NULL, '2001-01-30 17:00:00', NULL, '2001-01-30 17:00:00'),
(159, 'B59110028', 4, '65.00', '1', '-28', '0.00', 'Rt', 'S004', '2016-11-09 12:01:51', NULL, '2001-01-30 17:00:00', NULL, '2001-01-30 17:00:00'),
(160, 'B59110028', 5, '80.00', '1', '-27', '0.00', 'Rt', 'S004', '2016-11-09 12:01:51', NULL, '2001-01-30 17:00:00', NULL, '2001-01-30 17:00:00'),
(161, 'B59110029', 1, '60.00', '1', '-70', '0.00', 'Rt', 'S004', '2016-11-09 12:03:08', NULL, '2001-01-30 17:00:00', NULL, '2001-01-30 17:00:00'),
(162, 'B59110029', 4, '65.00', '1', '-29', '0.00', 'Rt', 'S004', '2016-11-09 12:03:08', NULL, '2001-01-30 17:00:00', NULL, '2001-01-30 17:00:00'),
(163, 'B59110029', 5, '80.00', '1', '-28', '0.00', 'Rt', 'S004', '2016-11-09 12:03:08', NULL, '2001-01-30 17:00:00', NULL, '2001-01-30 17:00:00'),
(164, 'B59110029', 6, '95.00', '1', '-17', '0.00', 'Rt', 'S004', '2016-11-09 12:03:08', NULL, '2001-01-30 17:00:00', NULL, '2001-01-30 17:00:00'),
(165, 'B59110030', 1, '60.00', '5', '-75', '0.00', 'Rt', 'S004', '2016-11-09 12:03:43', NULL, '2001-01-30 17:00:00', NULL, '2001-01-30 17:00:00'),
(166, 'B59110031', 1, '60.00', '1', '-76', '0.00', 'Rt', 'S004', '2016-11-09 13:33:14', NULL, '2001-01-30 17:00:00', NULL, '2001-01-30 17:00:00'),
(167, 'B59110032', 1, '60.00', '1', '-77', '0.00', 'Rt', 'S004', '2016-11-09 13:35:06', NULL, '2001-01-30 17:00:00', NULL, '2001-01-30 17:00:00'),
(168, 'B59110032', 4, '65.00', '1', '-30', '0.00', 'Rt', 'S004', '2016-11-09 13:35:06', NULL, '2001-01-30 17:00:00', NULL, '2001-01-30 17:00:00'),
(169, 'B59110032', 1, '60.00', '-1', '-76', '0.00', 'Vo', 'S004', '2016-11-09 13:35:38', 'S004', '2016-11-09 13:35:38', NULL, NULL),
(170, 'B59110032', 4, '65.00', '-1', '-29', '0.00', 'Vo', 'S004', '2016-11-09 13:35:38', 'S004', '2016-11-09 13:35:38', NULL, NULL),
(171, 'B59110033', 1, '60.00', '10', '-86', '0.00', 'Rt', 'S004', '2016-11-09 13:36:16', NULL, '2001-01-30 17:00:00', NULL, '2001-01-30 17:00:00'),
(172, 'B59110033', 4, '65.00', '10', '-39', '0.00', 'Rt', 'S004', '2016-11-09 13:36:16', NULL, '2001-01-30 17:00:00', NULL, '2001-01-30 17:00:00'),
(173, 'B59110033', 1, '60.00', '-10', '-76', '0.00', 'Vo', 'S004', '2016-11-09 13:54:32', 'S004', '2016-11-09 13:54:32', NULL, NULL),
(174, 'B59110033', 4, '65.00', '-10', '-29', '0.00', 'Vo', 'S004', '2016-11-09 13:54:32', 'S004', '2016-11-09 13:54:32', NULL, NULL),
(175, 'B59110034', 1, '60.00', '10', '-86', '0.00', 'Rt', 'S004', '2016-11-09 13:54:39', NULL, '2001-01-30 17:00:00', NULL, '2001-01-30 17:00:00'),
(176, 'B59110034', 4, '65.00', '10', '-39', '0.00', 'Rt', 'S004', '2016-11-09 13:54:39', NULL, '2001-01-30 17:00:00', NULL, '2001-01-30 17:00:00'),
(177, 'B59110035', 1, '60.00', '1', '-87', '0.00', 'Rt', 'S004', '2016-11-09 13:55:17', NULL, '2001-01-30 17:00:00', NULL, '2001-01-30 17:00:00'),
(178, 'B59110035', 4, '65.00', '1', '-40', '0.00', 'Rt', 'S004', '2016-11-09 13:55:17', NULL, '2001-01-30 17:00:00', NULL, '2001-01-30 17:00:00'),
(179, 'B59110035', 5, '80.00', '1', '-29', '0.00', 'Rt', 'S004', '2016-11-09 13:55:17', NULL, '2001-01-30 17:00:00', NULL, '2001-01-30 17:00:00'),
(180, 'B59110035', 6, '95.00', '1', '-18', '0.00', 'Rt', 'S004', '2016-11-09 13:55:17', NULL, '2001-01-30 17:00:00', NULL, '2001-01-30 17:00:00'),
(181, 'B59110035', 1, '60.00', '-1', '-86', '0.00', 'Vo', 'S004', '2016-11-09 13:57:07', 'S004', '2016-11-09 13:57:07', NULL, NULL),
(182, 'B59110035', 4, '65.00', '-1', '-39', '0.00', 'Vo', 'S004', '2016-11-09 13:57:07', 'S004', '2016-11-09 13:57:07', NULL, NULL),
(183, 'B59110035', 5, '80.00', '-1', '-28', '0.00', 'Vo', 'S004', '2016-11-09 13:57:07', 'S004', '2016-11-09 13:57:07', NULL, NULL),
(184, 'B59110035', 6, '95.00', '-1', '-17', '0.00', 'Vo', 'S004', '2016-11-09 13:57:07', 'S004', '2016-11-09 13:57:07', NULL, NULL),
(185, 'B59110036', 1, '60.00', '1', '-87', '0.00', 'Rt', 'S004', '2016-11-09 13:57:15', NULL, '2001-01-30 17:00:00', NULL, '2001-01-30 17:00:00'),
(186, 'B59110036', 4, '65.00', '1', '-40', '0.00', 'Rt', 'S004', '2016-11-09 13:57:15', NULL, '2001-01-30 17:00:00', NULL, '2001-01-30 17:00:00'),
(187, 'B59110036', 5, '80.00', '1', '-29', '0.00', 'Rt', 'S004', '2016-11-09 13:57:15', NULL, '2001-01-30 17:00:00', NULL, '2001-01-30 17:00:00'),
(188, 'B59110036', 6, '95.00', '1', '-18', '0.00', 'Rt', 'S004', '2016-11-09 13:57:15', NULL, '2001-01-30 17:00:00', NULL, '2001-01-30 17:00:00'),
(189, 'B59110022', 1, '60.00', '-1', '-86', '0.00', 'Vo', 'S004', '2016-11-09 14:26:20', 'S004', '2016-11-09 14:26:20', NULL, NULL),
(190, 'B59110037', 1, '60.00', '10', '-96', '0.00', 'Rt', 'S004', '2016-11-09 14:26:32', NULL, '2001-01-30 17:00:00', NULL, '2001-01-30 17:00:00'),
(191, 'B59110038', 1, '60.00', '1', '-97', '0.00', 'Rt', 'S004', '2016-11-10 02:18:24', NULL, '2001-01-30 17:00:00', NULL, '2001-01-30 17:00:00'),
(192, 'B59110015', 1, '60.00', '-8', '-89', '0.00', 'Vo', 'S004', '2016-11-10 07:43:49', 'S004', '2016-11-10 07:43:49', NULL, NULL),
(193, 'B59110014', 1, '60.00', '-7', '-82', '0.00', 'Vo', 'S004', '2016-11-10 07:43:59', 'S004', '2016-11-10 07:43:59', NULL, NULL),
(194, 'B59110010', 1, '60.00', '-10', '-72', '0.00', 'Vo', 'S004', '2016-11-10 07:45:01', 'S004', '2016-11-10 07:45:01', NULL, NULL),
(195, 'B59110010', 7, '75.00', '-10', '-12', '0.00', 'Vo', 'S004', '2016-11-10 07:45:01', 'S004', '2016-11-10 07:45:01', NULL, NULL),
(196, 'B59110010', 11, '75.00', '-10', '-11', '0.00', 'Vo', 'S004', '2016-11-10 07:45:01', 'S004', '2016-11-10 07:45:01', NULL, NULL),
(197, 'B59110010', 12, '90.00', '-10', '-1', '0.00', 'Vo', 'S004', '2016-11-10 07:45:01', 'S004', '2016-11-10 07:45:01', NULL, NULL),
(198, 'B59110010', 8, '90.00', '-10', '-31', '0.00', 'Vo', 'S004', '2016-11-10 07:45:01', 'S004', '2016-11-10 07:45:01', NULL, NULL),
(199, 'B59110010', 4, '65.00', '-10', '-30', '0.00', 'Vo', 'S004', '2016-11-10 07:45:01', 'S004', '2016-11-10 07:45:01', NULL, NULL),
(200, 'B59110012', 1, '60.00', '-1', '-71', '0.00', 'Vo', 'S004', '2016-11-10 07:45:05', 'S004', '2016-11-10 07:45:05', NULL, NULL),
(201, 'B59110012', 4, '65.00', '-1', '-29', '0.00', 'Vo', 'S004', '2016-11-10 07:45:05', 'S004', '2016-11-10 07:45:05', NULL, NULL),
(202, 'B59110012', 5, '80.00', '-1', '-28', '0.00', 'Vo', 'S004', '2016-11-10 07:45:05', 'S004', '2016-11-10 07:45:05', NULL, NULL),
(203, 'B59110012', 6, '95.00', '-1', '-17', '0.00', 'Vo', 'S004', '2016-11-10 07:45:05', 'S004', '2016-11-10 07:45:05', NULL, NULL),
(204, 'B59110012', 7, '75.00', '-1', '-11', '0.00', 'Vo', 'S004', '2016-11-10 07:45:05', 'S004', '2016-11-10 07:45:05', NULL, NULL),
(205, 'B59110013', 1, '60.00', '-1', '-70', '0.00', 'Vo', 'S004', '2016-11-10 07:45:19', 'S004', '2016-11-10 07:45:19', NULL, NULL),
(206, 'B59110013', 7, '75.00', '-1', '-10', '0.00', 'Vo', 'S004', '2016-11-10 07:45:19', 'S004', '2016-11-10 07:45:19', NULL, NULL),
(207, 'B59110013', 11, '75.00', '-1', '-10', '0.00', 'Vo', 'S004', '2016-11-10 07:45:19', 'S004', '2016-11-10 07:45:19', NULL, NULL),
(208, 'B59110013', 12, '90.00', '-1', '0', '0.00', 'Vo', 'S004', '2016-11-10 07:45:19', 'S004', '2016-11-10 07:45:19', NULL, NULL),
(209, 'B59110013', 8, '90.00', '-1', '-30', '0.00', 'Vo', 'S004', '2016-11-10 07:45:19', 'S004', '2016-11-10 07:45:19', NULL, NULL),
(210, 'B59110013', 4, '65.00', '-1', '-28', '0.00', 'Vo', 'S004', '2016-11-10 07:45:19', 'S004', '2016-11-10 07:45:19', NULL, NULL),
(211, 'B59110011', 1, '60.00', '-5', '-65', '0.00', 'Vo', 'S004', '2016-11-10 07:45:26', 'S004', '2016-11-10 07:45:26', NULL, NULL),
(212, 'B59110011', 4, '65.00', '-5', '-23', '0.00', 'Vo', 'S004', '2016-11-10 07:45:26', 'S004', '2016-11-10 07:45:26', NULL, NULL),
(213, 'B59110011', 5, '80.00', '-5', '-23', '0.00', 'Vo', 'S004', '2016-11-10 07:45:26', 'S004', '2016-11-10 07:45:26', NULL, NULL),
(214, 'B59110011', 6, '95.00', '-5', '-12', '0.00', 'Vo', 'S004', '2016-11-10 07:45:26', 'S004', '2016-11-10 07:45:26', NULL, NULL),
(215, 'B59110019', 1, '60.00', '-1', '-64', '0.00', 'Vo', 'S004', '2016-11-10 07:46:14', 'S004', '2016-11-10 07:46:14', NULL, NULL),
(216, 'B59110020', 1, '60.00', '-1', '-63', '0.00', 'Vo', 'S004', '2016-11-10 07:46:20', 'S004', '2016-11-10 07:46:20', NULL, NULL),
(217, 'B59110023', 1, '60.00', '-1', '-62', '0.00', 'Vo', 'S004', '2016-11-10 07:46:22', 'S004', '2016-11-10 07:46:22', NULL, NULL),
(218, 'B59110024', 1, '60.00', '-1', '-61', '0.00', 'Vo', 'S004', '2016-11-10 07:46:24', 'S004', '2016-11-10 07:46:24', NULL, NULL),
(219, 'B59110025', 1, '60.00', '-1', '-60', '0.00', 'Vo', 'S004', '2016-11-10 07:46:27', 'S004', '2016-11-10 07:46:27', NULL, NULL),
(220, 'B59110031', 1, '60.00', '-1', '-59', '0.00', 'Vo', 'S004', '2016-11-10 07:46:33', 'S004', '2016-11-10 07:46:33', NULL, NULL),
(221, 'B59110034', 1, '60.00', '-10', '-49', '0.00', 'Vo', 'S004', '2016-11-10 07:46:38', 'S004', '2016-11-10 07:46:38', NULL, NULL),
(222, 'B59110034', 4, '65.00', '-10', '-13', '0.00', 'Vo', 'S004', '2016-11-10 07:46:38', 'S004', '2016-11-10 07:46:38', NULL, NULL),
(223, 'B59110036', 1, '60.00', '-1', '-48', '0.00', 'Vo', 'S004', '2016-11-10 07:46:40', 'S004', '2016-11-10 07:46:40', NULL, NULL),
(224, 'B59110036', 4, '65.00', '-1', '-12', '0.00', 'Vo', 'S004', '2016-11-10 07:46:40', 'S004', '2016-11-10 07:46:40', NULL, NULL),
(225, 'B59110036', 5, '80.00', '-1', '-22', '0.00', 'Vo', 'S004', '2016-11-10 07:46:40', 'S004', '2016-11-10 07:46:40', NULL, NULL),
(226, 'B59110036', 6, '95.00', '-1', '-11', '0.00', 'Vo', 'S004', '2016-11-10 07:46:40', 'S004', '2016-11-10 07:46:40', NULL, NULL),
(227, 'B59110038', 1, '60.00', '-1', '-47', '0.00', 'Vo', 'S004', '2016-11-10 07:46:41', 'S004', '2016-11-10 07:46:41', NULL, NULL),
(228, 'B59110037', 1, '60.00', '-10', '-37', '0.00', 'Vo', 'S004', '2016-11-10 07:46:43', 'S004', '2016-11-10 07:46:43', NULL, NULL),
(229, 'B59110030', 1, '60.00', '-5', '-32', '0.00', 'Vo', 'S004', '2016-11-10 07:46:47', 'S004', '2016-11-10 07:46:47', NULL, NULL),
(230, 'B59110029', 1, '60.00', '-1', '-31', '0.00', 'Vo', 'S004', '2016-11-10 07:46:49', 'S004', '2016-11-10 07:46:49', NULL, NULL),
(231, 'B59110029', 4, '65.00', '-1', '-11', '0.00', 'Vo', 'S004', '2016-11-10 07:46:49', 'S004', '2016-11-10 07:46:49', NULL, NULL),
(232, 'B59110029', 5, '80.00', '-1', '-21', '0.00', 'Vo', 'S004', '2016-11-10 07:46:49', 'S004', '2016-11-10 07:46:49', NULL, NULL),
(233, 'B59110029', 6, '95.00', '-1', '-10', '0.00', 'Vo', 'S004', '2016-11-10 07:46:49', 'S004', '2016-11-10 07:46:49', NULL, NULL),
(234, 'B59110026', 1, '60.00', '-20', '-11', '0.00', 'Vo', 'S004', '2016-11-10 07:46:52', 'S004', '2016-11-10 07:46:52', NULL, NULL),
(235, 'B59110026', 8, '90.00', '-10', '-20', '0.00', 'Vo', 'S004', '2016-11-10 07:46:52', 'S004', '2016-11-10 07:46:52', NULL, NULL),
(236, 'B59110026', 13, '105.00', '-10', '0', '0.00', 'Vo', 'S004', '2016-11-10 07:46:52', 'S004', '2016-11-10 07:46:52', NULL, NULL),
(237, 'B59110026', 10, '115.00', '-10', '0', '0.00', 'Vo', 'S004', '2016-11-10 07:46:52', 'S004', '2016-11-10 07:46:52', NULL, NULL),
(238, 'B59110026', 5, '80.00', '-10', '-11', '0.00', 'Vo', 'S004', '2016-11-10 07:46:52', 'S004', '2016-11-10 07:46:52', NULL, NULL),
(239, 'B59110026', 8, '90.00', '-20', '0', '0.00', 'Vo', 'S004', '2016-11-10 07:46:52', 'S004', '2016-11-10 07:46:52', NULL, NULL),
(240, 'B59110026', 11, '75.00', '-10', '0', '0.00', 'Vo', 'S004', '2016-11-10 07:46:52', 'S004', '2016-11-10 07:46:52', NULL, NULL),
(241, 'B59110027', 1, '60.00', '-10', '-1', '0.00', 'Vo', 'S004', '2016-11-10 07:46:54', 'S004', '2016-11-10 07:46:54', NULL, NULL),
(242, 'B59110027', 4, '65.00', '-10', '-1', '0.00', 'Vo', 'S004', '2016-11-10 07:46:54', 'S004', '2016-11-10 07:46:54', NULL, NULL),
(243, 'B59110027', 5, '80.00', '-10', '-1', '0.00', 'Vo', 'S004', '2016-11-10 07:46:54', 'S004', '2016-11-10 07:46:54', NULL, NULL),
(244, 'B59110027', 6, '95.00', '-10', '0', '0.00', 'Vo', 'S004', '2016-11-10 07:46:54', 'S004', '2016-11-10 07:46:54', NULL, NULL),
(245, 'B59110027', 7, '75.00', '-10', '0', '0.00', 'Vo', 'S004', '2016-11-10 07:46:54', 'S004', '2016-11-10 07:46:54', NULL, NULL),
(246, 'B59110028', 1, '60.00', '-1', '0', '0.00', 'Vo', 'S004', '2016-11-10 07:46:56', 'S004', '2016-11-10 07:46:56', NULL, NULL),
(247, 'B59110028', 4, '65.00', '-1', '0', '0.00', 'Vo', 'S004', '2016-11-10 07:46:56', 'S004', '2016-11-10 07:46:56', NULL, NULL),
(248, 'B59110028', 5, '80.00', '-1', '0', '0.00', 'Vo', 'S004', '2016-11-10 07:46:56', 'S004', '2016-11-10 07:46:56', NULL, NULL),
(249, 'B59110039', 1, '60.00', '10', '-10', '0.00', 'Rt', 'S004', '2016-11-10 07:47:12', NULL, '2001-01-30 17:00:00', NULL, '2001-01-30 17:00:00'),
(250, 'B59110039', 4, '65.00', '10', '-10', '0.00', 'Rt', 'S004', '2016-11-10 07:47:12', NULL, '2001-01-30 17:00:00', NULL, '2001-01-30 17:00:00'),
(251, 'B59110040', 1, '60.00', '1', '-11', '0.00', 'Rt', 'S004', '2016-11-10 10:02:26', NULL, '2001-01-30 17:00:00', NULL, '2001-01-30 17:00:00'),
(252, 'B59110041', 1, '60.00', '1', '-12', '0.00', 'Rt', 'S004', '2016-11-10 10:03:45', NULL, '2001-01-30 17:00:00', NULL, '2001-01-30 17:00:00'),
(253, 'B59110041', 4, '65.00', '1', '-11', '0.00', 'Rt', 'S004', '2016-11-10 10:03:45', NULL, '2001-01-30 17:00:00', NULL, '2001-01-30 17:00:00'),
(254, 'B59110041', 5, '80.00', '1', '-1', '0.00', 'Rt', 'S004', '2016-11-10 10:03:45', NULL, '2001-01-30 17:00:00', NULL, '2001-01-30 17:00:00'),
(255, 'B59110041', 6, '95.00', '1', '-1', '0.00', 'Rt', 'S004', '2016-11-10 10:03:45', NULL, '2001-01-30 17:00:00', NULL, '2001-01-30 17:00:00'),
(256, 'B59110041', 7, '75.00', '1', '-1', '0.00', 'Rt', 'S004', '2016-11-10 10:03:45', NULL, '2001-01-30 17:00:00', NULL, '2001-01-30 17:00:00'),
(257, 'B59110040', 1, '60.00', '-1', '-11', '0.00', 'Vo', 'S004', '2016-11-10 10:26:36', 'S004', '2016-11-10 10:26:36', NULL, NULL),
(258, 'B59110042', 1, '60.00', '1', '-12', '0.00', 'Rt', 'S004', '2016-11-10 10:36:03', NULL, '2001-01-30 17:00:00', NULL, '2001-01-30 17:00:00'),
(259, 'B59110043', 1, '60.00', '1', '-13', '0.00', 'Rt', 'S004', '2016-11-10 10:51:20', NULL, '2001-01-30 17:00:00', NULL, '2001-01-30 17:00:00'),
(260, 'B59110044', 1, '60.00', '1', '-14', '0.00', 'Rt', 'S004', '2016-11-10 10:51:38', NULL, '2001-01-30 17:00:00', NULL, '2001-01-30 17:00:00'),
(261, 'B59110044', 4, '65.00', '1', '-12', '0.00', 'Rt', 'S004', '2016-11-10 10:51:38', NULL, '2001-01-30 17:00:00', NULL, '2001-01-30 17:00:00'),
(262, 'B59110045', 1, '60.00', '5', '-19', '0.00', 'Rt', 'S004', '2016-11-10 10:52:05', NULL, '2001-01-30 17:00:00', NULL, '2001-01-30 17:00:00'),
(263, 'B59110045', 4, '65.00', '5', '-17', '0.00', 'Rt', 'S004', '2016-11-10 10:52:05', NULL, '2001-01-30 17:00:00', NULL, '2001-01-30 17:00:00'),
(264, 'B59110045', 5, '80.00', '5', '-6', '0.00', 'Rt', 'S004', '2016-11-10 10:52:05', NULL, '2001-01-30 17:00:00', NULL, '2001-01-30 17:00:00'),
(265, 'B59110045', 6, '95.00', '5', '-6', '0.00', 'Rt', 'S004', '2016-11-10 10:52:05', NULL, '2001-01-30 17:00:00', NULL, '2001-01-30 17:00:00'),
(266, 'B59110045', 7, '75.00', '5', '-6', '0.00', 'Rt', 'S004', '2016-11-10 10:52:05', NULL, '2001-01-30 17:00:00', NULL, '2001-01-30 17:00:00'),
(267, 'B59110046', 1, '60.00', '10', '-29', '0.00', 'Rt', 'S004', '2016-11-10 10:58:14', NULL, '2001-01-30 17:00:00', NULL, '2001-01-30 17:00:00'),
(268, 'B59110046', 7, '75.00', '10', '-16', '0.00', 'Rt', 'S004', '2016-11-10 10:58:14', NULL, '2001-01-30 17:00:00', NULL, '2001-01-30 17:00:00'),
(269, 'B59110046', 11, '75.00', '10', '-10', '0.00', 'Rt', 'S004', '2016-11-10 10:58:14', NULL, '2001-01-30 17:00:00', NULL, '2001-01-30 17:00:00'),
(270, 'B59110046', 12, '90.00', '10', '-10', '0.00', 'Rt', 'S004', '2016-11-10 10:58:14', NULL, '2001-01-30 17:00:00', NULL, '2001-01-30 17:00:00'),
(271, 'B59110046', 8, '90.00', '10', '-10', '0.00', 'Rt', 'S004', '2016-11-10 10:58:14', NULL, '2001-01-30 17:00:00', NULL, '2001-01-30 17:00:00'),
(272, 'B59110046', 4, '65.00', '10', '-27', '0.00', 'Rt', 'S004', '2016-11-10 10:58:14', NULL, '2001-01-30 17:00:00', NULL, '2001-01-30 17:00:00'),
(273, 'B59110047', 1, '60.00', '1', '-30', '0.00', 'Rt', 'S004', '2016-11-10 11:00:32', NULL, '2001-01-30 17:00:00', NULL, '2001-01-30 17:00:00'),
(274, 'B59110048', 1, '60.00', '1', '-31', '0.00', 'Rt', 'S004', '2016-11-10 11:40:05', NULL, '2001-01-30 17:00:00', NULL, '2001-01-30 17:00:00'),
(275, 'B59110048', 4, '65.00', '1', '-28', '0.00', 'Rt', 'S004', '2016-11-10 11:40:05', NULL, '2001-01-30 17:00:00', NULL, '2001-01-30 17:00:00'),
(276, 'B59110048', 5, '80.00', '1', '-7', '0.00', 'Rt', 'S004', '2016-11-10 11:40:05', NULL, '2001-01-30 17:00:00', NULL, '2001-01-30 17:00:00'),
(277, 'B59110048', 6, '95.00', '1', '-7', '0.00', 'Rt', 'S004', '2016-11-10 11:40:05', NULL, '2001-01-30 17:00:00', NULL, '2001-01-30 17:00:00'),
(278, 'B59110049', 1, '60.00', '5', '-36', '0.00', 'Rt', 'S004', '2016-11-10 11:46:42', NULL, '2001-01-30 17:00:00', NULL, '2001-01-30 17:00:00'),
(279, 'B59110049', 4, '65.00', '5', '-33', '0.00', 'Rt', 'S004', '2016-11-10 11:46:42', NULL, '2001-01-30 17:00:00', NULL, '2001-01-30 17:00:00'),
(280, 'B59110049', 5, '80.00', '5', '-12', '0.00', 'Rt', 'S004', '2016-11-10 11:46:42', NULL, '2001-01-30 17:00:00', NULL, '2001-01-30 17:00:00'),
(281, 'B59110049', 6, '95.00', '5', '-12', '0.00', 'Rt', 'S004', '2016-11-10 11:46:42', NULL, '2001-01-30 17:00:00', NULL, '2001-01-30 17:00:00'),
(282, 'B59110041', 1, '60.00', '-1', '-35', '0.00', 'Vo', 'S004', '2016-11-10 12:18:21', 'S004', '2016-11-10 12:18:21', NULL, NULL),
(283, 'B59110041', 4, '65.00', '-1', '-32', '0.00', 'Vo', 'S004', '2016-11-10 12:18:21', 'S004', '2016-11-10 12:18:21', NULL, NULL),
(284, 'B59110041', 5, '80.00', '-1', '-11', '0.00', 'Vo', 'S004', '2016-11-10 12:18:21', 'S004', '2016-11-10 12:18:21', NULL, NULL),
(285, 'B59110041', 6, '95.00', '-1', '-11', '0.00', 'Vo', 'S004', '2016-11-10 12:18:21', 'S004', '2016-11-10 12:18:21', NULL, NULL),
(286, 'B59110041', 7, '75.00', '-1', '-15', '0.00', 'Vo', 'S004', '2016-11-10 12:18:21', 'S004', '2016-11-10 12:18:21', NULL, NULL),
(287, 'B59110050', 10, '115.00', '1', '-1', '0.00', 'Rt', 'S004', '2016-11-10 12:25:11', NULL, '2001-01-30 17:00:00', NULL, '2001-01-30 17:00:00'),
(288, 'B59110050', 10, '110.00', '450', '-451', '5.00', 'Wc', 'S004', '2016-11-10 12:25:11', NULL, '2001-01-30 17:00:00', NULL, '2001-01-30 17:00:00'),
(289, 'B59110050', 10, '59.00', '1', '-452', '56.00', 'Pr', 'S004', '2016-11-10 12:25:11', NULL, '2001-01-30 17:00:00', NULL, '2001-01-30 17:00:00'),
(290, 'B59110050', 10, '115.00', '-1', '-451', '0.00', 'Vo', 'S004', '2016-11-10 12:25:38', 'S004', '2016-11-10 12:25:38', NULL, NULL),
(291, 'B59110050', 10, '110.00', '-450', '-1', '5.00', 'Vo', 'S004', '2016-11-10 12:25:38', 'S004', '2016-11-10 12:25:38', NULL, NULL),
(292, 'B59110050', 10, '59.00', '-1', '0', '56.00', 'Vo', 'S004', '2016-11-10 12:25:38', 'S004', '2016-11-10 12:25:38', NULL, NULL),
(293, 'B59110051', 10, '115.00', '1', '-1', '0.00', 'Rt', 'S004', '2016-11-10 12:28:55', NULL, '2001-01-30 17:00:00', NULL, '2001-01-30 17:00:00'),
(294, 'B59110051', 10, '110.00', '450', '-451', '5.00', 'Wc', 'S004', '2016-11-10 12:28:55', NULL, '2001-01-30 17:00:00', NULL, '2001-01-30 17:00:00'),
(295, 'B59110051', 6, '95.00', '100', '-111', '0.00', 'Rt', 'S004', '2016-11-10 12:28:55', NULL, '2001-01-30 17:00:00', NULL, '2001-01-30 17:00:00'),
(296, 'B59110049', 1, '60.00', '-5', '-30', '0.00', 'Vo', 'S004', '2016-11-10 13:51:55', 'S004', '2016-11-10 13:51:55', NULL, NULL),
(297, 'B59110049', 4, '65.00', '-5', '-27', '0.00', 'Vo', 'S004', '2016-11-10 13:51:55', 'S004', '2016-11-10 13:51:55', NULL, NULL),
(298, 'B59110049', 5, '80.00', '-5', '-6', '0.00', 'Vo', 'S004', '2016-11-10 13:51:55', 'S004', '2016-11-10 13:51:55', NULL, NULL),
(299, 'B59110049', 6, '95.00', '-5', '-106', '0.00', 'Vo', 'S004', '2016-11-10 13:51:55', 'S004', '2016-11-10 13:51:55', NULL, NULL),
(300, 'B59110039', 1, '60.00', '-10', '-20', '0.00', 'Vo', 'S004', '2016-11-10 13:53:50', 'S004', '2016-11-10 13:53:50', NULL, NULL),
(301, 'B59110039', 4, '65.00', '-10', '-17', '0.00', 'Vo', 'S004', '2016-11-10 13:53:50', 'S004', '2016-11-10 13:53:50', NULL, NULL),
(302, 'B59110052', 1, '54.00', '10', '-30', '6.00', 'Pr', 'S004', '2016-11-10 13:56:13', NULL, '2001-01-30 17:00:00', NULL, '2001-01-30 17:00:00'),
(303, 'B59110052', 4, '50.00', '10', '-27', '15.00', 'Wc', 'S004', '2016-11-10 13:56:13', NULL, '2001-01-30 17:00:00', NULL, '2001-01-30 17:00:00'),
(304, 'B59110052', 5, '80.00', '10', '-16', '0.00', 'Rt', 'S004', '2016-11-10 13:56:13', NULL, '2001-01-30 17:00:00', NULL, '2001-01-30 17:00:00'),
(305, 'B59110052', 6, '95.00', '10', '-116', '0.00', 'Rt', 'S004', '2016-11-10 13:56:13', NULL, '2001-01-30 17:00:00', NULL, '2001-01-30 17:00:00'),
(306, 'B59110053', 6, '95.00', '1', '-117', '0.00', 'Rt', 'S004', '2016-11-11 03:41:56', NULL, '2001-01-30 17:00:00', NULL, '2001-01-30 17:00:00'),
(307, 'B59110053', 5, '80.00', '1', '-17', '0.00', 'Rt', 'S004', '2016-11-11 03:41:56', NULL, '2001-01-30 17:00:00', NULL, '2001-01-30 17:00:00'),
(308, 'B59110053', 9, '84.00', '2', '-2', '21.00', 'Pr', 'S004', '2016-11-11 03:41:56', NULL, '2001-01-30 17:00:00', NULL, '2001-01-30 17:00:00'),
(309, 'B59110053', 8, '81.00', '1', '-11', '9.00', 'Pr', 'S004', '2016-11-11 03:41:56', NULL, '2001-01-30 17:00:00', NULL, '2001-01-30 17:00:00'),
(310, 'B59110053', 8, '90.00', '1', '-12', '0.00', 'Rt', 'S004', '2016-11-11 03:41:56', NULL, '2001-01-30 17:00:00', NULL, '2001-01-30 17:00:00'),
(311, 'B59110053', 6, '95.00', '-1', '-116', '0.00', 'Vo', 'S004', '2016-11-11 03:42:41', 'S004', '2016-11-11 03:42:41', NULL, NULL),
(312, 'B59110053', 5, '80.00', '-1', '-16', '0.00', 'Vo', 'S004', '2016-11-11 03:42:41', 'S004', '2016-11-11 03:42:41', NULL, NULL),
(313, 'B59110053', 9, '84.00', '-2', '0', '21.00', 'Vo', 'S004', '2016-11-11 03:42:41', 'S004', '2016-11-11 03:42:41', NULL, NULL),
(314, 'B59110053', 8, '81.00', '-1', '-11', '9.00', 'Vo', 'S004', '2016-11-11 03:42:41', 'S004', '2016-11-11 03:42:41', NULL, NULL),
(315, 'B59110053', 8, '90.00', '-1', '-10', '0.00', 'Vo', 'S004', '2016-11-11 03:42:41', 'S004', '2016-11-11 03:42:41', NULL, NULL),
(316, 'B59110054', 6, '95.00', '1', '-117', '0.00', 'Rt', 'S004', '2016-11-11 03:44:15', NULL, '2001-01-30 17:00:00', NULL, '2001-01-30 17:00:00'),
(317, 'B59110054', 9, '84.00', '2', '-2', '21.00', 'Pr', 'S004', '2016-11-11 03:44:15', NULL, '2001-01-30 17:00:00', NULL, '2001-01-30 17:00:00'),
(318, 'B59110054', 8, '81.00', '1', '-11', '9.00', 'Pr', 'S004', '2016-11-11 03:44:15', NULL, '2001-01-30 17:00:00', NULL, '2001-01-30 17:00:00'),
(319, 'B59110054', 8, '90.00', '1', '-12', '0.00', 'Rt', 'S004', '2016-11-11 03:44:15', NULL, '2001-01-30 17:00:00', NULL, '2001-01-30 17:00:00'),
(320, 'B59110054', 9, '105.00', '1', '-3', '0.00', 'Rt', 'S004', '2016-11-11 03:44:15', NULL, '2001-01-30 17:00:00', NULL, '2001-01-30 17:00:00'),
(321, 'B59110055', 1, '60.00', '1', '-31', '0.00', 'Rt', 'S004', '2016-11-11 04:45:37', NULL, '2001-01-30 17:00:00', NULL, '2001-01-30 17:00:00'),
(322, 'B59110056', 1, '54.00', '1', '-32', '6.00', 'Pr', 'S004', '2016-11-11 04:47:06', NULL, '2001-01-30 17:00:00', NULL, '2001-01-30 17:00:00'),
(323, 'B59110056', 1, '45.00', '1', '-33', '15.00', 'Wc', 'S004', '2016-11-11 04:47:06', NULL, '2001-01-30 17:00:00', NULL, '2001-01-30 17:00:00'),
(324, 'B59110056', 1, '54.00', '-1', '-32', '6.00', 'Vo', 'S004', '2016-11-11 04:47:46', 'S004', '2016-11-11 04:47:46', NULL, NULL),
(325, 'B59110056', 1, '45.00', '-1', '-31', '15.00', 'Vo', 'S004', '2016-11-11 04:47:46', 'S004', '2016-11-11 04:47:46', NULL, NULL),
(326, 'B59110054', 6, '95.00', '-1', '-116', '0.00', 'Vo', 'S004', '2016-11-11 04:48:05', 'S004', '2016-11-11 04:48:05', NULL, NULL),
(327, 'B59110054', 9, '84.00', '-2', '-1', '21.00', 'Vo', 'S004', '2016-11-11 04:48:05', 'S004', '2016-11-11 04:48:05', NULL, NULL),
(328, 'B59110054', 8, '81.00', '-1', '-11', '9.00', 'Vo', 'S004', '2016-11-11 04:48:05', 'S004', '2016-11-11 04:48:05', NULL, NULL),
(329, 'B59110054', 8, '90.00', '-1', '-10', '0.00', 'Vo', 'S004', '2016-11-11 04:48:05', 'S004', '2016-11-11 04:48:05', NULL, NULL),
(330, 'B59110054', 9, '105.00', '-1', '0', '0.00', 'Vo', 'S004', '2016-11-11 04:48:05', 'S004', '2016-11-11 04:48:05', NULL, NULL),
(331, 'B59110057', 6, '95.00', '1', '-117', '0.00', 'Rt', 'S004', '2016-11-11 12:49:01', NULL, '2001-01-30 17:00:00', NULL, '2001-01-30 17:00:00'),
(332, 'B59110057', 9, '84.00', '2', '-2', '21.00', 'Pr', 'S004', '2016-11-11 12:49:01', NULL, '2001-01-30 17:00:00', NULL, '2001-01-30 17:00:00'),
(333, 'B59110057', 8, '81.00', '1', '-11', '9.00', 'Pr', 'S004', '2016-11-11 12:49:01', NULL, '2001-01-30 17:00:00', NULL, '2001-01-30 17:00:00'),
(334, 'B59110057', 8, '90.00', '1', '-12', '0.00', 'Rt', 'S004', '2016-11-11 12:49:01', NULL, '2001-01-30 17:00:00', NULL, '2001-01-30 17:00:00'),
(335, 'B59110057', 9, '105.00', '1', '-3', '0.00', 'Rt', 'S004', '2016-11-11 12:49:01', NULL, '2001-01-30 17:00:00', NULL, '2001-01-30 17:00:00'),
(336, 'B59110057', 1, '60.00', '1', '-32', '0.00', 'Rt', 'S004', '2016-11-11 12:49:01', NULL, '2001-01-30 17:00:00', NULL, '2001-01-30 17:00:00'),
(337, 'B59110057', 2, '95.00', '1', '-1', '0.00', 'Rt', 'S004', '2016-11-11 12:49:01', NULL, '2001-01-30 17:00:00', NULL, '2001-01-30 17:00:00'),
(338, 'B59110057', 5, '80.00', '1', '-17', '0.00', 'Rt', 'S004', '2016-11-11 12:49:01', NULL, '2001-01-30 17:00:00', NULL, '2001-01-30 17:00:00'),
(339, 'B59110057', 6, '95.00', '-1', '-116', '0.00', 'Vo', 'S004', '2016-11-11 12:58:50', 'S004', '2016-11-11 12:58:50', NULL, NULL),
(340, 'B59110057', 9, '84.00', '-2', '-1', '21.00', 'Vo', 'S004', '2016-11-11 12:58:50', 'S004', '2016-11-11 12:58:50', NULL, NULL),
(341, 'B59110057', 8, '81.00', '-1', '-11', '9.00', 'Vo', 'S004', '2016-11-11 12:58:50', 'S004', '2016-11-11 12:58:50', NULL, NULL),
(342, 'B59110057', 8, '90.00', '-1', '-10', '0.00', 'Vo', 'S004', '2016-11-11 12:58:50', 'S004', '2016-11-11 12:58:50', NULL, NULL),
(343, 'B59110057', 9, '105.00', '-1', '0', '0.00', 'Vo', 'S004', '2016-11-11 12:58:50', 'S004', '2016-11-11 12:58:50', NULL, NULL),
(344, 'B59110057', 1, '60.00', '-1', '-31', '0.00', 'Vo', 'S004', '2016-11-11 12:58:50', 'S004', '2016-11-11 12:58:50', NULL, NULL),
(345, 'B59110057', 2, '95.00', '-1', '0', '0.00', 'Vo', 'S004', '2016-11-11 12:58:50', 'S004', '2016-11-11 12:58:50', NULL, NULL),
(346, 'B59110057', 5, '80.00', '-1', '-16', '0.00', 'Vo', 'S004', '2016-11-11 12:58:50', 'S004', '2016-11-11 12:58:50', NULL, NULL),
(347, 'B59110048', 1, '60.00', '-1', '-30', '0.00', 'Vo', 'S004', '2016-11-12 05:26:03', 'S004', '2016-11-12 05:26:03', NULL, NULL),
(348, 'B59110048', 4, '65.00', '-1', '-26', '0.00', 'Vo', 'S004', '2016-11-12 05:26:03', 'S004', '2016-11-12 05:26:03', NULL, NULL),
(349, 'B59110048', 5, '80.00', '-1', '-15', '0.00', 'Vo', 'S004', '2016-11-12 05:26:03', 'S004', '2016-11-12 05:26:03', NULL, NULL),
(350, 'B59110048', 6, '95.00', '-1', '-115', '0.00', 'Vo', 'S004', '2016-11-12 05:26:03', 'S004', '2016-11-12 05:26:03', NULL, NULL),
(351, 'B59110047', 1, '60.00', '-1', '-29', '0.00', 'Vo', 'S004', '2016-11-12 05:26:27', 'S004', '2016-11-12 05:26:27', NULL, NULL),
(352, 'B59110058', 5, '87.00', '10', '-25', '-7.00', 'Wc', 'S004', '2016-11-12 06:42:03', NULL, '2001-01-30 17:00:00', NULL, '2001-01-30 17:00:00'),
(353, 'B59110058', 9, '105.00', '10', '-10', '0.00', 'Rt', 'S004', '2016-11-12 06:42:03', NULL, '2001-01-30 17:00:00', NULL, '2001-01-30 17:00:00'),
(354, 'B59110058', 8, '81.00', '2', '-12', '9.00', 'Pr', 'S004', '2016-11-12 06:42:03', NULL, '2001-01-30 17:00:00', NULL, '2001-01-30 17:00:00'),
(355, 'B59110058', 4, '65.00', '20', '-46', '0.00', 'Rt', 'S004', '2016-11-12 06:42:03', NULL, '2001-01-30 17:00:00', NULL, '2001-01-30 17:00:00'),
(356, 'B59110055', 1, '60.00', '-1', '-28', '0.00', 'Vo', 'S004', '2016-11-12 06:45:33', 'S004', '2016-11-12 06:45:33', NULL, NULL),
(357, 'B59110059', 9, '105.00', '1', '-11', '0.00', 'Rt', 'S004', '2016-11-12 06:48:08', NULL, '2001-01-30 17:00:00', NULL, '2001-01-30 17:00:00'),
(358, 'B59110060', 5, '80.00', '1', '-26', '0.00', 'Rt', 'S004', '2016-11-12 06:50:15', NULL, '2001-01-30 17:00:00', NULL, '2001-01-30 17:00:00'),
(359, 'B59110060', 9, '105.00', '1', '-12', '0.00', 'Rt', 'S004', '2016-11-12 06:50:15', NULL, '2001-01-30 17:00:00', NULL, '2001-01-30 17:00:00');
INSERT INTO `salelist` (`listIndex`, `saleNo`, `itemIndex`, `salePrice`, `saleQTY`, `stockQTY`, `saleDiscount`, `saleClass`, `CRE_USR`, `CRE_DTE`, `UPD_USR`, `UPD_DTE`, `DEL_USR`, `DEL_DTE`) VALUES
(360, 'B59110060', 8, '90.00', '1', '-13', '0.00', 'Rt', 'S004', '2016-11-12 06:50:15', NULL, '2001-01-30 17:00:00', NULL, '2001-01-30 17:00:00'),
(361, 'B59110060', 5, '80.00', '-1', '-25', '0.00', 'Vo', 'S004', '2016-11-12 06:52:31', 'S004', '2016-11-12 06:52:31', NULL, NULL),
(362, 'B59110060', 9, '105.00', '-1', '-11', '0.00', 'Vo', 'S004', '2016-11-12 06:52:31', 'S004', '2016-11-12 06:52:31', NULL, NULL),
(363, 'B59110060', 8, '90.00', '-1', '-12', '0.00', 'Vo', 'S004', '2016-11-12 06:52:31', 'S004', '2016-11-12 06:52:31', NULL, NULL),
(364, 'B59110061', 5, '80.00', '1', '-26', '0.00', 'Rt', 'S004', '2016-11-12 06:53:38', NULL, '2001-01-30 17:00:00', NULL, '2001-01-30 17:00:00'),
(365, 'B59110061', 9, '105.00', '1', '-12', '0.00', 'Rt', 'S004', '2016-11-12 06:53:38', NULL, '2001-01-30 17:00:00', NULL, '2001-01-30 17:00:00'),
(366, 'B59110061', 8, '72.00', '1', '-13', '18.00', 'Pr', 'S004', '2016-11-12 06:53:38', NULL, '2001-01-30 17:00:00', NULL, '2001-01-30 17:00:00'),
(367, 'B59110058', 5, '87.00', '-10', '-16', '-7.00', 'Vo', 'S004', '2016-11-12 06:56:04', 'S004', '2016-11-12 06:56:04', NULL, NULL),
(368, 'B59110058', 9, '105.00', '-10', '-2', '0.00', 'Vo', 'S004', '2016-11-12 06:56:04', 'S004', '2016-11-12 06:56:04', NULL, NULL),
(369, 'B59110058', 8, '81.00', '-2', '-11', '9.00', 'Vo', 'S004', '2016-11-12 06:56:04', 'S004', '2016-11-12 06:56:04', NULL, NULL),
(370, 'B59110058', 4, '65.00', '-20', '-26', '0.00', 'Vo', 'S004', '2016-11-12 06:56:04', 'S004', '2016-11-12 06:56:04', NULL, NULL),
(371, 'B59110043', 1, '60.00', '-1', '-27', '0.00', 'Vo', '004', '2016-11-12 07:07:16', '004', '2016-11-12 07:07:16', NULL, NULL),
(372, 'B59110062', 1, '60.00', '1', '-28', '0.00', 'Rt', 'S004', '2016-11-12 07:27:53', NULL, '2001-01-30 17:00:00', NULL, '2001-01-30 17:00:00'),
(373, 'B59110062', 2, '95.00', '1', '-1', '0.00', 'Rt', 'S004', '2016-11-12 07:27:53', NULL, '2001-01-30 17:00:00', NULL, '2001-01-30 17:00:00'),
(374, 'B59110062', 4, '65.00', '1', '-27', '0.00', 'Rt', 'S004', '2016-11-12 07:27:53', NULL, '2001-01-30 17:00:00', NULL, '2001-01-30 17:00:00'),
(375, 'B59110062', 5, '80.00', '1', '-17', '0.00', 'Rt', 'S004', '2016-11-12 07:27:53', NULL, '2001-01-30 17:00:00', NULL, '2001-01-30 17:00:00'),
(376, 'B59110063', 1, '60.00', '1', '-29', '0.00', 'Rt', 'S004', '2016-11-12 07:30:20', NULL, '2001-01-30 17:00:00', NULL, '2001-01-30 17:00:00'),
(377, 'B59110063', 2, '95.00', '1', '-2', '0.00', 'Rt', 'S004', '2016-11-12 07:30:20', NULL, '2001-01-30 17:00:00', NULL, '2001-01-30 17:00:00'),
(378, 'B59110063', 4, '65.00', '1', '-28', '0.00', 'Rt', 'S004', '2016-11-12 07:30:20', NULL, '2001-01-30 17:00:00', NULL, '2001-01-30 17:00:00'),
(379, 'B59110063', 5, '80.00', '1', '-18', '0.00', 'Rt', 'S004', '2016-11-12 07:30:20', NULL, '2001-01-30 17:00:00', NULL, '2001-01-30 17:00:00'),
(380, 'B59110064', 1, '60.00', '1', '-30', '0.00', 'Rt', 'S004', '2016-11-12 07:37:24', NULL, '2001-01-30 17:00:00', NULL, '2001-01-30 17:00:00'),
(381, 'B59110065', 1, '60.00', '1', '-31', '0.00', 'Rt', 'S004', '2016-11-12 07:38:33', NULL, '2001-01-30 17:00:00', NULL, '2001-01-30 17:00:00'),
(382, 'B59110066', 1, '60.00', '1', '-32', '0.00', 'Rt', 'S004', '2016-11-12 07:40:17', NULL, '2001-01-30 17:00:00', NULL, '2001-01-30 17:00:00'),
(383, 'B59110067', 1, '60.00', '1', '-33', '0.00', 'Rt', 'S004', '2016-11-12 07:40:48', NULL, '2001-01-30 17:00:00', NULL, '2001-01-30 17:00:00'),
(384, 'B59110067', 2, '95.00', '1', '-3', '0.00', 'Rt', 'S004', '2016-11-12 07:40:48', NULL, '2001-01-30 17:00:00', NULL, '2001-01-30 17:00:00'),
(385, 'B59110067', 4, '65.00', '1', '-29', '0.00', 'Rt', 'S004', '2016-11-12 07:40:48', NULL, '2001-01-30 17:00:00', NULL, '2001-01-30 17:00:00'),
(386, 'B59110067', 5, '80.00', '1', '-19', '0.00', 'Rt', 'S004', '2016-11-12 07:40:48', NULL, '2001-01-30 17:00:00', NULL, '2001-01-30 17:00:00'),
(387, 'B59110068', 1, '60.00', '1', '-34', '0.00', 'Rt', 'S004', '2016-11-12 07:43:15', NULL, '2001-01-30 17:00:00', NULL, '2001-01-30 17:00:00'),
(388, 'B59110068', 2, '95.00', '1', '-4', '0.00', 'Rt', 'S004', '2016-11-12 07:43:15', NULL, '2001-01-30 17:00:00', NULL, '2001-01-30 17:00:00'),
(389, 'B59110069', 1, '60.00', '1', '-35', '0.00', 'Rt', 'S004', '2016-11-12 07:44:13', NULL, '2001-01-30 17:00:00', NULL, '2001-01-30 17:00:00'),
(390, 'B59110070', 2, '95.00', '1', '-5', '0.00', 'Rt', 'S004', '2016-11-12 07:47:09', NULL, '2001-01-30 17:00:00', NULL, '2001-01-30 17:00:00'),
(391, 'B59110070', 1, '60.00', '1', '-36', '0.00', 'Rt', 'S004', '2016-11-12 07:47:09', NULL, '2001-01-30 17:00:00', NULL, '2001-01-30 17:00:00'),
(392, 'B59110071', 1, '60.00', '1', '-37', '0.00', 'Rt', 'S004', '2016-11-12 08:46:53', NULL, '2001-01-30 17:00:00', NULL, '2001-01-30 17:00:00'),
(393, 'B59110071', 2, '95.00', '1', '-6', '0.00', 'Rt', 'S004', '2016-11-12 08:46:53', NULL, '2001-01-30 17:00:00', NULL, '2001-01-30 17:00:00'),
(394, 'B59110061', 5, '80.00', '-1', '-18', '0.00', 'Vo', 'S004', '2016-11-12 09:02:38', 'S004', '2016-11-12 09:02:38', NULL, NULL),
(395, 'B59110061', 9, '105.00', '-1', '-1', '0.00', 'Vo', 'S004', '2016-11-12 09:02:38', 'S004', '2016-11-12 09:02:38', NULL, NULL),
(396, 'B59110061', 8, '72.00', '-1', '-10', '18.00', 'Vo', 'S004', '2016-11-12 09:02:38', 'S004', '2016-11-12 09:02:38', NULL, NULL),
(397, 'B59110061', 5, '80.00', '-1', '-17', '0.00', 'Vo', 'S004', '2016-11-12 09:03:46', 'S004', '2016-11-12 09:03:46', NULL, NULL),
(398, 'B59110061', 9, '105.00', '-1', '0', '0.00', 'Vo', 'S004', '2016-11-12 09:03:46', 'S004', '2016-11-12 09:03:46', NULL, NULL),
(399, 'B59110061', 8, '72.00', '-1', '-9', '18.00', 'Vo', 'S004', '2016-11-12 09:03:46', 'S004', '2016-11-12 09:03:46', NULL, NULL),
(400, 'B59110042', 1, '60.00', '-1', '-36', '0.00', 'Vo', 'S004', '2016-11-12 09:04:45', 'S004', '2016-11-12 09:04:45', NULL, NULL),
(401, 'B59110051', 10, '115.00', '-1', '-450', '0.00', 'Vo', 'S004', '2016-11-12 09:06:11', 'S004', '2016-11-12 09:06:11', NULL, NULL),
(402, 'B59110051', 10, '110.00', '-450', '0', '5.00', 'Vo', 'S004', '2016-11-12 09:06:11', 'S004', '2016-11-12 09:06:11', NULL, NULL),
(403, 'B59110051', 6, '95.00', '-100', '-15', '0.00', 'Vo', 'S004', '2016-11-12 09:06:11', 'S004', '2016-11-12 09:06:11', NULL, NULL),
(404, 'B59110044', 1, '60.00', '-1', '-35', '0.00', 'Vo', 'S004', '2016-11-12 09:07:09', 'S004', '2016-11-12 09:07:09', NULL, NULL),
(405, 'B59110044', 4, '65.00', '-1', '-28', '0.00', 'Vo', 'S004', '2016-11-12 09:07:09', 'S004', '2016-11-12 09:07:09', NULL, NULL),
(406, 'B59110071', 1, '60.00', '-1', '-34', '0.00', 'Vo', 'S004', '2016-11-12 09:12:51', 'S004', '2016-11-12 09:12:51', NULL, NULL),
(407, 'B59110071', 2, '95.00', '-1', '-5', '0.00', 'Vo', 'S004', '2016-11-12 09:12:51', 'S004', '2016-11-12 09:12:51', NULL, NULL),
(408, 'B59110062', 1, '60.00', '-1', '-33', '0.00', 'Vo', 'S004', '2016-11-12 09:13:44', 'S004', '2016-11-12 09:13:44', NULL, NULL),
(409, 'B59110062', 2, '95.00', '-1', '-4', '0.00', 'Vo', 'S004', '2016-11-12 09:13:44', 'S004', '2016-11-12 09:13:44', NULL, NULL),
(410, 'B59110062', 4, '65.00', '-1', '-27', '0.00', 'Vo', 'S004', '2016-11-12 09:13:44', 'S004', '2016-11-12 09:13:44', NULL, NULL),
(411, 'B59110062', 5, '80.00', '-1', '-16', '0.00', 'Vo', 'S004', '2016-11-12 09:13:44', 'S004', '2016-11-12 09:13:44', NULL, NULL),
(412, 'B59110063', 1, '60.00', '-1', '-32', '0.00', 'Vo', 'S004', '2016-11-12 09:15:28', 'S004', '2016-11-12 09:15:28', NULL, NULL),
(413, 'B59110063', 2, '95.00', '-1', '-3', '0.00', 'Vo', 'S004', '2016-11-12 09:15:28', 'S004', '2016-11-12 09:15:28', NULL, NULL),
(414, 'B59110063', 4, '65.00', '-1', '-26', '0.00', 'Vo', 'S004', '2016-11-12 09:15:28', 'S004', '2016-11-12 09:15:28', NULL, NULL),
(415, 'B59110063', 5, '80.00', '-1', '-15', '0.00', 'Vo', 'S004', '2016-11-12 09:15:28', 'S004', '2016-11-12 09:15:28', NULL, NULL),
(416, 'B59110064', 1, '60.00', '-1', '-31', '0.00', 'Vo', 'S004', '2016-11-12 09:19:08', 'S004', '2016-11-12 09:19:08', NULL, NULL),
(417, 'B59110059', 9, '105.00', '-1', '1', '0.00', 'Vo', 'S004', '2016-11-12 09:22:29', 'S004', '2016-11-12 09:22:29', NULL, NULL),
(418, 'B59110065', 1, '60.00', '-1', '-30', '0.00', 'Vo', 'S004', '2016-11-12 09:24:17', 'S004', '2016-11-12 09:24:17', NULL, NULL),
(419, 'B59110066', 1, '60.00', '-1', '-29', '0.00', 'Vo', 'S004', '2016-11-12 09:48:26', 'S004', '2016-11-12 09:48:26', NULL, NULL),
(420, 'B59110067', 1, '60.00', '-1', '-28', '0.00', 'Vo', 'S004', '2016-11-12 09:49:02', 'S004', '2016-11-12 09:49:02', NULL, NULL),
(421, 'B59110067', 2, '95.00', '-1', '-2', '0.00', 'Vo', 'S004', '2016-11-12 09:49:02', 'S004', '2016-11-12 09:49:02', NULL, NULL),
(422, 'B59110067', 4, '65.00', '-1', '-25', '0.00', 'Vo', 'S004', '2016-11-12 09:49:02', 'S004', '2016-11-12 09:49:02', NULL, NULL),
(423, 'B59110067', 5, '80.00', '-1', '-14', '0.00', 'Vo', 'S004', '2016-11-12 09:49:02', 'S004', '2016-11-12 09:49:02', NULL, NULL),
(424, 'B59110045', 1, '60.00', '-5', '-23', '0.00', 'Vo', 'S004', '2016-11-12 09:53:08', 'S004', '2016-11-12 09:53:08', NULL, NULL),
(425, 'B59110045', 4, '65.00', '-5', '-20', '0.00', 'Vo', 'S004', '2016-11-12 09:53:08', 'S004', '2016-11-12 09:53:08', NULL, NULL),
(426, 'B59110045', 5, '80.00', '-5', '-9', '0.00', 'Vo', 'S004', '2016-11-12 09:53:08', 'S004', '2016-11-12 09:53:08', NULL, NULL),
(427, 'B59110045', 6, '95.00', '-5', '-10', '0.00', 'Vo', 'S004', '2016-11-12 09:53:08', 'S004', '2016-11-12 09:53:08', NULL, NULL),
(428, 'B59110045', 7, '75.00', '-5', '-10', '0.00', 'Vo', 'S004', '2016-11-12 09:53:08', 'S004', '2016-11-12 09:53:08', NULL, NULL),
(429, 'B59110046', 1, '60.00', '-10', '-13', '0.00', 'Vo', 'S004', '2016-11-12 09:57:07', 'S004', '2016-11-12 09:57:07', NULL, NULL),
(430, 'B59110046', 7, '75.00', '-10', '0', '0.00', 'Vo', 'S004', '2016-11-12 09:57:07', 'S004', '2016-11-12 09:57:07', NULL, NULL),
(431, 'B59110046', 11, '75.00', '-10', '0', '0.00', 'Vo', 'S004', '2016-11-12 09:57:07', 'S004', '2016-11-12 09:57:07', NULL, NULL),
(432, 'B59110046', 12, '90.00', '-10', '0', '0.00', 'Vo', 'S004', '2016-11-12 09:57:07', 'S004', '2016-11-12 09:57:07', NULL, NULL),
(433, 'B59110046', 8, '90.00', '-10', '1', '0.00', 'Vo', 'S004', '2016-11-12 09:57:07', 'S004', '2016-11-12 09:57:07', NULL, NULL),
(434, 'B59110046', 4, '65.00', '-10', '-10', '0.00', 'Vo', 'S004', '2016-11-12 09:57:07', 'S004', '2016-11-12 09:57:07', NULL, NULL),
(435, 'B59110052', 1, '54.00', '-10', '-3', '6.00', 'Vo', 'S004', '2016-11-12 10:02:05', 'S004', '2016-11-12 10:02:05', NULL, NULL),
(436, 'B59110052', 4, '50.00', '-10', '0', '15.00', 'Vo', 'S004', '2016-11-12 10:02:05', 'S004', '2016-11-12 10:02:05', NULL, NULL),
(437, 'B59110052', 5, '80.00', '-10', '1', '0.00', 'Vo', 'S004', '2016-11-12 10:02:05', 'S004', '2016-11-12 10:02:05', NULL, NULL),
(438, 'B59110052', 6, '95.00', '-10', '0', '0.00', 'Vo', 'S004', '2016-11-12 10:02:05', 'S004', '2016-11-12 10:02:05', NULL, NULL),
(439, 'B59110068', 1, '60.00', '-1', '-2', '0.00', 'Vo', 'S004', '2016-11-12 10:10:49', 'S004', '2016-11-12 10:10:49', NULL, NULL),
(440, 'B59110068', 2, '95.00', '-1', '-1', '0.00', 'Vo', 'S004', '2016-11-12 10:10:49', 'S004', '2016-11-12 10:10:49', NULL, NULL),
(441, 'B59110069', 1, '60.00', '-1', '-1', '0.00', 'Vo', 'S004', '2016-11-12 10:11:14', 'S004', '2016-11-12 10:11:14', NULL, NULL),
(442, 'B59110070', 2, '95.00', '-1', '0', '0.00', 'Vo', 'S004', '2016-11-12 10:11:55', 'S004', '2016-11-12 10:11:55', NULL, NULL),
(443, 'B59110070', 1, '60.00', '-1', '0', '0.00', 'Vo', 'S004', '2016-11-12 10:11:55', 'S004', '2016-11-12 10:11:55', NULL, NULL),
(444, 'B59110072', 1, '60.00', '1', '-1', '0.00', 'Rt', 'S004', '2016-11-12 10:13:10', NULL, '2001-01-30 17:00:00', NULL, '2001-01-30 17:00:00'),
(445, 'B59110072', 2, '95.00', '1', '-1', '0.00', 'Rt', 'S004', '2016-11-12 10:13:10', NULL, '2001-01-30 17:00:00', NULL, '2001-01-30 17:00:00'),
(446, 'B59110072', 4, '65.00', '1', '-1', '0.00', 'Rt', 'S004', '2016-11-12 10:13:10', NULL, '2001-01-30 17:00:00', NULL, '2001-01-30 17:00:00'),
(447, 'B59110073', 1, '60.00', '1', '-2', '0.00', 'Rt', 'S004', '2016-11-12 10:13:18', NULL, '2001-01-30 17:00:00', NULL, '2001-01-30 17:00:00'),
(448, 'B59110074', 1, '60.00', '1', '-3', '0.00', 'Rt', 'S004', '2016-11-12 10:13:28', NULL, '2001-01-30 17:00:00', NULL, '2001-01-30 17:00:00'),
(449, 'B59110075', 1, '60.00', '1', '-4', '0.00', 'Rt', 'S004', '2016-11-12 10:13:37', NULL, '2001-01-30 17:00:00', NULL, '2001-01-30 17:00:00'),
(450, 'B59110075', 2, '95.00', '1', '-2', '0.00', 'Rt', 'S004', '2016-11-12 10:13:37', NULL, '2001-01-30 17:00:00', NULL, '2001-01-30 17:00:00'),
(451, 'B59110075', 4, '65.00', '1', '-2', '0.00', 'Rt', 'S004', '2016-11-12 10:13:37', NULL, '2001-01-30 17:00:00', NULL, '2001-01-30 17:00:00'),
(452, 'B59110075', 5, '80.00', '1', '0', '0.00', 'Rt', 'S004', '2016-11-12 10:13:37', NULL, '2001-01-30 17:00:00', NULL, '2001-01-30 17:00:00'),
(453, 'B59110076', 1, '60.00', '1', '-5', '0.00', 'Rt', 'S004', '2016-11-12 10:13:48', NULL, '2001-01-30 17:00:00', NULL, '2001-01-30 17:00:00'),
(454, 'B59110076', 2, '95.00', '1', '-3', '0.00', 'Rt', 'S004', '2016-11-12 10:13:48', NULL, '2001-01-30 17:00:00', NULL, '2001-01-30 17:00:00'),
(455, 'B59110076', 4, '65.00', '1', '-3', '0.00', 'Rt', 'S004', '2016-11-12 10:13:48', NULL, '2001-01-30 17:00:00', NULL, '2001-01-30 17:00:00'),
(456, 'B59110076', 5, '80.00', '1', '-1', '0.00', 'Rt', 'S004', '2016-11-12 10:13:48', NULL, '2001-01-30 17:00:00', NULL, '2001-01-30 17:00:00'),
(457, 'B59110076', 6, '95.00', '1', '-1', '0.00', 'Rt', 'S004', '2016-11-12 10:13:48', NULL, '2001-01-30 17:00:00', NULL, '2001-01-30 17:00:00'),
(458, 'B59110076', 7, '75.00', '1', '-1', '0.00', 'Rt', 'S004', '2016-11-12 10:13:48', NULL, '2001-01-30 17:00:00', NULL, '2001-01-30 17:00:00'),
(459, 'B59110073', 1, '60.00', '-1', '-4', '0.00', 'Vo', 'S004', '2016-11-12 10:14:59', 'S004', '2016-11-12 10:14:59', NULL, NULL),
(460, 'B59110072', 1, '60.00', '-1', '-3', '0.00', 'Vo', 'S004', '2016-11-12 10:20:24', 'S004', '2016-11-12 10:20:24', NULL, NULL),
(461, 'B59110072', 2, '95.00', '-1', '-2', '0.00', 'Vo', 'S004', '2016-11-12 10:20:24', 'S004', '2016-11-12 10:20:24', NULL, NULL),
(462, 'B59110072', 4, '65.00', '-1', '-2', '0.00', 'Vo', 'S004', '2016-11-12 10:20:24', 'S004', '2016-11-12 10:20:24', NULL, NULL),
(463, 'B59110075', 1, '60.00', '-1', '-2', '0.00', 'Vo', 'S004', '2016-11-12 10:41:37', 'S004', '2016-11-12 10:41:37', NULL, NULL),
(464, 'B59110075', 2, '95.00', '-1', '-1', '0.00', 'Vo', 'S004', '2016-11-12 10:41:37', 'S004', '2016-11-12 10:41:37', NULL, NULL),
(465, 'B59110075', 4, '65.00', '-1', '-1', '0.00', 'Vo', 'S004', '2016-11-12 10:41:37', 'S004', '2016-11-12 10:41:37', NULL, NULL),
(466, 'B59110075', 5, '80.00', '-1', '0', '0.00', 'Vo', 'S004', '2016-11-12 10:41:37', 'S004', '2016-11-12 10:41:37', NULL, NULL),
(467, 'B59110074', 1, '60.00', '-1', '-1', '0.00', 'Vo', 'S004', '2016-11-12 10:48:52', 'S004', '2016-11-12 10:48:52', NULL, NULL),
(468, 'B59110076', 1, '60.00', '-1', '0', '0.00', 'Vo', 'S004', '2016-11-12 11:07:29', 'S004', '2016-11-12 11:07:29', NULL, NULL),
(469, 'B59110076', 2, '95.00', '-1', '0', '0.00', 'Vo', 'S004', '2016-11-12 11:07:29', 'S004', '2016-11-12 11:07:29', NULL, NULL),
(470, 'B59110076', 4, '65.00', '-1', '0', '0.00', 'Vo', 'S004', '2016-11-12 11:07:29', 'S004', '2016-11-12 11:07:29', NULL, NULL),
(471, 'B59110076', 5, '80.00', '-1', '1', '0.00', 'Vo', 'S004', '2016-11-12 11:07:29', 'S004', '2016-11-12 11:07:29', NULL, NULL),
(472, 'B59110076', 6, '95.00', '-1', '0', '0.00', 'Vo', 'S004', '2016-11-12 11:07:29', 'S004', '2016-11-12 11:07:29', NULL, NULL),
(473, 'B59110076', 7, '75.00', '-1', '0', '0.00', 'Vo', 'S004', '2016-11-12 11:07:29', 'S004', '2016-11-12 11:07:29', NULL, NULL),
(474, 'B59110077', 1, '60.00', '1', '-1', '0.00', 'Rt', 'S004', '2016-11-12 11:11:40', NULL, '2001-01-30 17:00:00', NULL, '2001-01-30 17:00:00'),
(475, 'B59110077', 2, '95.00', '1', '-1', '0.00', 'Rt', 'S004', '2016-11-12 11:11:40', NULL, '2001-01-30 17:00:00', NULL, '2001-01-30 17:00:00'),
(476, 'B59110077', 1, '60.00', '-1', '0', '0.00', 'Vo', 'S004', '2016-11-12 11:11:48', 'S004', '2016-11-12 11:11:48', NULL, NULL),
(477, 'B59110077', 2, '95.00', '-1', '0', '0.00', 'Vo', 'S004', '2016-11-12 11:11:48', 'S004', '2016-11-12 11:11:48', NULL, NULL),
(478, 'B59110078', 1, '60.00', '1', '-1', '0.00', 'Rt', 'S004', '2016-11-12 11:25:01', NULL, '2001-01-30 17:00:00', NULL, '2001-01-30 17:00:00'),
(479, 'B59110078', 1, '60.00', '-1', '0', '0.00', 'Vo', 'S004', '2016-11-12 11:26:07', 'S004', '2016-11-12 11:26:07', NULL, NULL),
(480, 'B59110079', 1, '60.00', '1', '-1', '0.00', 'Rt', 'S004', '2016-11-12 11:26:32', NULL, '2001-01-30 17:00:00', NULL, '2001-01-30 17:00:00'),
(481, 'B59110079', 2, '95.00', '1', '-1', '0.00', 'Rt', 'S004', '2016-11-12 11:26:32', NULL, '2001-01-30 17:00:00', NULL, '2001-01-30 17:00:00'),
(482, 'B59110079', 1, '60.00', '-1', '0', '0.00', 'Vo', 'S004', '2016-11-12 11:28:06', 'S004', '2016-11-12 11:28:06', NULL, NULL),
(483, 'B59110079', 2, '95.00', '-1', '0', '0.00', 'Vo', 'S004', '2016-11-12 11:28:06', 'S004', '2016-11-12 11:28:06', NULL, NULL),
(484, 'B59110080', 1, '60.00', '1', '-1', '0.00', 'Rt', 'S004', '2016-11-12 11:28:25', NULL, '2001-01-30 17:00:00', NULL, '2001-01-30 17:00:00'),
(485, 'B59110080', 2, '95.00', '1', '-1', '0.00', 'Rt', 'S004', '2016-11-12 11:28:25', NULL, '2001-01-30 17:00:00', NULL, '2001-01-30 17:00:00'),
(486, 'B59110080', 1, '60.00', '-1', '0', '0.00', 'Vo', 'S004', '2016-11-12 11:28:32', 'S004', '2016-11-12 11:28:32', NULL, NULL),
(487, 'B59110080', 2, '95.00', '-1', '0', '0.00', 'Vo', 'S004', '2016-11-12 11:28:32', 'S004', '2016-11-12 11:28:32', NULL, NULL),
(488, 'B59110081', 1, '60.00', '1', '-1', '0.00', 'Rt', 'S004', '2016-11-12 11:31:52', NULL, '2001-01-30 17:00:00', NULL, '2001-01-30 17:00:00'),
(489, 'B59110081', 2, '95.00', '1', '-1', '0.00', 'Rt', 'S004', '2016-11-12 11:31:52', NULL, '2001-01-30 17:00:00', NULL, '2001-01-30 17:00:00'),
(490, 'B59110081', 1, '60.00', '-1', '0', '0.00', 'Vo', 'S004', '2016-11-12 11:32:00', 'S004', '2016-11-12 11:32:00', NULL, NULL),
(491, 'B59110081', 2, '95.00', '-1', '0', '0.00', 'Vo', 'S004', '2016-11-12 11:32:00', 'S004', '2016-11-12 11:32:00', NULL, NULL),
(492, 'B59110082', 1, '60.00', '1', '-1', '0.00', 'Rt', 'S004', '2016-11-12 11:35:28', NULL, '2001-01-30 17:00:00', NULL, '2001-01-30 17:00:00'),
(493, 'B59110082', 2, '95.00', '1', '-1', '0.00', 'Rt', 'S004', '2016-11-12 11:35:28', NULL, '2001-01-30 17:00:00', NULL, '2001-01-30 17:00:00'),
(494, 'B59110082', 1, '60.00', '-1', '0', '0.00', 'Vo', 'S004', '2016-11-12 11:35:37', 'S004', '2016-11-12 11:35:37', NULL, NULL),
(495, 'B59110082', 2, '95.00', '-1', '0', '0.00', 'Vo', 'S004', '2016-11-12 11:35:37', 'S004', '2016-11-12 11:35:37', NULL, NULL),
(496, 'B59110083', 1, '60.00', '1', '-1', '0.00', 'Rt', 'S004', '2016-11-12 11:36:18', NULL, '2001-01-30 17:00:00', NULL, '2001-01-30 17:00:00'),
(497, 'B59110083', 2, '95.00', '1', '-1', '0.00', 'Rt', 'S004', '2016-11-12 11:36:18', NULL, '2001-01-30 17:00:00', NULL, '2001-01-30 17:00:00'),
(498, 'B59110084', 1, '60.00', '1', '-2', '0.00', 'Rt', 'S004', '2016-11-12 11:36:35', NULL, '2001-01-30 17:00:00', NULL, '2001-01-30 17:00:00'),
(499, 'B59110084', 2, '95.00', '1', '-2', '0.00', 'Rt', 'S004', '2016-11-12 11:36:35', NULL, '2001-01-30 17:00:00', NULL, '2001-01-30 17:00:00'),
(500, 'B59110083', 1, '60.00', '-1', '-1', '0.00', 'Vo', 'S004', '2016-11-12 11:36:47', 'S004', '2016-11-12 11:36:47', NULL, NULL),
(501, 'B59110083', 2, '95.00', '-1', '-1', '0.00', 'Vo', 'S004', '2016-11-12 11:36:47', 'S004', '2016-11-12 11:36:47', NULL, NULL),
(502, 'B59110084', 1, '60.00', '-1', '0', '0.00', 'Vo', '004', '2016-11-12 12:09:41', '004', '2016-11-12 12:09:41', NULL, NULL),
(503, 'B59110084', 2, '95.00', '-1', '0', '0.00', 'Vo', '004', '2016-11-12 12:09:41', '004', '2016-11-12 12:09:41', NULL, NULL),
(504, 'B59110085', 1, '60.00', '1', '-1', '0.00', 'Rt', '004', '2016-11-12 12:10:01', NULL, '2001-01-30 17:00:00', NULL, '2001-01-30 17:00:00'),
(505, 'B59110085', 2, '95.00', '1', '-1', '0.00', 'Rt', '004', '2016-11-12 12:10:01', NULL, '2001-01-30 17:00:00', NULL, '2001-01-30 17:00:00'),
(506, 'B59110085', 1, '60.00', '-1', '0', '0.00', 'Vo', '004', '2016-11-12 12:10:22', '004', '2016-11-12 12:10:22', NULL, NULL),
(507, 'B59110085', 2, '95.00', '-1', '0', '0.00', 'Vo', '004', '2016-11-12 12:10:22', '004', '2016-11-12 12:10:22', NULL, NULL),
(508, 'B59110086', 1, '60.00', '1', '-1', '0.00', 'Rt', '004', '2016-11-12 12:10:35', NULL, '2001-01-30 17:00:00', NULL, '2001-01-30 17:00:00'),
(509, 'B59110086', 2, '95.00', '1', '-1', '0.00', 'Rt', '004', '2016-11-12 12:10:35', NULL, '2001-01-30 17:00:00', NULL, '2001-01-30 17:00:00'),
(510, 'B59110086', 1, '60.00', '-1', '0', '0.00', 'Vo', '004', '2016-11-12 12:10:52', '004', '2016-11-12 12:10:52', NULL, NULL),
(511, 'B59110086', 2, '95.00', '-1', '0', '0.00', 'Vo', '004', '2016-11-12 12:10:52', '004', '2016-11-12 12:10:52', NULL, NULL),
(512, 'B59110087', 4, '65.00', '1', '-1', '0.00', 'Rt', '004', '2016-11-14 02:41:05', NULL, '2001-01-30 17:00:00', NULL, '2001-01-30 17:00:00'),
(513, 'B59110087', 8, '90.00', '1', '0', '0.00', 'Rt', '004', '2016-11-14 02:41:05', NULL, '2001-01-30 17:00:00', NULL, '2001-01-30 17:00:00'),
(514, 'B59110087', 7, '75.00', '1', '-1', '0.00', 'Rt', '004', '2016-11-14 02:41:05', NULL, '2001-01-30 17:00:00', NULL, '2001-01-30 17:00:00'),
(515, 'B59110087', 2, '95.00', '1', '-1', '0.00', 'Rt', '004', '2016-11-14 02:41:05', NULL, '2001-01-30 17:00:00', NULL, '2001-01-30 17:00:00'),
(516, 'B59110088', 5, '80.00', '1', '0', '0.00', 'Rt', '004', '2016-11-14 02:41:25', NULL, '2001-01-30 17:00:00', NULL, '2001-01-30 17:00:00'),
(517, 'B59110088', 9, '105.00', '1', '0', '0.00', 'Rt', '004', '2016-11-14 02:41:25', NULL, '2001-01-30 17:00:00', NULL, '2001-01-30 17:00:00'),
(518, 'B59110089', 5, '80.00', '1', '-1', '0.00', 'Rt', '004', '2016-11-14 02:42:34', NULL, '2001-01-30 17:00:00', NULL, '2001-01-30 17:00:00'),
(519, 'B59110089', 9, '105.00', '1', '-1', '0.00', 'Rt', '004', '2016-11-14 02:42:34', NULL, '2001-01-30 17:00:00', NULL, '2001-01-30 17:00:00'),
(520, 'B59110089', 9, '52.50', '250', '-251', '52.50', 'Pr', '004', '2016-11-14 02:42:34', NULL, '2001-01-30 17:00:00', NULL, '2001-01-30 17:00:00'),
(521, 'B59110089', 9, '90.00', '50', '-301', '15.00', 'Wc', '004', '2016-11-14 02:42:34', NULL, '2001-01-30 17:00:00', NULL, '2001-01-30 17:00:00'),
(522, 'B59110089', 5, '80.00', '-1', '0', '0.00', 'Vo', '004', '2016-11-14 02:47:56', '004', '2016-11-14 02:47:56', NULL, NULL),
(523, 'B59110089', 9, '105.00', '-1', '-300', '0.00', 'Vo', '004', '2016-11-14 02:47:56', '004', '2016-11-14 02:47:56', NULL, NULL),
(524, 'B59110089', 9, '52.50', '-250', '-50', '52.50', 'Vo', '004', '2016-11-14 02:47:56', '004', '2016-11-14 02:47:56', NULL, NULL),
(525, 'B59110089', 9, '90.00', '-50', '0', '15.00', 'Vo', '004', '2016-11-14 02:47:56', '004', '2016-11-14 02:47:56', NULL, NULL),
(526, 'B59110090', 5, '80.00', '1', '-1', '0.00', 'Rt', '004', '2016-11-14 02:49:09', NULL, '2001-01-30 17:00:00', NULL, '2001-01-30 17:00:00'),
(527, 'B59110090', 9, '105.00', '1', '-1', '0.00', 'Rt', '004', '2016-11-14 02:49:09', NULL, '2001-01-30 17:00:00', NULL, '2001-01-30 17:00:00'),
(528, 'B59110090', 8, '90.00', '1', '-1', '0.00', 'Rt', '004', '2016-11-14 02:49:09', NULL, '2001-01-30 17:00:00', NULL, '2001-01-30 17:00:00'),
(529, 'B59110091', 5, '80.00', '1', '-2', '0.00', 'Rt', '004', '2016-11-14 02:55:23', NULL, '2001-01-30 17:00:00', NULL, '2001-01-30 17:00:00'),
(530, 'B59110091', 9, '73.50', '2', '-3', '31.50', 'Pr', '004', '2016-11-14 02:55:23', NULL, '2001-01-30 17:00:00', NULL, '2001-01-30 17:00:00'),
(531, 'B59110091', 9, '52.50', '5', '-8', '52.50', 'Pr', '004', '2016-11-14 02:55:23', NULL, '2001-01-30 17:00:00', NULL, '2001-01-30 17:00:00'),
(532, 'B59110091', 9, '90.00', '1', '-9', '15.00', 'Wc', '004', '2016-11-14 02:55:23', NULL, '2001-01-30 17:00:00', NULL, '2001-01-30 17:00:00'),
(533, 'B59110092', 1, '60.00', '1', '-1', '0.00', 'Rt', 'S004', '2016-11-14 08:35:34', NULL, '2001-01-30 17:00:00', NULL, '2001-01-30 17:00:00'),
(534, 'B59110092', 2, '95.00', '1', '-2', '0.00', 'Rt', 'S004', '2016-11-14 08:35:34', NULL, '2001-01-30 17:00:00', NULL, '2001-01-30 17:00:00');

-- --------------------------------------------------------

--
-- Table structure for table `salelist_opt`
--

CREATE TABLE `salelist_opt` (
  `listIndex` int(11) NOT NULL,
  `primary_listindex` int(11) NOT NULL,
  `saleNo` varchar(10) DEFAULT NULL,
  `itemIndex` int(11) DEFAULT NULL,
  `salePrice` decimal(10,2) DEFAULT NULL,
  `saleQTY` decimal(10,0) DEFAULT NULL,
  `stockQTY` decimal(10,0) DEFAULT NULL,
  `saleDiscount` decimal(10,2) DEFAULT NULL,
  `saleClass` varchar(5) DEFAULT 'Rt',
  `localDataIndex` int(11) DEFAULT '-1',
  `name` varchar(50) DEFAULT 'none',
  `description` varchar(50) DEFAULT 'none',
  `CRE_USR` varchar(5) DEFAULT NULL,
  `CRE_DTE` datetime DEFAULT NULL,
  `UPD_USR` varchar(5) DEFAULT NULL,
  `UPD_DTE` datetime DEFAULT NULL,
  `DEL_USR` varchar(5) DEFAULT NULL,
  `DEL_DTE` datetime DEFAULT NULL
) ENGINE=InnoDB DEFAULT CHARSET=utf8;

-- --------------------------------------------------------

--
-- Table structure for table `storeinfo`
--

CREATE TABLE `storeinfo` (
  `storeindex` int(11) NOT NULL,
  `name` varchar(150) DEFAULT NULL,
  `address` varchar(250) DEFAULT NULL,
  `phone` varchar(150) DEFAULT NULL,
  `mobile` varchar(150) DEFAULT NULL,
  `fax` varchar(50) DEFAULT NULL,
  `email` varchar(100) DEFAULT NULL,
  `webaddress` varchar(250) DEFAULT NULL,
  `taxid` varchar(50) DEFAULT NULL,
  `vatrate` int(11) DEFAULT NULL
) ENGINE=InnoDB DEFAULT CHARSET=utf8;

--
-- Dumping data for table `storeinfo`
--

INSERT INTO `storeinfo` (`storeindex`, `name`, `address`, `phone`, `mobile`, `fax`, `email`, `webaddress`, `taxid`, `vatrate`) VALUES
(1, 'Barista Tester CAFE', '', '02-999-9999  9999', NULL, '', NULL, NULL, NULL, 0);

-- --------------------------------------------------------

--
-- Table structure for table `workcode`
--

CREATE TABLE `workcode` (
  `code` varchar(10) NOT NULL,
  `setvalue` varchar(50) NOT NULL
) ENGINE=InnoDB DEFAULT CHARSET=utf8;

--
-- Dumping data for table `workcode`
--

INSERT INTO `workcode` (`code`, `setvalue`) VALUES
('0', 'waiting'),
('1', 'Done'),
('DB_VER', '2.18'),
('DB_NAME', 'SMITPOS'),
('CUSTOMIZED', 'No'),
('CUSTOMER', '0000'),
('MAC_NO', '0001'),
('PRINTSLIP', 'TRUE'),
('REPRINT', '0'),
('FORCEPRINT', 'TRUE'),
('SLIP_LOGO', 'VISIBLE'),
('SLIP_ADV', 'VISIBLE'),
('CADIS_MIN', '0'),
('CADIS_MAX', '1200'),
('BC_SCAN', 'SIMPLY'),
('POS_MODE', 'PICKSTORE'),
('ZPI', 'NOCOUNT_NOPRN'),
('RECEIPT_LA', 'SIMPLE_CAFE'),
('PRN_TAX', 'INVISIBLE'),
('CUS_DISP', 'DISABLE');

-- --------------------------------------------------------

--
-- Table structure for table `_bos`
--

CREATE TABLE `_bos` (
  `bosIndex` int(11) NOT NULL,
  `bosItemIndex` int(11) NOT NULL,
  `childItemIndex` int(11) NOT NULL,
  `childItemQty` int(11) DEFAULT NULL,
  `childRoleFlag` int(4) DEFAULT '0' COMMENT '_BOS.childRoleFlag (bit) -- [TBC] Default Value\n0 : Show Item Price\n1 : Let''s User Choose Item\n2 : Enable Select Option\n3 : Enable Change Quantity [TBC]\n\n# Note to deploy this feature have to revise the SaleList\n',
  `CRE_DTE` datetime DEFAULT NULL,
  `CRE_USR` varchar(5) DEFAULT NULL,
  `UPD_DTE` datetime DEFAULT NULL,
  `UPD_USR` varchar(5) DEFAULT NULL,
  `DEL_DTE` datetime DEFAULT NULL,
  `DEL_USR` varchar(5) DEFAULT NULL
) ENGINE=InnoDB DEFAULT CHARSET=utf8;

-- --------------------------------------------------------

--
-- Table structure for table `_branch`
--

CREATE TABLE `_branch` (
  `branchIndex` int(11) NOT NULL,
  `branchID` varchar(5) DEFAULT NULL,
  `name` varchar(50) DEFAULT NULL,
  `address` varchar(250) DEFAULT NULL,
  `contactNo` varchar(50) DEFAULT NULL,
  `faxNo` varchar(50) DEFAULT NULL,
  `taxID` varchar(25) DEFAULT NULL,
  `CRE_DTE` datetime DEFAULT NULL,
  `CRE_USR` varchar(5) DEFAULT NULL,
  `UPD_DTE` datetime DEFAULT NULL,
  `UPD_USR` varchar(5) DEFAULT NULL,
  `DEL_DTE` datetime DEFAULT NULL,
  `DEL_USR` varchar(5) DEFAULT NULL
) ENGINE=InnoDB DEFAULT CHARSET=utf8;

--
-- Dumping data for table `_branch`
--

INSERT INTO `_branch` (`branchIndex`, `branchID`, `name`, `address`, `contactNo`, `faxNo`, `taxID`, `CRE_DTE`, `CRE_USR`, `UPD_DTE`, `UPD_USR`, `DEL_DTE`, `DEL_USR`) VALUES
(1, 'BKK01', 'The Store', '99 Taksin Road, Klongsan, Bangkok 10200', '02-989-9899', '02-989-9898', '878-999-0999', '2011-04-19 10:46:36', 'ADMIN', '2011-04-22 06:56:49', 'ADMIN', '2011-04-22 06:50:09', NULL),
(2, 'BKK02', 'Topcapi Circle', '15 Wireless Road, Patumwan, Bangkok, Thailand, 12000.', '02-212-0000', '02-212-0001', '718-799-0999', '2011-04-22 00:00:00', 'ADMIN', '2011-04-22 08:33:13', 'ADMIN', '2011-04-22 08:31:46', NULL);

-- --------------------------------------------------------

--
-- Table structure for table `_customer`
--

CREATE TABLE `_customer` (
  `customerIndex` int(11) NOT NULL,
  `customerID` varchar(15) DEFAULT NULL,
  `fullname` varchar(50) DEFAULT NULL,
  `address` varchar(150) DEFAULT NULL,
  `city` varchar(30) DEFAULT NULL,
  `province` varchar(30) DEFAULT NULL,
  `postcode` varchar(5) DEFAULT NULL,
  `phone` varchar(30) DEFAULT NULL,
  `email` varchar(30) DEFAULT NULL,
  `customerClass` varchar(5) DEFAULT '1',
  `customerType` varchar(20) DEFAULT 'General',
  `customerAVP` decimal(10,0) DEFAULT '0',
  `customerPoint` decimal(10,0) DEFAULT '0',
  `citizenID` varchar(15) DEFAULT NULL,
  `passportID` varchar(15) DEFAULT NULL,
  `title` varchar(8) DEFAULT NULL,
  `cellPhone` varchar(30) DEFAULT NULL,
  `fax` varchar(30) DEFAULT NULL,
  `CRE_DTE` datetime DEFAULT NULL,
  `CRE_USR` varchar(5) DEFAULT NULL,
  `UPD_DTE` datetime DEFAULT NULL,
  `UPD_USR` varchar(5) DEFAULT NULL,
  `DEL_DTE` datetime DEFAULT NULL,
  `DEL_USR` varchar(5) DEFAULT NULL
) ENGINE=InnoDB DEFAULT CHARSET=utf8;

--
-- Dumping data for table `_customer`
--

INSERT INTO `_customer` (`customerIndex`, `customerID`, `fullname`, `address`, `city`, `province`, `postcode`, `phone`, `email`, `customerClass`, `customerType`, `customerAVP`, `customerPoint`, `citizenID`, `passportID`, `title`, `cellPhone`, `fax`, `CRE_DTE`, `CRE_USR`, `UPD_DTE`, `UPD_USR`, `DEL_DTE`, `DEL_USR`) VALUES
(1, 'CU0000001', '', NULL, NULL, NULL, NULL, '', '', '1', 'General', '0', '3938', NULL, NULL, NULL, NULL, NULL, '2011-05-09 04:06:54', 'ADMIN', '2001-01-30 17:00:00', NULL, '2001-01-30 17:00:00', NULL),
(2, 'CU0054', 'Test', NULL, NULL, NULL, NULL, NULL, NULL, NULL, 'General', '0', '0', NULL, NULL, NULL, NULL, NULL, '2016-10-28 14:04:17', 'S004', '2001-01-30 17:00:00', NULL, '2001-01-30 17:00:00', NULL),
(3, 'Tester', '0411111', NULL, NULL, NULL, NULL, NULL, NULL, NULL, 'General', '0', '0', NULL, NULL, NULL, NULL, NULL, '2016-10-28 14:04:30', 'S004', '2001-01-30 17:00:00', NULL, '2001-01-30 17:00:00', NULL),
(4, 'E45NEW', 'Guide', NULL, NULL, NULL, NULL, '022745954', NULL, NULL, 'General', '0', '0', NULL, NULL, NULL, NULL, NULL, '2016-11-08 10:12:57', 'S004', '2001-01-30 17:00:00', NULL, '2001-01-30 17:00:00', NULL),
(5, 'CU00000005', 'Tester', NULL, NULL, NULL, NULL, NULL, NULL, NULL, 'General', '0', '496', NULL, NULL, NULL, NULL, NULL, '2016-11-08 10:41:51', 'S004', '2001-01-30 17:00:00', NULL, '2001-01-30 17:00:00', NULL),
(6, 'CU00000006', 'Tester2', NULL, NULL, NULL, NULL, NULL, NULL, NULL, 'General', '0', '0', NULL, NULL, NULL, NULL, NULL, '2016-11-08 10:42:11', 'S004', '2001-01-30 17:00:00', NULL, '2001-01-30 17:00:00', NULL),
(7, 'CU00000007', 'Tester333', NULL, NULL, NULL, NULL, NULL, NULL, NULL, 'General', '0', '2', NULL, NULL, NULL, NULL, NULL, '2016-11-08 10:47:16', 'S004', '2001-01-30 17:00:00', NULL, '2001-01-30 17:00:00', NULL),
(8, 'CU00000008', 'Tester4555', NULL, NULL, NULL, NULL, NULL, NULL, NULL, 'General', '0', '0', NULL, NULL, NULL, NULL, NULL, '2016-11-08 10:47:32', 'S004', '2001-01-30 17:00:00', NULL, '2001-01-30 17:00:00', NULL),
(9, 'CU00000009', 'Tester44555', NULL, NULL, NULL, NULL, NULL, NULL, NULL, 'General', '0', '0', NULL, NULL, NULL, NULL, NULL, '2016-11-08 10:50:44', 'S004', '2001-01-30 17:00:00', NULL, '2001-01-30 17:00:00', NULL),
(10, 'CU00000010', 'TesterTester', NULL, NULL, NULL, NULL, NULL, NULL, NULL, 'General', '0', '0', NULL, NULL, NULL, NULL, NULL, '2016-11-08 11:09:34', 'S004', '2001-01-30 17:00:00', NULL, '2001-01-30 17:00:00', NULL),
(11, 'CU00000011', 'Testetrsdfasdfasdf', NULL, NULL, NULL, NULL, NULL, NULL, NULL, 'General', '0', '0', NULL, NULL, NULL, NULL, NULL, '2016-11-08 11:09:59', 'S004', '2001-01-30 17:00:00', NULL, '2001-01-30 17:00:00', NULL);

-- --------------------------------------------------------

--
-- Table structure for table `_hashlink`
--

CREATE TABLE `_hashlink` (
  `HashLink_index` int(11) NOT NULL,
  `LinkTo_CategoryIndex` int(11) DEFAULT NULL,
  `Source_CategoryIndex` int(11) DEFAULT NULL,
  `itemIndex` int(11) DEFAULT NULL,
  `HashSyntax` varchar(256) CHARACTER SET latin1 DEFAULT NULL COMMENT 'Option',
  `CRE_DTE` datetime DEFAULT NULL,
  `CRE_USR` varchar(5) CHARACTER SET ucs2 DEFAULT NULL,
  `UPD_DTE` datetime DEFAULT NULL,
  `UPD_USR` varchar(5) CHARACTER SET ucs2 DEFAULT NULL,
  `DEL_DTE` datetime DEFAULT NULL,
  `DEL_USR` varchar(5) CHARACTER SET ucs2 DEFAULT NULL
) ENGINE=InnoDB DEFAULT CHARSET=utf8;

-- --------------------------------------------------------

--
-- Table structure for table `_item`
--

CREATE TABLE `_item` (
  `itemIndex` int(11) NOT NULL,
  `itemID` varchar(15) DEFAULT NULL,
  `itembarcodeID` varchar(15) DEFAULT NULL,
  `itemName` varchar(128) DEFAULT NULL,
  `itemDetail` varchar(512) DEFAULT NULL COMMENT 'May need #Tag interpretter',
  `itemPrice` decimal(10,2) NOT NULL DEFAULT '0.00',
  `itemLatestCost` decimal(10,2) NOT NULL DEFAULT '0.00',
  `itemStock` int(11) DEFAULT '0',
  `itemProPoint` int(11) DEFAULT '0',
  `itemProStart` datetime DEFAULT NULL,
  `itemProEnd` datetime DEFAULT NULL,
  `CRE_DTE` datetime DEFAULT NULL,
  `CRE_USR` varchar(5) DEFAULT NULL,
  `UPD_DTE` datetime DEFAULT NULL,
  `UPD_USR` varchar(5) DEFAULT NULL,
  `DEL_DTE` datetime DEFAULT NULL,
  `DEL_USR` varchar(5) DEFAULT NULL,
  `itemCatagoryIndex` int(11) NOT NULL DEFAULT '0',
  `itemUnitIndex` int(11) NOT NULL DEFAULT '0',
  `itemSizeIndex` int(11) NOT NULL DEFAULT '0',
  `itemLocationIndex` int(11) NOT NULL DEFAULT '0'
) ENGINE=InnoDB DEFAULT CHARSET=utf8 COMMENT='May need #Tag interpretter fot the itemDetail';

--
-- Dumping data for table `_item`
--

INSERT INTO `_item` (`itemIndex`, `itemID`, `itembarcodeID`, `itemName`, `itemDetail`, `itemPrice`, `itemLatestCost`, `itemStock`, `itemProPoint`, `itemProStart`, `itemProEnd`, `CRE_DTE`, `CRE_USR`, `UPD_DTE`, `UPD_USR`, `DEL_DTE`, `DEL_USR`, `itemCatagoryIndex`, `itemUnitIndex`, `itemSizeIndex`, `itemLocationIndex`) VALUES
(1, '10001', '10001', 'Espresso Hot/S', NULL, '60.00', '0.00', -1, 0, '2001-01-30 17:00:00', '2001-01-30 17:00:00', '2016-01-09 01:56:48', NULL, '2016-11-05 10:31:57', 'S004', '2001-01-30 17:00:00', NULL, 1, 1, 0, 0),
(2, '10002', '10002', 'Espresso Hot/L', NULL, '95.00', '0.00', -2, 0, '2001-01-30 17:00:00', '2001-01-30 17:00:00', '2016-01-09 01:59:12', NULL, '2016-01-10 13:29:56', 'S001', '2016-04-29 08:22:38', NULL, 1, 1, 0, 0),
(3, '20001', '20001', 'Americano Hot/S', NULL, '0.00', '0.00', 0, 0, '2001-01-30 17:00:00', '2001-01-30 17:00:00', '2016-01-09 02:01:16', 'S001', '2001-01-30 17:00:00', NULL, '2016-01-09 02:10:50', 'S001', 3, 1, 0, 0),
(4, '20001', '20001', 'Americano Hot/S', NULL, '65.00', '0.00', -1, 0, '2001-01-30 17:00:00', '2001-01-30 17:00:00', '2016-01-09 02:10:28', NULL, '2016-11-04 10:10:22', 'S004', '2001-01-30 17:00:00', NULL, 2, 1, 0, 0),
(5, '20002', '20002', 'Americano Hot/L', NULL, '80.00', '0.00', -2, 0, '2001-01-30 17:00:00', '2001-01-30 17:00:00', '2016-01-09 02:11:17', NULL, '2016-11-04 10:10:27', 'S004', '2001-01-30 17:00:00', NULL, 2, 1, 0, 0),
(6, '20003', '20003', 'Americano Iced', NULL, '95.00', '0.00', 0, 0, '2001-01-30 17:00:00', '2001-01-30 17:00:00', '2016-01-09 02:11:58', NULL, '2016-11-04 10:10:32', 'S004', '2001-01-30 17:00:00', NULL, 2, 1, 0, 0),
(7, '30001', '30001', 'Latte Hot/S', NULL, '75.00', '0.00', -1, 0, '2001-01-30 17:00:00', '2001-01-30 17:00:00', '2016-01-09 02:12:31', NULL, '2016-11-04 10:10:36', 'S004', '2001-01-30 17:00:00', NULL, 3, 1, 0, 0),
(8, '30002', '30002', 'Latte Hot/L', NULL, '90.00', '0.00', -1, 0, '2001-01-30 17:00:00', '2001-01-30 17:00:00', '2016-01-09 02:12:51', NULL, '2016-07-24 03:42:41', 'S002', '2001-01-30 17:00:00', NULL, 3, 1, 0, 0),
(9, '30003', '30003', 'Latte Iced', NULL, '105.00', '0.00', -9, 0, '2001-01-30 17:00:00', '2001-01-30 17:00:00', '2016-01-09 02:13:18', NULL, '2016-07-24 03:42:49', 'S002', '2001-01-30 17:00:00', NULL, 3, 1, 0, 0),
(10, '30004', '30004', 'Latte Frappe', NULL, '115.00', '0.00', 0, 0, '2001-01-30 17:00:00', '2001-01-30 17:00:00', '2016-01-09 02:14:42', NULL, '2016-07-24 03:43:14', 'S002', '2001-01-30 17:00:00', NULL, 3, 1, 0, 0),
(11, '40001', '40001', 'Cappuccino Hot/S', NULL, '75.00', '0.00', 0, 0, '2001-01-30 17:00:00', '2001-01-30 17:00:00', '2016-01-09 02:17:15', NULL, '2016-07-24 03:43:32', 'S002', '2001-01-30 17:00:00', NULL, 4, 1, 0, 0),
(12, '40002', '40002', 'Cappuccino Hot/L', NULL, '90.00', '0.00', 0, 0, '2001-01-30 17:00:00', '2001-01-30 17:00:00', '2016-01-09 02:17:39', NULL, '2016-07-24 03:43:49', 'S002', '2001-01-30 17:00:00', NULL, 4, 1, 0, 0),
(13, '40003', '40003', 'Cappuccino Iced', NULL, '105.00', '0.00', 0, 0, '2001-01-30 17:00:00', '2001-01-30 17:00:00', '2016-01-09 02:18:23', NULL, '2016-07-24 03:43:38', 'S002', '2001-01-30 17:00:00', NULL, 4, 1, 0, 0),
(14, '40004', '40004', 'Cappuccino Frappe', NULL, '115.00', '0.00', 0, 0, '2001-01-30 17:00:00', '2001-01-30 17:00:00', '2016-01-09 02:19:34', NULL, '2016-07-24 03:43:56', 'S002', '2001-01-30 17:00:00', NULL, 4, 1, 0, 0),
(15, '50001', '50001', 'Mocha Hot/S', NULL, '80.00', '0.00', 0, 0, '2001-01-30 17:00:00', '2001-01-30 17:00:00', '2016-01-09 02:24:50', NULL, '2016-01-10 11:36:40', 'S001', '2001-01-30 17:00:00', NULL, 5, 1, 0, 0),
(16, '50002', '50002', 'Mocha Hot/L', NULL, '95.00', '0.00', 0, 0, '2001-01-30 17:00:00', '2001-01-30 17:00:00', '2016-01-09 02:25:08', NULL, '2016-01-10 11:36:48', 'S001', '2001-01-30 17:00:00', NULL, 5, 1, 0, 0),
(17, '50003', '50003', 'Mocha Iced', NULL, '110.00', '0.00', 0, 0, '2001-01-30 17:00:00', '2001-01-30 17:00:00', '2016-01-09 02:25:37', NULL, '2016-01-10 11:36:56', 'S001', '2001-01-30 17:00:00', NULL, 5, 1, 0, 0),
(18, '50004', '50004', 'Mocha Frappe', NULL, '120.00', '0.00', 0, 0, '2001-01-30 17:00:00', '2001-01-30 17:00:00', '2016-01-09 02:25:59', NULL, '2016-01-10 11:37:02', 'S001', '2001-01-30 17:00:00', NULL, 5, 1, 0, 0),
(19, '60001', '60001', 'Caramel Macchiato Hot/S', NULL, '80.00', '0.00', 0, 0, '2001-01-30 17:00:00', '2001-01-30 17:00:00', '2016-01-09 02:26:24', NULL, '2016-01-09 12:42:47', 'S001', '2001-01-30 17:00:00', NULL, 6, 1, 0, 0),
(20, '60002', '60002', 'Caramel Macchiato Hot/L', NULL, '95.00', '0.00', 0, 0, '2001-01-30 17:00:00', '2001-01-30 17:00:00', '2016-01-09 02:26:42', NULL, '2016-01-11 03:42:20', 'S001', '2001-01-30 17:00:00', NULL, 6, 1, 0, 0),
(21, '60003', '60003', 'Caramel Macchiato Iced', NULL, '110.00', '0.00', 0, 0, '2001-01-30 17:00:00', '2001-01-30 17:00:00', '2016-01-09 02:27:01', NULL, '2016-01-09 12:43:35', 'S001', '2001-01-30 17:00:00', NULL, 6, 1, 0, 0),
(22, '60004', '60004', 'Caramel Macchiato Frappe', NULL, '120.00', '0.00', 0, 0, '2001-01-30 17:00:00', '2001-01-30 17:00:00', '2016-01-09 02:27:39', NULL, '2016-01-09 12:43:50', 'S001', '2001-01-30 17:00:00', NULL, 6, 1, 0, 0),
(23, '70001', '70001', 'Matcha Hot/S', NULL, '75.00', '0.00', 0, 0, '2001-01-30 17:00:00', '2001-01-30 17:00:00', '2016-01-09 02:28:09', NULL, '2016-01-09 11:54:05', 'S001', '2001-01-30 17:00:00', NULL, 7, 1, 0, 0),
(24, '70002', '70002', 'Matcha Hot/L', NULL, '90.00', '0.00', 0, 0, '2001-01-30 17:00:00', '2001-01-30 17:00:00', '2016-01-09 02:28:31', NULL, '2016-01-09 11:54:16', 'S001', '2001-01-30 17:00:00', NULL, 7, 1, 0, 0),
(25, '70003', '70003', 'Matcha Iced', NULL, '105.00', '0.00', 0, 0, '2001-01-30 17:00:00', '2001-01-30 17:00:00', '2016-01-09 02:28:50', NULL, '2016-01-11 09:03:56', '004', '2001-01-30 17:00:00', NULL, 7, 1, 0, 0),
(26, '70004', '70004', 'Matcha Frappe', NULL, '115.00', '0.00', 0, 0, '2001-01-30 17:00:00', '2001-01-30 17:00:00', '2016-01-09 02:29:07', NULL, '2016-01-09 11:54:39', 'S001', '2001-01-30 17:00:00', NULL, 7, 1, 0, 0),
(27, '80001', '80001', 'Chocolate Hot/S', NULL, '60.00', '0.00', 0, 0, '2001-01-30 17:00:00', '2001-01-30 17:00:00', '2016-01-09 02:29:53', NULL, '2016-01-09 11:54:57', 'S001', '2001-01-30 17:00:00', NULL, 8, 1, 0, 0),
(28, '80002', '80002', 'Chocolate Hot/L', NULL, '75.00', '0.00', 0, 0, '2001-01-30 17:00:00', '2001-01-30 17:00:00', '2016-01-09 02:30:29', NULL, '2016-01-09 11:55:12', 'S001', '2001-01-30 17:00:00', NULL, 8, 1, 0, 0),
(29, '80003', '80003', 'Chocolate Iced', NULL, '90.00', '0.00', 0, 0, '2001-01-30 17:00:00', '2001-01-30 17:00:00', '2016-01-09 02:30:49', NULL, '2016-01-09 11:55:22', 'S001', '2001-01-30 17:00:00', NULL, 8, 1, 0, 0),
(30, '80004', '80004', 'Chocolate Frappe', NULL, '100.00', '0.00', 0, 0, '2001-01-30 17:00:00', '2001-01-30 17:00:00', '2016-01-09 02:31:15', NULL, '2016-01-09 11:55:33', 'S001', '2001-01-30 17:00:00', NULL, 8, 1, 0, 0),
(31, '90001', '90001', 'Twinings Tea Hot/S', NULL, '70.00', '0.00', 0, 0, '2001-01-30 17:00:00', '2001-01-30 17:00:00', '2016-01-09 02:31:39', NULL, '2016-03-08 10:18:28', '002', '2001-01-30 17:00:00', NULL, 9, 1, 0, 0),
(32, '90002', '90002', 'Twinings Tea Hot/L', NULL, '95.00', '0.00', 0, 0, '2001-01-30 17:00:00', '2001-01-30 17:00:00', '2016-01-09 02:32:12', NULL, '2016-01-10 11:25:01', 'S001', '2001-01-30 17:00:00', NULL, 9, 1, 0, 0),
(33, '90003', '90003', 'Chinese Tea -Oolong Tea Hot/S', NULL, '65.00', '0.00', 0, 0, '2001-01-30 17:00:00', '2001-01-30 17:00:00', '2016-01-09 02:32:30', NULL, '2016-01-09 12:03:40', 'S001', '2001-01-30 17:00:00', NULL, 9, 1, 0, 0),
(34, '90004', '90004', 'Chinese Tea-Oolong Tea Hot/L', NULL, '90.00', '0.00', 0, 0, '2001-01-30 17:00:00', '2001-01-30 17:00:00', '2016-01-09 02:32:51', NULL, '2016-01-09 12:02:14', 'S001', '2001-01-30 17:00:00', NULL, 9, 1, 0, 0),
(35, '100001', '100001', 'Strawberry ShortCake', NULL, '0.00', '0.00', 0, 0, '2001-01-30 17:00:00', '2001-01-30 17:00:00', '2016-01-09 02:35:52', NULL, '2016-01-09 11:33:29', 'S001', '2016-01-09 11:34:33', 'S001', 10, 4, 0, 0),
(36, '100002', '100002', 'Banoffee Pie', NULL, '95.00', '0.00', 0, 0, '2001-01-30 17:00:00', '2001-01-30 17:00:00', '2016-01-09 11:25:57', NULL, '2016-01-09 11:28:57', 'S001', '2016-01-09 11:34:25', 'S001', 10, 4, 0, 0),
(37, '100003', '100003', 'Lazy Lemon Cheesecake', NULL, '0.00', '0.00', 0, 0, '2001-01-30 17:00:00', '2001-01-30 17:00:00', '2016-01-09 11:33:14', NULL, '2016-01-09 11:33:53', 'S001', '2016-01-09 11:34:12', 'S001', 10, 4, 0, 0),
(38, '100001', '100001', 'Brownie\'s', '', '65.00', '29.00', 0, 0, '2001-01-30 17:00:00', '2001-01-30 17:00:00', '2016-01-09 11:35:28', NULL, '2016-07-24 03:39:15', 'S002', '2001-01-30 17:00:00', NULL, 10, 4, 0, 0),
(39, '100002', '100002', 'Straw swirl', NULL, '75.00', '0.00', 0, 0, '2001-01-30 17:00:00', '2001-01-30 17:00:00', '2016-01-09 11:36:33', NULL, '2016-07-24 03:39:31', 'S002', '2001-01-30 17:00:00', NULL, 10, 4, 0, 0),
(40, '100003', '100003', 'Lazy Lemon CheeseCake', NULL, '75.00', '0.00', 0, 0, '2001-01-30 17:00:00', '2001-01-30 17:00:00', '2016-01-09 11:37:19', NULL, '2016-02-19 03:55:37', 'S002', '2016-05-20 04:26:27', 'S002', 10, 4, 0, 0),
(41, '100004', '100004', 'Red Velvet', NULL, '75.00', '50.00', 0, 0, '2001-01-30 17:00:00', '2001-01-30 17:00:00', '2016-01-09 11:37:56', NULL, '2016-02-13 09:16:33', '003', '2016-05-20 04:27:11', 'S002', 10, 4, 0, 0),
(42, '100005', '100005', 'Chocolate Pudding Cake', NULL, '75.00', '0.00', 0, 0, '2001-01-30 17:00:00', '2001-01-30 17:00:00', '2016-01-09 11:38:42', NULL, '2016-07-24 03:39:41', 'S002', '2001-01-30 17:00:00', NULL, 10, 4, 0, 0),
(43, '100006', '100006', 'Dark Brownie With Whole Grains', NULL, '75.00', '0.00', 0, 0, '2001-01-30 17:00:00', '2001-01-30 17:00:00', '2016-01-09 11:39:42', NULL, '2016-02-19 03:56:47', 'S002', '2016-05-20 04:26:37', 'S002', 10, 4, 0, 0),
(44, '100007', '100007', 'CheeseCake With Honey-ed Peaches', NULL, '75.00', '0.00', 0, 0, '2001-01-30 17:00:00', '2001-01-30 17:00:00', '2016-01-09 11:40:37', NULL, '2016-02-19 03:56:34', 'S002', '2016-05-20 04:26:42', 'S002', 10, 4, 0, 0),
(45, '90005', '90005', 'Chinese Tea-Green Tea Hot/S', NULL, '65.00', '0.00', 0, 0, '2001-01-30 17:00:00', '2001-01-30 17:00:00', '2016-01-09 12:04:44', NULL, '2016-01-09 12:05:04', 'S001', '2001-01-30 17:00:00', NULL, 9, 1, 0, 0),
(46, '90006', '90006', 'Chinese Tea-Green Tea Hot/L', NULL, '90.00', '0.00', 0, 0, '2001-01-30 17:00:00', '2001-01-30 17:00:00', '2016-01-09 12:06:05', 'S001', '2001-01-30 17:00:00', NULL, '2001-01-30 17:00:00', NULL, 9, 1, 0, 0),
(47, '90007', '90007', 'Chinese Tea-Pu-erk Tea Hot/S', NULL, '65.00', '0.00', 0, 0, '2001-01-30 17:00:00', '2001-01-30 17:00:00', '2016-01-09 12:06:52', 'S001', '2001-01-30 17:00:00', NULL, '2001-01-30 17:00:00', NULL, 9, 1, 0, 0),
(48, '90008', '90008', 'Chinese Tea-Pu-erk Tea Hot/L', NULL, '90.00', '0.00', 0, 0, '2001-01-30 17:00:00', '2001-01-30 17:00:00', '2016-01-09 12:07:45', 'S001', '2001-01-30 17:00:00', NULL, '2001-01-30 17:00:00', NULL, 9, 1, 0, 0),
(49, '90009', '90009', 'Wild Berries On The Rock Iced Tea (Twinings)', NULL, '115.00', '0.00', 0, 0, '2001-01-30 17:00:00', '2001-01-30 17:00:00', '2016-01-09 12:10:21', NULL, '2016-04-29 08:20:38', '002', '2001-01-30 17:00:00', NULL, 9, 1, 0, 0),
(50, '90010', '90010', 'Four Red Fruit In Black Forest (Twinings)', NULL, '115.00', '0.00', 0, 0, '2001-01-30 17:00:00', '2001-01-30 17:00:00', '2016-01-09 12:11:40', NULL, '2016-01-09 12:13:05', 'S001', '2001-01-30 17:00:00', NULL, 9, 1, 0, 0),
(51, '90011', '90011', 'Peach Punch Iced Tea (Twinings)', NULL, '115.00', '0.00', 0, 0, '2001-01-30 17:00:00', '2001-01-30 17:00:00', '2016-01-09 12:12:42', NULL, '2016-04-29 08:20:10', '002', '2001-01-30 17:00:00', NULL, 9, 1, 0, 0),
(52, '00001', '00001', 'Now Water', NULL, '15.00', '0.00', 0, 0, '2001-01-30 17:00:00', '2001-01-30 17:00:00', '2016-01-09 12:47:11', NULL, '2016-02-28 07:52:32', 'S002', '2001-01-30 17:00:00', NULL, 0, 5, 0, 0),
(53, '110001', '110001', 'Vanilla Italian Soda', NULL, '60.00', '0.00', 0, 0, '2001-01-30 17:00:00', '2001-01-30 17:00:00', '2016-01-09 12:49:35', NULL, '2016-01-09 12:50:06', 'S001', '2016-04-29 08:20:51', '002', 11, 1, 0, 0),
(54, '110002', '110002', 'Raspberry Italian Soda', NULL, '60.00', '0.00', 0, 0, '2001-01-30 17:00:00', '2001-01-30 17:00:00', '2016-01-09 12:51:11', 'S001', '2001-01-30 17:00:00', NULL, '2016-04-29 08:21:12', '002', 11, 1, 0, 0),
(55, '110003', '110003', 'Blueberry Italian Soda', NULL, '60.00', '0.00', 0, 0, '2001-01-30 17:00:00', '2001-01-30 17:00:00', '2016-01-09 12:51:47', NULL, '2016-01-10 09:34:34', 'S001', '2016-04-29 08:21:16', '002', 11, 1, 0, 0),
(56, '110004', '110004', 'Tangerine Italian Soda', NULL, '60.00', '0.00', 0, 0, '2001-01-30 17:00:00', '2001-01-30 17:00:00', '2016-01-09 12:52:29', 'S001', '2001-01-30 17:00:00', NULL, '2016-04-29 08:21:21', '002', 11, 1, 0, 0),
(57, '110005', '110005', 'Peach Italian Soda', NULL, '60.00', '0.00', 0, 0, '2001-01-30 17:00:00', '2001-01-30 17:00:00', '2016-01-09 12:52:51', 'S001', '2001-01-30 17:00:00', NULL, '2016-04-29 08:21:26', '002', 11, 1, 0, 0),
(58, '110006', '110006', 'Curacao Italian Soda', NULL, '60.00', '0.00', 0, 0, '2001-01-30 17:00:00', '2001-01-30 17:00:00', '2016-01-09 12:53:29', 'S001', '2001-01-30 17:00:00', NULL, '2016-04-29 08:21:33', '002', 11, 1, 0, 0),
(59, '110007', '110007', 'Banana Italian Soda', NULL, '60.00', '0.00', 0, 0, '2001-01-30 17:00:00', '2001-01-30 17:00:00', '2016-01-09 12:53:50', 'S001', '2001-01-30 17:00:00', NULL, '2016-04-29 08:21:37', '002', 11, 1, 0, 0),
(60, '110008', '110008', 'Kiwi Italian Soda', NULL, '60.00', '0.00', 0, 0, '2001-01-30 17:00:00', '2001-01-30 17:00:00', '2016-01-09 12:54:15', 'S001', '2001-01-30 17:00:00', NULL, '2016-04-29 08:21:43', '002', 11, 1, 0, 0),
(61, '110009', '110009', 'Melon Italian Soda', NULL, '60.00', '0.00', 0, 0, '2001-01-30 17:00:00', '2001-01-30 17:00:00', '2016-01-09 12:54:37', 'S001', '2001-01-30 17:00:00', NULL, '2016-04-29 08:21:48', '002', 11, 1, 0, 0),
(62, '110010', '110010', 'Apple Italian Soda', NULL, '60.00', '0.00', 0, 0, '2001-01-30 17:00:00', '2001-01-30 17:00:00', '2016-01-09 12:55:01', 'S001', '2001-01-30 17:00:00', NULL, '2016-04-29 08:21:52', '002', 11, 1, 0, 0),
(63, '110012', '110012', 'Hazelnut Italian Soda', NULL, '60.00', '0.00', 0, 0, '2001-01-30 17:00:00', '2001-01-30 17:00:00', '2016-01-09 12:55:29', 'S001', '2001-01-30 17:00:00', NULL, '2016-04-29 08:21:56', '002', 11, 1, 0, 0),
(64, '110013', '110013', 'Caramel Italian Soda', NULL, '60.00', '0.00', 0, 0, '2001-01-30 17:00:00', '2001-01-30 17:00:00', '2016-01-09 12:55:56', 'S001', '2001-01-30 17:00:00', NULL, '2016-04-29 08:22:00', '002', 11, 1, 0, 0),
(65, '110014', '110014', 'Italian Soda', NULL, '60.00', '20.00', 0, 0, '2001-01-30 17:00:00', '2001-01-30 17:00:00', '2016-01-09 12:56:20', NULL, '2016-02-11 04:55:07', 'S002', '2001-01-30 17:00:00', NULL, 11, 1, 0, 0),
(66, '120001', '120001', '+Whipped Cream', NULL, '15.00', '0.00', 0, 0, '2001-01-30 17:00:00', '2001-01-30 17:00:00', '2016-01-10 09:25:48', NULL, '2016-01-10 09:29:13', 'S001', '2001-01-30 17:00:00', NULL, 12, 0, 0, 0),
(67, '120002', '120002', '+Coffee Shot', NULL, '20.00', '0.00', 0, 0, '2001-01-30 17:00:00', '2001-01-30 17:00:00', '2016-01-10 09:26:17', NULL, '2016-01-10 09:29:24', 'S001', '2001-01-30 17:00:00', NULL, 12, 0, 0, 0),
(68, '100011', '100011', 'Carrot cakes', 'serve w/o cup', '95.00', '50.00', 0, 0, '2001-01-30 17:00:00', '2001-01-30 17:00:00', '2016-01-11 07:11:05', NULL, '2016-02-12 10:50:04', '003', '2016-05-20 04:26:46', 'S002', 10, 4, 0, 0),
(69, '100009', '100009', 'Strawberry shortcake', 'in jar', '95.00', '50.00', 0, 0, '2001-01-30 17:00:00', '2001-01-30 17:00:00', '2016-01-11 07:35:36', NULL, '2016-01-12 06:30:20', '003', '2016-05-20 04:26:50', 'S002', 10, 0, 0, 0),
(70, '100010', '100010', 'Granola\'s', 'Chockolate\nBerries', '95.00', '50.00', 0, 0, '2001-01-30 17:00:00', '2001-01-30 17:00:00', '2016-01-12 06:40:02', NULL, '2016-01-13 09:01:37', '004', '2016-05-20 04:26:56', 'S002', 10, 6, 0, 0),
(71, '120003', '120003', 'Acacia honey', 'additoinal\'s option', '20.00', '15.00', 0, 0, '2001-01-30 17:00:00', '2001-01-30 17:00:00', '2016-01-12 07:38:06', NULL, '2016-02-11 04:49:56', 'S002', '2016-02-21 04:01:01', 'S002', 1, 6, 0, 0),
(72, '100012', '100012', 'Brownie\'s', 'Chokolate6\nBlueBeries20\n', '40.00', '13.00', 0, 0, '2001-01-30 17:00:00', '2001-01-30 17:00:00', '2016-01-26 10:58:29', NULL, '2016-02-12 10:50:57', '003', '2016-02-12 10:51:51', '003', 10, 4, 0, 0),
(73, '990001', '990001', '', NULL, '15000.00', '0.00', 0, 0, '2001-01-30 17:00:00', '2001-01-30 17:00:00', '2016-02-11 02:52:15', 'S002', '2001-01-30 17:00:00', NULL, '2001-01-30 17:00:00', NULL, 0, 0, 0, 0),
(74, '100008', '100008', 'Orange Cake', NULL, '75.00', '40.00', 0, 0, '2001-01-30 17:00:00', '2001-01-30 17:00:00', '2016-02-19 03:46:32', NULL, '2016-07-24 03:39:56', 'S002', '2001-01-30 17:00:00', NULL, 10, 4, 0, 0),
(75, '100012', '100012', 'White Chocolate Cake', NULL, '75.00', '50.00', 0, 0, '2001-01-30 17:00:00', '2001-01-30 17:00:00', '2016-02-21 03:59:54', NULL, '2016-07-24 03:40:07', 'S002', '2001-01-30 17:00:00', NULL, 10, 4, 0, 0),
(76, 'N-001', 'N-001', ' ', NULL, '0.00', '0.00', 0, 0, '2001-01-30 17:00:00', '2001-01-30 17:00:00', '2016-02-28 07:58:42', 'S002', '2001-01-30 17:00:00', NULL, '2016-02-28 08:02:56', 'S002', 0, 0, 0, 0),
(77, '100013', '100013', 'Blue Berry Cheese Pie', NULL, '75.00', '0.00', 0, 0, '2001-01-30 17:00:00', '2001-01-30 17:00:00', '2016-03-06 11:18:59', NULL, '2016-07-24 03:40:15', 'S002', '2001-01-30 17:00:00', NULL, 10, 4, 0, 0),
(78, '80005', NULL, 'Plain Yogurt', NULL, '85.00', '25.00', 0, 0, '2001-01-30 17:00:00', '2001-01-30 17:00:00', '2016-04-04 07:44:15', NULL, '2016-04-04 08:12:11', '003', '2001-01-30 17:00:00', NULL, 14, 0, 0, 0),
(79, '100008', NULL, 'concord cake', NULL, '85.00', '0.00', 0, 0, '2001-01-30 17:00:00', '2001-01-30 17:00:00', '2016-04-25 05:31:55', '003', '2001-01-30 17:00:00', NULL, '2016-04-25 05:34:33', '003', 0, 0, 0, 0),
(80, '100014', NULL, 'opera', NULL, '85.00', '0.00', 0, 0, '2001-01-30 17:00:00', '2001-01-30 17:00:00', '2016-04-25 05:32:41', NULL, '2016-07-24 03:40:23', 'S002', '2001-01-30 17:00:00', NULL, 10, 4, 0, 0),
(81, '100015', '100015', 'Kringle', NULL, '65.00', '0.00', 0, 0, '2001-01-30 17:00:00', '2001-01-30 17:00:00', '2016-04-29 08:17:47', NULL, '2016-07-24 03:40:37', 'S002', '2001-01-30 17:00:00', NULL, 10, 4, 0, 0),
(82, NULL, NULL, 'Strawberry', NULL, '0.00', '0.00', 0, 0, '2001-01-30 17:00:00', '2001-01-30 17:00:00', '2016-05-07 04:58:51', 'S002', '2001-01-30 17:00:00', NULL, '2016-05-18 10:32:55', 'S002', 12, 0, 0, 0),
(83, 'D_01', 'D_01', 'Triple Chocolate Moouse', NULL, '95.00', '0.00', 0, 0, '2001-01-30 17:00:00', '2001-01-30 17:00:00', '2016-05-20 04:24:24', NULL, '2016-07-24 03:40:44', 'S002', '2001-01-30 17:00:00', NULL, 10, 4, 0, 0),
(84, 'D_02', 'D_02', 'Yamroll', NULL, '40.00', '0.00', 0, 0, '2001-01-30 17:00:00', '2001-01-30 17:00:00', '2016-05-23 11:14:52', NULL, '2016-07-24 03:38:49', 'S002', '2001-01-30 17:00:00', NULL, 10, 4, 0, 0),
(85, 'D_03', 'D_03', 'Red Velvet', NULL, '75.00', '0.00', 0, 0, '2001-01-30 17:00:00', '2001-01-30 17:00:00', '2016-05-29 07:22:16', 'S002', '2001-01-30 17:00:00', NULL, '2001-01-30 17:00:00', NULL, 10, 0, 0, 0),
(86, 'D_04', 'D_04', 'Caramel Cheesecake', NULL, '75.00', '0.00', 0, 0, '2001-01-30 17:00:00', '2001-01-30 17:00:00', '2016-05-29 07:22:47', 'S002', '2001-01-30 17:00:00', NULL, '2001-01-30 17:00:00', NULL, 10, 0, 0, 0),
(87, '100016', '100016', 'Chocolate tart', NULL, '75.00', '0.00', 0, 0, '2001-01-30 17:00:00', '2001-01-30 17:00:00', '2016-06-14 08:10:22', NULL, '2016-06-14 08:12:30', '003', '2001-01-30 17:00:00', NULL, 10, 0, 0, 0),
(88, '100017', '100017', 'Apple Crumble Cheese Cake', NULL, '85.00', '0.00', 0, 0, '2001-01-30 17:00:00', '2001-01-30 17:00:00', '2016-06-14 08:14:12', '003', '2001-01-30 17:00:00', NULL, '2001-01-30 17:00:00', NULL, 10, 0, 0, 0),
(89, '100018', '100018', 'Blueberry Crumble', NULL, '85.00', '0.00', 0, 0, '2001-01-30 17:00:00', '2001-01-30 17:00:00', '2016-06-14 08:15:25', '003', '2001-01-30 17:00:00', NULL, '2001-01-30 17:00:00', NULL, 10, 0, 0, 0),
(90, NULL, NULL, 'Sandwich', NULL, '55.00', '0.00', 0, 0, '2001-01-30 17:00:00', '2001-01-30 17:00:00', '2016-06-16 05:33:21', NULL, '2016-06-16 05:40:02', 'S002', '2016-06-16 05:48:33', 'S002', 10, 4, 0, 0),
(91, '', NULL, 'Sandwitch', NULL, '55.00', '0.00', 0, 0, '2001-01-30 17:00:00', '2001-01-30 17:00:00', '2016-06-16 05:51:04', NULL, '2016-06-16 05:53:36', 'S002', '2016-06-16 06:00:17', 'S002', 10, 0, 0, 0),
(92, 'F_001', 'F_001', 'Sandwich', NULL, '55.00', '0.00', 0, 0, '2001-01-30 17:00:00', '2001-01-30 17:00:00', '2016-06-17 07:21:21', 'S002', '2001-01-30 17:00:00', NULL, '2001-01-30 17:00:00', NULL, 10, 4, 0, 0),
(93, 'D_05', 'D_05', 'Pink Lady', NULL, '75.00', '0.00', 0, 0, '2001-01-30 17:00:00', '2001-01-30 17:00:00', '2016-06-26 05:24:41', NULL, '2016-06-26 05:26:35', 'S002', '2001-01-30 17:00:00', NULL, 10, 4, 0, 0),
(94, 'D_06', 'D_06', 'Vanilla Crepe', NULL, '75.00', '0.00', 0, 0, '2001-01-30 17:00:00', '2001-01-30 17:00:00', '2016-06-26 05:26:28', 'S002', '2001-01-30 17:00:00', NULL, '2001-01-30 17:00:00', NULL, 10, 4, 0, 0),
(95, 'D_07', 'D_07', 'Lemon Cheesecake', NULL, '75.00', '0.00', 0, 0, '2001-01-30 17:00:00', '2001-01-30 17:00:00', '2016-07-01 11:27:49', 'S002', '2001-01-30 17:00:00', NULL, '2001-01-30 17:00:00', NULL, 10, 0, 0, 0),
(96, 'D_08', 'D_08', 'Cookies', NULL, '100.00', '0.00', 0, 0, '2001-01-30 17:00:00', '2001-01-30 17:00:00', '2016-07-03 07:56:41', NULL, '2016-07-03 07:58:36', 'S002', '2001-01-30 17:00:00', NULL, 10, 0, 0, 0),
(97, 'D-09', 'D-09', 'Ovaltine Crepe Cake', NULL, '85.00', '0.00', 0, 0, '2001-01-30 17:00:00', '2001-01-30 17:00:00', '2016-07-07 10:48:04', 'S002', '2001-01-30 17:00:00', NULL, '2001-01-30 17:00:00', NULL, 10, 0, 0, 0),
(98, '9780029011683', '9780029011683', 'Princess Color & Play', ' 20%', '48.00', '0.00', 0, 0, '2001-01-30 17:00:00', '2001-01-30 17:00:00', '2016-01-09 01:56:48', NULL, '2016-01-09 01:57:34', 'S001', '2001-01-30 17:00:00', NULL, 16, 7, 0, 0),
(99, '9780029011690', '9780029011690', 'Frozen Color & Play', ' 20%', '48.00', '0.00', 0, 0, '2001-01-30 17:00:00', '2001-01-30 17:00:00', '2016-01-09 01:56:48', NULL, '2016-01-09 01:57:34', 'S001', '2001-01-30 17:00:00', NULL, 16, 7, 0, 0),
(100, '9780209013681', '9780209013681', '+', ' 20%', '63.00', '0.00', 0, 0, '2001-01-30 17:00:00', '2001-01-30 17:00:00', '2016-01-09 01:56:48', NULL, '2016-01-09 01:57:34', 'S001', '2001-01-30 17:00:00', NULL, 16, 7, 0, 0),
(101, '9786162241321', '9786162241321', ' ', ' 20%', '220.00', '0.00', 0, 0, '2001-01-30 17:00:00', '2001-01-30 17:00:00', '2016-01-09 01:56:48', NULL, '2016-01-09 01:57:34', 'S001', '2001-01-30 17:00:00', NULL, 16, 7, 0, 0),
(102, '9786162241628', '9786162241628', '', ' 20%', '280.00', '0.00', 0, 0, '2001-01-30 17:00:00', '2001-01-30 17:00:00', '2016-01-09 01:56:48', NULL, '2016-01-09 01:57:34', 'S001', '2001-01-30 17:00:00', NULL, 16, 7, 0, 0),
(103, '9780109014955', '9780109014955', 'DORAEMON ANIMATION (DMI 1-10)', ' 20%', '1400.00', '0.00', 0, 0, '2001-01-30 17:00:00', '2001-01-30 17:00:00', '2016-01-09 01:56:48', NULL, '2016-01-09 01:57:34', 'S001', '2001-01-30 17:00:00', NULL, 16, 7, 0, 0),
(104, '9780109015341', '9780109015341', ' 1-45', ' 20%', '1980.00', '0.00', 0, 0, '2001-01-30 17:00:00', '2001-01-30 17:00:00', '2016-01-09 01:56:48', NULL, '2016-01-09 01:57:34', 'S001', '2001-01-30 17:00:00', NULL, 16, 7, 0, 0),
(105, '9780109015198', '9780109015198', 'DORABASE ', ' 20%', '1564.00', '0.00', 0, 0, '2001-01-30 17:00:00', '2001-01-30 17:00:00', '2016-01-09 01:56:48', NULL, '2016-01-09 01:57:34', 'S001', '2001-01-30 17:00:00', NULL, 16, 7, 0, 0),
(106, '9780109014207', '9780109014207', ' 1-10 + ', ' 20%', '1199.00', '0.00', 0, 0, '2001-01-30 17:00:00', '2001-01-30 17:00:00', '2016-01-09 01:56:48', NULL, '2016-01-09 01:57:34', 'S001', '2001-01-30 17:00:00', NULL, 16, 7, 0, 0),
(107, '9780109014214', '9780109014214', ' 11-20 + ', ' 20%', '1199.00', '0.00', 0, 0, '2001-01-30 17:00:00', '2001-01-30 17:00:00', '2016-01-09 01:56:48', NULL, '2016-01-09 01:57:34', 'S001', '2001-01-30 17:00:00', NULL, 16, 7, 0, 0),
(108, '9786162241673', '9786162241673', 'JO JO Lion  11', ' 20%', '44.00', '0.00', 0, 0, '2001-01-30 17:00:00', '2001-01-30 17:00:00', '2016-01-09 01:56:48', NULL, '2016-01-09 01:57:34', 'S001', '2001-01-30 17:00:00', NULL, 16, 7, 0, 0),
(109, '9786165156486', '9786165156486', ' ', ' 20%', '156.00', '0.00', 0, 0, '2001-01-30 17:00:00', '2001-01-30 17:00:00', '2016-01-09 01:56:48', NULL, '2016-01-09 01:57:34', 'S001', '2001-01-30 17:00:00', NULL, 16, 7, 0, 0),
(110, '9786162241802', '9786162241802', 'One-punch man  5', ' 20%', '52.00', '0.00', 0, 0, '2001-01-30 17:00:00', '2001-01-30 17:00:00', '2016-01-09 01:56:48', NULL, '2016-01-09 01:57:34', 'S001', '2001-01-30 17:00:00', NULL, 16, 7, 0, 0),
(111, '9786163232533', '9786163232533', '   1', ' 20%', '44.00', '0.00', 0, 0, '2001-01-30 17:00:00', '2001-01-30 17:00:00', '2016-01-09 01:56:48', NULL, '2016-01-09 01:57:34', 'S001', '2001-01-30 17:00:00', NULL, 16, 7, 0, 0),
(112, '9786165156509', '9786165156509', ' ', ' 20%', '236.00', '0.00', 0, 0, '2001-01-30 17:00:00', '2001-01-30 17:00:00', '2016-01-09 01:56:48', NULL, '2016-01-09 01:57:34', 'S001', '2001-01-30 17:00:00', NULL, 16, 7, 0, 0),
(113, '9786165156462', '9786165156462', '  ', ' 20%', '316.00', '0.00', 0, 0, '2001-01-30 17:00:00', '2001-01-30 17:00:00', '2016-01-09 01:56:48', NULL, '2016-01-09 01:57:34', 'S001', '2001-01-30 17:00:00', NULL, 16, 7, 0, 0),
(114, '9786165151702', '9786165151702', '  ()', ' 20%', '476.00', '0.00', 0, 0, '2001-01-30 17:00:00', '2001-01-30 17:00:00', '2016-01-09 01:56:48', NULL, '2016-01-09 01:57:34', 'S001', '2001-01-30 17:00:00', NULL, 16, 7, 0, 0),
(115, '9786165151719', '9786165151719', '  ()', ' 20%', '316.00', '0.00', 0, 0, '2001-01-30 17:00:00', '2001-01-30 17:00:00', '2016-01-09 01:56:48', NULL, '2016-01-09 01:57:34', 'S001', '2001-01-30 17:00:00', NULL, 16, 7, 0, 0),
(116, '9786165156196', '9786165156196', '  Google', ' 20%', '236.00', '0.00', 0, 0, '2001-01-30 17:00:00', '2001-01-30 17:00:00', '2016-01-09 01:56:48', NULL, '2016-01-09 01:57:34', 'S001', '2001-01-30 17:00:00', NULL, 16, 7, 0, 0),
(117, '9786165155991', '9786165155991', 'HARD CHOICE  ', ' 20%', '440.00', '0.00', 0, 0, '2001-01-30 17:00:00', '2001-01-30 17:00:00', '2016-01-09 01:56:48', NULL, '2016-01-09 01:57:34', 'S001', '2001-01-30 17:00:00', NULL, 16, 7, 0, 0),
(118, '9786165155656', '9786165155656', '', ' 20%', '148.00', '0.00', 0, 0, '2001-01-30 17:00:00', '2001-01-30 17:00:00', '2016-01-09 01:56:48', NULL, '2016-01-09 01:57:34', 'S001', '2001-01-30 17:00:00', NULL, 16, 7, 0, 0),
(119, '9786165156493', '9786165156493', '', ' 20%', '236.00', '0.00', 0, 0, '2001-01-30 17:00:00', '2001-01-30 17:00:00', '2016-01-09 01:56:48', NULL, '2016-01-09 01:57:34', 'S001', '2001-01-30 17:00:00', NULL, 16, 7, 0, 0),
(120, '9786165156226', '9786165156226', '  ', ' 20%', '200.00', '0.00', 0, 0, '2001-01-30 17:00:00', '2001-01-30 17:00:00', '2016-01-09 01:56:48', NULL, '2016-01-09 01:57:34', 'S001', '2001-01-30 17:00:00', NULL, 16, 7, 0, 0),
(121, '9786165156332', '9786165156332', ' ', ' 20%', '200.00', '0.00', 0, 0, '2001-01-30 17:00:00', '2001-01-30 17:00:00', '2016-01-09 01:56:48', NULL, '2016-01-09 01:57:34', 'S001', '2001-01-30 17:00:00', NULL, 16, 7, 0, 0),
(122, '9786165155861', '9786165155861', '', ' 20%', '300.00', '0.00', 0, 0, '2001-01-30 17:00:00', '2001-01-30 17:00:00', '2016-01-09 01:56:48', NULL, '2016-01-09 01:57:34', 'S001', '2001-01-30 17:00:00', NULL, 16, 7, 0, 0),
(123, 'D-10', 'D-10', 'Croissant', NULL, '30.00', '7.00', 0, 0, '2001-01-30 17:00:00', '2001-01-30 17:00:00', '2016-07-14 04:15:13', NULL, '2016-07-14 04:18:21', 'S002', '2001-01-30 17:00:00', NULL, 10, 4, 0, 0),
(124, 'D-11', 'D-11', 'Classic minidots', NULL, '30.00', '9.00', 0, 0, '2001-01-30 17:00:00', '2001-01-30 17:00:00', '2016-07-14 04:16:55', NULL, '2016-07-14 04:18:30', 'S002', '2001-01-30 17:00:00', NULL, 10, 4, 0, 0),
(125, 'D-12', 'D-12', 'Choc minidots', NULL, '30.00', '9.00', 0, 0, '2001-01-30 17:00:00', '2001-01-30 17:00:00', '2016-07-14 04:17:43', 'S002', '2001-01-30 17:00:00', NULL, '2001-01-30 17:00:00', NULL, 10, 4, 0, 0),
(126, 'D-13', 'D-13', 'Rolo choc', NULL, '45.00', '23.00', 0, 0, '2001-01-30 17:00:00', '2001-01-30 17:00:00', '2016-07-14 04:19:28', 'S002', '2001-01-30 17:00:00', NULL, '2001-01-30 17:00:00', NULL, 10, 4, 0, 0);

-- --------------------------------------------------------

--
-- Table structure for table `_itemattribute`
--

CREATE TABLE `_itemattribute` (
  `attributeIndex` int(11) NOT NULL,
  `name` varchar(120) CHARACTER SET ucs2 NOT NULL,
  `description` varchar(256) CHARACTER SET latin1 DEFAULT NULL,
  `CRE_DTE` datetime DEFAULT NULL,
  `CRE_USR` varchar(5) CHARACTER SET ucs2 DEFAULT NULL,
  `UPD_DTE` datetime DEFAULT NULL,
  `UPD_USR` varchar(5) CHARACTER SET ucs2 DEFAULT NULL,
  `DEL_DTE` datetime DEFAULT NULL,
  `DEL_USR` varchar(5) CHARACTER SET ucs2 DEFAULT NULL
) ENGINE=InnoDB DEFAULT CHARSET=utf8;

-- --------------------------------------------------------

--
-- Table structure for table `_itemcatagory`
--

CREATE TABLE `_itemcatagory` (
  `itemCatagoryIndex` int(11) NOT NULL,
  `catagory` varchar(50) DEFAULT NULL,
  `CRE_DTE` datetime DEFAULT NULL,
  `CRE_USR` varchar(5) DEFAULT NULL,
  `UPD_DTE` datetime DEFAULT NULL,
  `UPD_USR` varchar(5) DEFAULT NULL,
  `DEL_DTE` datetime DEFAULT NULL,
  `DEL_USR` varchar(5) DEFAULT NULL
) ENGINE=InnoDB DEFAULT CHARSET=utf8 COMMENT='Prepare to Drop this table in DB Ver. 2.15';

--
-- Dumping data for table `_itemcatagory`
--

INSERT INTO `_itemcatagory` (`itemCatagoryIndex`, `catagory`, `CRE_DTE`, `CRE_USR`, `UPD_DTE`, `UPD_USR`, `DEL_DTE`, `DEL_USR`) VALUES
(1, 'Espresso', NULL, NULL, NULL, NULL, NULL, NULL),
(2, 'Americano', NULL, NULL, NULL, NULL, NULL, NULL),
(3, 'Latte', NULL, NULL, NULL, NULL, NULL, NULL),
(4, 'Cappuccino', NULL, NULL, NULL, NULL, NULL, NULL),
(5, 'Mocha', '2016-01-09 12:39:30', NULL, '2016-01-10 11:24:20', 'S001', '2016-01-09 12:39:30', NULL),
(6, 'Caramel', NULL, NULL, NULL, NULL, NULL, NULL),
(7, 'Matcha', NULL, NULL, NULL, NULL, NULL, NULL),
(8, 'Chocolate', NULL, NULL, NULL, NULL, NULL, NULL),
(9, 'Tea', NULL, NULL, NULL, NULL, NULL, NULL),
(10, 'Dessert', NULL, NULL, NULL, NULL, NULL, NULL),
(11, 'Italian Soda', '2016-01-09 12:48:53', 'S001', '2001-01-30 17:00:00', NULL, '2001-01-30 17:00:00', NULL),
(12, 'Option', '2016-01-10 09:25:13', 'S001', '2001-01-30 17:00:00', NULL, '2001-01-30 17:00:00', NULL),
(13, 'Plian Yogurt', '2016-04-04 07:46:24', '002', '2001-01-30 17:00:00', NULL, '2016-04-04 08:12:21', '003'),
(14, 'Plain Yogurt', '2016-04-04 08:12:46', '003', '2001-01-30 17:00:00', NULL, '2001-01-30 17:00:00', NULL),
(15, 'Sandwich', '2016-06-16 05:37:16', 'S002', '2001-01-30 17:00:00', NULL, '2016-06-16 05:50:48', 'S002'),
(16, 'Book', '2016-07-11 09:33:54', 'S001', '2001-01-30 17:00:00', NULL, '2001-01-30 17:00:00', NULL);

-- --------------------------------------------------------

--
-- Table structure for table `_itemcategory`
--

CREATE TABLE `_itemcategory` (
  `itemCategoryIndex` int(11) NOT NULL,
  `name` varchar(120) DEFAULT NULL,
  `attributeIndex` int(11) DEFAULT '0' COMMENT '_itemCategory.attribute\n0 : Normal Goods\n1 : _BOS - Bundle Or Set (of Items)\n2 : Topping (); Opt1\n3 : Option () ; Opt2\n4 : Service\n5 : Advance Money\n6 : Promotion\n\n',
  `parentCategoryIndex` int(11) DEFAULT NULL,
  `description` varchar(256) DEFAULT NULL,
  `CRE_DTE` datetime DEFAULT NULL,
  `CRE_USR` varchar(5) DEFAULT NULL,
  `UPD_DTE` datetime DEFAULT NULL,
  `UPD_USR` varchar(5) DEFAULT NULL,
  `DEL_DTE` datetime DEFAULT NULL,
  `DEL_USR` varchar(5) DEFAULT NULL
) ENGINE=InnoDB DEFAULT CHARSET=utf8;

-- --------------------------------------------------------

--
-- Table structure for table `_itemlocation`
--

CREATE TABLE `_itemlocation` (
  `itemLocationIndex` int(11) NOT NULL,
  `location` varchar(50) DEFAULT NULL,
  `CRE_DTE` datetime DEFAULT NULL,
  `CRE_USR` varchar(5) DEFAULT NULL,
  `UPD_DTE` datetime DEFAULT NULL,
  `UPD_USR` varchar(5) DEFAULT NULL,
  `DEL_DTE` datetime DEFAULT NULL,
  `DEL_USR` varchar(5) DEFAULT NULL
) ENGINE=InnoDB DEFAULT CHARSET=utf8;

-- --------------------------------------------------------

--
-- Table structure for table `_itemsize`
--

CREATE TABLE `_itemsize` (
  `itemSizeIndex` int(11) NOT NULL,
  `size` varchar(30) DEFAULT NULL,
  `CRE_DTE` datetime DEFAULT NULL,
  `CRE_USR` varchar(5) DEFAULT NULL,
  `UPD_DTE` datetime DEFAULT NULL,
  `UPD_USR` varchar(5) DEFAULT NULL,
  `DEL_DTE` datetime DEFAULT NULL,
  `DEL_USR` varchar(5) DEFAULT NULL
) ENGINE=InnoDB DEFAULT CHARSET=utf8;

-- --------------------------------------------------------

--
-- Stand-in structure for view `_itemsku`
-- (See below for the actual view)
--
CREATE TABLE `_itemsku` (
`itemIndex` int(11)
,`itemID` varchar(15)
,`itembarcodeID` varchar(15)
,`itemName` varchar(128)
,`itemDetail` varchar(512)
,`SKUPrice` decimal(10,2)
,`itemCategoryIndex` int(11)
,`itemSizeIndex` int(11)
,`itemUnitIndex` int(11)
,`unit` varchar(50)
,`unitCategoryIndex` int(11)
,`referenceUnitIndex` int(11)
,`type` int(11)
,`ratio` double
,`precision` double
);

-- --------------------------------------------------------

--
-- Table structure for table `_itemunit`
--

CREATE TABLE `_itemunit` (
  `itemUnitIndex` int(11) NOT NULL,
  `unit` varchar(50) DEFAULT NULL,
  `CRE_DTE` datetime DEFAULT NULL,
  `CRE_USR` varchar(5) DEFAULT NULL,
  `UPD_DTE` datetime DEFAULT NULL,
  `UPD_USR` varchar(5) DEFAULT NULL,
  `DEL_DTE` datetime DEFAULT NULL,
  `DEL_USR` varchar(5) DEFAULT NULL,
  `unitCategoryIndex` int(11) DEFAULT NULL,
  `referenceUnitIndex` int(11) DEFAULT '0',
  `type` int(11) DEFAULT '0',
  `ratio` double DEFAULT NULL,
  `precision` double DEFAULT '0.01'
) ENGINE=InnoDB DEFAULT CHARSET=utf8;

--
-- Dumping data for table `_itemunit`
--

INSERT INTO `_itemunit` (`itemUnitIndex`, `unit`, `CRE_DTE`, `CRE_USR`, `UPD_DTE`, `UPD_USR`, `DEL_DTE`, `DEL_USR`, `unitCategoryIndex`, `referenceUnitIndex`, `type`, `ratio`, `precision`) VALUES
(1, '', '2016-11-05 10:29:24', NULL, '2016-11-05 10:32:03', 'S004', '2016-11-05 10:31:21', NULL, NULL, 0, 0, NULL, 0.01),
(2, '', NULL, NULL, NULL, NULL, NULL, NULL, NULL, 0, 0, NULL, 0.01),
(3, '', NULL, NULL, NULL, NULL, NULL, NULL, NULL, 0, 0, NULL, 0.01),
(4, '', '2014-05-18 00:37:59', 'S001', '2001-01-30 17:00:00', NULL, '2001-01-30 17:00:00', NULL, NULL, 0, 0, NULL, 0.01),
(5, '', '2016-01-09 12:46:59', 'S001', '2001-01-30 17:00:00', NULL, '2001-01-30 17:00:00', NULL, NULL, 0, 0, NULL, 0.01),
(6, '', '2016-01-13 09:02:46', '004', '2001-01-30 17:00:00', NULL, '2001-01-30 17:00:00', NULL, NULL, 0, 0, NULL, 0.01),
(7, '', '2016-01-13 09:02:46', 'ADMIN', '2001-01-30 17:00:00', NULL, '2001-01-30 17:00:00', NULL, NULL, 0, 0, NULL, 0.01);

-- --------------------------------------------------------

--
-- Table structure for table `_myuser`
--

CREATE TABLE `_myuser` (
  `userIndex` int(11) NOT NULL,
  `userID` varchar(5) DEFAULT NULL,
  `fullname` varchar(50) DEFAULT NULL,
  `myusername` varchar(10) DEFAULT NULL,
  `mypassword` varchar(8) DEFAULT NULL,
  `userClass` int(11) DEFAULT NULL,
  `branchIndex` int(11) DEFAULT NULL,
  `CRE_DTE` datetime DEFAULT NULL,
  `CRE_USR` varchar(5) DEFAULT NULL,
  `UPD_DTE` datetime DEFAULT NULL,
  `UPD_USR` varchar(5) DEFAULT NULL,
  `DEL_DTE` datetime DEFAULT NULL,
  `DEL_USR` varchar(5) DEFAULT NULL
) ENGINE=InnoDB DEFAULT CHARSET=utf8;

--
-- Dumping data for table `_myuser`
--

INSERT INTO `_myuser` (`userIndex`, `userID`, `fullname`, `myusername`, `mypassword`, `userClass`, `branchIndex`, `CRE_DTE`, `CRE_USR`, `UPD_DTE`, `UPD_USR`, `DEL_DTE`, `DEL_USR`) VALUES
(3, 'S001', '', '4444', '4444', 1, 0, '2012-02-06 00:00:00', 'ADMIN', '2013-05-17 13:51:02', NULL, '2013-08-17 04:26:43', NULL),
(4, 'S002', ' ', '2540', '2540', 2, 0, '2014-05-17 00:00:00', 'S001', NULL, NULL, NULL, NULL),
(5, '002', ' ', '2002', '2002', 2, 0, '2014-05-17 00:00:00', 'S001', NULL, NULL, NULL, NULL),
(6, '003', ' ', 'term', '1993', 2, 0, '2014-05-17 00:00:00', 'S001', NULL, NULL, NULL, NULL),
(7, '004', '', '2015', '2015', 1, 0, '2014-05-17 00:00:00', 'S001', '2016-01-13 09:33:10', NULL, '2016-01-13 09:33:10', NULL),
(12, 'S004', 'Admin', '5555', '5555', 2, 0, '2014-05-17 00:00:00', 'S001', '2016-11-03 03:16:21', 'S004', '2016-01-13 09:33:10', NULL);

-- --------------------------------------------------------

--
-- Table structure for table `_supplier`
--

CREATE TABLE `_supplier` (
  `supplierIndex` int(11) NOT NULL,
  `supplierID` varchar(5) DEFAULT NULL,
  `name` varchar(150) DEFAULT NULL,
  `address` varchar(250) DEFAULT NULL,
  `province` varchar(50) DEFAULT NULL,
  `postcode` varchar(5) DEFAULT NULL,
  `phone` varchar(30) DEFAULT NULL,
  `email` varchar(30) DEFAULT NULL,
  `taxID` varchar(20) DEFAULT NULL,
  `agentName` varchar(50) DEFAULT NULL,
  `agentPhone` varchar(20) DEFAULT NULL,
  `agentEmail` varchar(30) DEFAULT NULL,
  `CRE_DTE` date DEFAULT NULL,
  `CRE_USR` varchar(5) DEFAULT NULL,
  `UPD_DTE` date DEFAULT NULL,
  `UPD_USR` varchar(5) DEFAULT NULL,
  `DEL_DTE` date DEFAULT NULL,
  `DEL_USR` varchar(5) DEFAULT NULL
) ENGINE=InnoDB DEFAULT CHARSET=utf8;

-- --------------------------------------------------------

--
-- Table structure for table `_till_monitor`
--

CREATE TABLE `_till_monitor` (
  `actionIndex` bigint(20) NOT NULL,
  `drawerIndex` bigint(20) DEFAULT NULL,
  `actionType` varchar(30) DEFAULT NULL,
  `actionAmount` decimal(10,2) DEFAULT NULL,
  `drawerBalance` decimal(10,2) DEFAULT NULL,
  `CRE_DTE` datetime DEFAULT NULL,
  `CRE_USR` varchar(5) DEFAULT NULL,
  `UPD_DTE` datetime DEFAULT NULL,
  `UPD_USR` varchar(5) DEFAULT NULL,
  `DEL_DTE` datetime DEFAULT NULL,
  `DEL_USR` varchar(5) DEFAULT NULL
) ENGINE=InnoDB DEFAULT CHARSET=utf8;

--
-- Dumping data for table `_till_monitor`
--

INSERT INTO `_till_monitor` (`actionIndex`, `drawerIndex`, `actionType`, `actionAmount`, `drawerBalance`, `CRE_DTE`, `CRE_USR`, `UPD_DTE`, `UPD_USR`, `DEL_DTE`, `DEL_USR`) VALUES
(1, 1, 'B59110001', '3750.00', '3750.00', '2016-11-08 13:37:32', 'S004', '2001-01-30 17:00:00', NULL, '2001-01-30 17:00:00', NULL),
(2, 1, 'tranRf-B59110001', '3750.00', '0.00', '2016-11-08 13:37:53', 'S004', '2016-11-08 13:37:53', 'S004', NULL, NULL),
(3, 1, 'B59110002', '3750.00', '3750.00', '2016-11-08 13:38:02', 'S004', '2001-01-30 17:00:00', NULL, '2001-01-30 17:00:00', NULL),
(4, 1, 'tranRf-B59110002', '3750.00', '0.00', '2016-11-09 06:40:29', 'S004', '2016-11-09 06:40:29', 'S004', NULL, NULL),
(5, 1, 'B59110003', '3750.00', '3750.00', '2016-11-09 08:07:48', 'S004', '2001-01-30 17:00:00', NULL, '2001-01-30 17:00:00', NULL),
(6, 1, 'tranRf-B59110003', '3750.00', '0.00', '2016-11-09 08:21:27', 'S004', '2016-11-09 08:21:27', 'S004', NULL, NULL),
(7, 1, 'B59110004', '3750.00', '3750.00', '2016-11-09 08:21:46', 'S004', '2001-01-30 17:00:00', NULL, '2001-01-30 17:00:00', NULL),
(8, 1, 'tranRf-B59110004', '3750.00', '0.00', '2016-11-09 08:22:07', 'S004', '2016-11-09 08:22:07', 'S004', NULL, NULL),
(9, 1, 'B59110005', '3750.00', '3750.00', '2016-11-09 08:22:23', 'S004', '2001-01-30 17:00:00', NULL, '2001-01-30 17:00:00', NULL),
(10, 1, 'tranRf-B59110005', '3750.00', '0.00', '2016-11-09 08:22:35', 'S004', '2016-11-09 08:22:35', 'S004', NULL, NULL),
(11, 1, 'B59110006', '3750.00', '3750.00', '2016-11-09 08:25:11', 'S004', '2001-01-30 17:00:00', NULL, '2001-01-30 17:00:00', NULL),
(12, 1, 'tranRf-B59110006', '3750.00', '0.00', '2016-11-09 08:39:51', 'S004', '2016-11-09 08:39:51', 'S004', NULL, NULL),
(13, 1, 'B59110007', '3750.00', '3750.00', '2016-11-09 08:40:00', 'S004', '2001-01-30 17:00:00', NULL, '2001-01-30 17:00:00', NULL),
(14, 1, 'B59110008', '300.00', '4050.00', '2016-11-09 08:43:07', 'S004', '2001-01-30 17:00:00', NULL, '2001-01-30 17:00:00', NULL),
(15, 1, 'B59110009', '1875.00', '5925.00', '2016-11-09 08:46:52', 'S004', '2001-01-30 17:00:00', NULL, '2001-01-30 17:00:00', NULL),
(16, 1, 'B59110010', '4550.00', '10475.00', '2016-11-09 08:47:07', 'S004', '2001-01-30 17:00:00', NULL, '2001-01-30 17:00:00', NULL),
(17, 1, 'B59110011', '1500.00', '11975.00', '2016-11-09 08:49:50', 'S004', '2001-01-30 17:00:00', NULL, '2001-01-30 17:00:00', NULL),
(18, 1, 'B59110012', '375.00', '12350.00', '2016-11-09 08:50:14', 'S004', '2001-01-30 17:00:00', NULL, '2001-01-30 17:00:00', NULL),
(19, 1, 'B59110013', '455.00', '12805.00', '2016-11-09 08:50:24', 'S004', '2001-01-30 17:00:00', NULL, '2001-01-30 17:00:00', NULL),
(20, 1, 'B59110014', '420.00', '13225.00', '2016-11-09 08:51:52', 'S004', '2001-01-30 17:00:00', NULL, '2001-01-30 17:00:00', NULL),
(21, 1, 'B59110015', '480.00', '13705.00', '2016-11-09 08:54:26', 'S004', '2001-01-30 17:00:00', NULL, '2001-01-30 17:00:00', NULL),
(22, 1, 'B59110016', '7650.00', '21355.00', '2016-11-09 08:55:57', 'S004', '2001-01-30 17:00:00', NULL, '2001-01-30 17:00:00', NULL),
(23, 1, 'tranRf-B59110007', '3750.00', '17605.00', '2016-11-09 08:56:51', 'S004', '2016-11-09 08:56:51', 'S004', NULL, NULL),
(24, 1, 'B59110017', '3750.00', '21355.00', '2016-11-09 08:57:15', 'S004', '2001-01-30 17:00:00', NULL, '2001-01-30 17:00:00', NULL),
(25, 1, 'B59110018', '60.00', '21415.00', '2016-11-09 08:59:25', 'S004', '2001-01-30 17:00:00', NULL, '2001-01-30 17:00:00', NULL),
(26, 1, 'B59110019', '60.00', '21475.00', '2016-11-09 09:00:55', 'S004', '2001-01-30 17:00:00', NULL, '2001-01-30 17:00:00', NULL),
(27, 1, 'B59110020', '60.00', '21535.00', '2016-11-09 09:01:53', 'S004', '2001-01-30 17:00:00', NULL, '2001-01-30 17:00:00', NULL),
(28, 1, 'B59110021', '60.00', '21595.00', '2016-11-09 09:02:03', 'S004', '2001-01-30 17:00:00', NULL, '2001-01-30 17:00:00', NULL),
(29, 1, 'tranRf-B59110017', '3750.00', '17845.00', '2016-11-09 09:51:39', 'S004', '2016-11-09 09:51:39', 'S004', NULL, NULL),
(30, 1, 'tranRf-B59110016', '7650.00', '10195.00', '2016-11-09 09:52:07', 'S004', '2016-11-09 09:52:07', 'S004', NULL, NULL),
(31, 1, 'tranRf-B59110021', '60.00', '10135.00', '2016-11-09 09:57:50', 'S004', '2016-11-09 09:57:50', 'S004', NULL, NULL),
(32, 1, 'tranRf-B59110009', '1875.00', '8260.00', '2016-11-09 09:57:57', 'S004', '2016-11-09 09:57:57', 'S004', NULL, NULL),
(33, 1, 'tranRf-B59110008', '300.00', '7960.00', '2016-11-09 10:24:31', 'S004', '2016-11-09 10:24:31', 'S004', NULL, NULL),
(34, 1, 'tranRf-B59110018', '60.00', '7900.00', '2016-11-09 10:24:36', 'S004', '2016-11-09 10:24:36', 'S004', NULL, NULL),
(35, 1, 'B59110022', '60.00', '7960.00', '2016-11-09 11:43:26', 'S004', '2001-01-30 17:00:00', NULL, '2001-01-30 17:00:00', NULL),
(36, 1, 'B59110023', '60.00', '8020.00', '2016-11-09 11:50:07', 'S004', '2001-01-30 17:00:00', NULL, '2001-01-30 17:00:00', NULL),
(37, 1, 'B59110024', '60.00', '8080.00', '2016-11-09 11:50:38', 'S004', '2001-01-30 17:00:00', NULL, '2001-01-30 17:00:00', NULL),
(38, 1, 'B59110025', '60.00', '8140.00', '2016-11-09 11:51:49', 'S004', '2001-01-30 17:00:00', NULL, '2001-01-30 17:00:00', NULL),
(39, 1, 'B59110026', '7650.00', '15790.00', '2016-11-09 11:57:30', 'S004', '2001-01-30 17:00:00', NULL, '2001-01-30 17:00:00', NULL),
(40, 1, 'B59110027', '3750.00', '19540.00', '2016-11-09 12:01:10', 'S004', '2001-01-30 17:00:00', NULL, '2001-01-30 17:00:00', NULL),
(41, 1, 'B59110028', '205.00', '19745.00', '2016-11-09 12:01:51', 'S004', '2001-01-30 17:00:00', NULL, '2001-01-30 17:00:00', NULL),
(42, 1, 'B59110029', '300.00', '20045.00', '2016-11-09 12:03:08', 'S004', '2001-01-30 17:00:00', NULL, '2001-01-30 17:00:00', NULL),
(43, 1, 'B59110030', '300.00', '20345.00', '2016-11-09 12:03:43', 'S004', '2001-01-30 17:00:00', NULL, '2001-01-30 17:00:00', NULL),
(44, 1, 'B59110031', '60.00', '20405.00', '2016-11-09 13:33:14', 'S004', '2001-01-30 17:00:00', NULL, '2001-01-30 17:00:00', NULL),
(45, 1, 'B59110032', '125.00', '20530.00', '2016-11-09 13:35:06', 'S004', '2001-01-30 17:00:00', NULL, '2001-01-30 17:00:00', NULL),
(46, 1, 'tranRf-B59110032', '125.00', '20405.00', '2016-11-09 13:35:38', 'S004', '2016-11-09 13:35:38', 'S004', NULL, NULL),
(47, 1, 'B59110033', '1250.00', '21655.00', '2016-11-09 13:36:16', 'S004', '2001-01-30 17:00:00', NULL, '2001-01-30 17:00:00', NULL),
(48, 1, 'tranRf-B59110033', '1250.00', '20405.00', '2016-11-09 13:54:32', 'S004', '2016-11-09 13:54:32', 'S004', NULL, NULL),
(49, 1, 'B59110034', '1250.00', '21655.00', '2016-11-09 13:54:39', 'S004', '2001-01-30 17:00:00', NULL, '2001-01-30 17:00:00', NULL),
(50, 1, 'B59110035', '300.00', '21955.00', '2016-11-09 13:55:17', 'S004', '2001-01-30 17:00:00', NULL, '2001-01-30 17:00:00', NULL),
(51, 1, 'tranRf-B59110035', '300.00', '21655.00', '2016-11-09 13:57:07', 'S004', '2016-11-09 13:57:07', 'S004', NULL, NULL),
(52, 1, 'B59110036', '300.00', '21955.00', '2016-11-09 13:57:15', 'S004', '2001-01-30 17:00:00', NULL, '2001-01-30 17:00:00', NULL),
(53, 1, 'tranRf-B59110022', '60.00', '21895.00', '2016-11-09 14:26:20', 'S004', '2016-11-09 14:26:20', 'S004', NULL, NULL),
(54, 1, 'B59110037', '600.00', '22495.00', '2016-11-09 14:26:32', 'S004', '2001-01-30 17:00:00', NULL, '2001-01-30 17:00:00', NULL),
(55, 1, 'B59110038', '60.00', '22555.00', '2016-11-10 02:18:24', 'S004', '2001-01-30 17:00:00', NULL, '2001-01-30 17:00:00', NULL),
(56, 1, 'tranRf-B59110015', '480.00', '22075.00', '2016-11-10 07:43:49', 'S004', '2016-11-10 07:43:49', 'S004', NULL, NULL),
(57, 1, 'tranRf-B59110014', '420.00', '21655.00', '2016-11-10 07:43:59', 'S004', '2016-11-10 07:43:59', 'S004', NULL, NULL),
(58, 1, 'tranRf-B59110010', '4550.00', '17105.00', '2016-11-10 07:45:01', 'S004', '2016-11-10 07:45:01', 'S004', NULL, NULL),
(59, 1, 'tranRf-B59110012', '375.00', '16730.00', '2016-11-10 07:45:05', 'S004', '2016-11-10 07:45:05', 'S004', NULL, NULL),
(60, 1, 'tranRf-B59110013', '455.00', '16275.00', '2016-11-10 07:45:19', 'S004', '2016-11-10 07:45:19', 'S004', NULL, NULL),
(61, 1, 'tranRf-B59110011', '1500.00', '14775.00', '2016-11-10 07:45:26', 'S004', '2016-11-10 07:45:26', 'S004', NULL, NULL),
(62, 1, 'tranRf-B59110019', '60.00', '14715.00', '2016-11-10 07:46:14', 'S004', '2016-11-10 07:46:14', 'S004', NULL, NULL),
(63, 1, 'tranRf-B59110020', '60.00', '14655.00', '2016-11-10 07:46:20', 'S004', '2016-11-10 07:46:20', 'S004', NULL, NULL),
(64, 1, 'tranRf-B59110023', '60.00', '14595.00', '2016-11-10 07:46:22', 'S004', '2016-11-10 07:46:22', 'S004', NULL, NULL),
(65, 1, 'tranRf-B59110024', '60.00', '14535.00', '2016-11-10 07:46:24', 'S004', '2016-11-10 07:46:24', 'S004', NULL, NULL),
(66, 1, 'tranRf-B59110025', '60.00', '14475.00', '2016-11-10 07:46:27', 'S004', '2016-11-10 07:46:27', 'S004', NULL, NULL),
(67, 1, 'tranRf-B59110031', '60.00', '14415.00', '2016-11-10 07:46:33', 'S004', '2016-11-10 07:46:33', 'S004', NULL, NULL),
(68, 1, 'tranRf-B59110034', '1250.00', '13165.00', '2016-11-10 07:46:38', 'S004', '2016-11-10 07:46:38', 'S004', NULL, NULL),
(69, 1, 'tranRf-B59110036', '300.00', '12865.00', '2016-11-10 07:46:40', 'S004', '2016-11-10 07:46:40', 'S004', NULL, NULL),
(70, 1, 'tranRf-B59110038', '60.00', '12805.00', '2016-11-10 07:46:41', 'S004', '2016-11-10 07:46:41', 'S004', NULL, NULL),
(71, 1, 'tranRf-B59110037', '600.00', '12205.00', '2016-11-10 07:46:43', 'S004', '2016-11-10 07:46:43', 'S004', NULL, NULL),
(72, 1, 'tranRf-B59110030', '300.00', '11905.00', '2016-11-10 07:46:47', 'S004', '2016-11-10 07:46:47', 'S004', NULL, NULL),
(73, 1, 'tranRf-B59110029', '300.00', '11605.00', '2016-11-10 07:46:49', 'S004', '2016-11-10 07:46:49', 'S004', NULL, NULL),
(74, 1, 'tranRf-B59110026', '7650.00', '3955.00', '2016-11-10 07:46:52', 'S004', '2016-11-10 07:46:52', 'S004', NULL, NULL),
(75, 1, 'tranRf-B59110027', '3750.00', '205.00', '2016-11-10 07:46:54', 'S004', '2016-11-10 07:46:54', 'S004', NULL, NULL),
(76, 1, 'tranRf-B59110028', '205.00', '0.00', '2016-11-10 07:46:56', 'S004', '2016-11-10 07:46:56', 'S004', NULL, NULL),
(77, 1, 'B59110039', '1250.00', '1250.00', '2016-11-10 07:47:12', 'S004', '2001-01-30 17:00:00', NULL, '2001-01-30 17:00:00', NULL),
(78, 1, 'B59110040', '60.00', '1310.00', '2016-11-10 10:02:26', 'S004', '2001-01-30 17:00:00', NULL, '2001-01-30 17:00:00', NULL),
(79, 1, 'B59110041', '375.00', '1685.00', '2016-11-10 10:03:45', 'S004', '2001-01-30 17:00:00', NULL, '2001-01-30 17:00:00', NULL),
(80, 1, 'tranRf-B59110040', '60.00', '1625.00', '2016-11-10 10:26:36', 'S004', '2016-11-10 10:26:36', 'S004', NULL, NULL),
(81, 1, 'B59110042', '60.00', '1685.00', '2016-11-10 10:36:03', 'S004', '2001-01-30 17:00:00', NULL, '2001-01-30 17:00:00', NULL),
(82, 1, 'B59110043', '60.00', '1745.00', '2016-11-10 10:51:20', 'S004', '2001-01-30 17:00:00', NULL, '2001-01-30 17:00:00', NULL),
(83, 1, 'B59110044', '125.00', '1870.00', '2016-11-10 10:51:38', 'S004', '2001-01-30 17:00:00', NULL, '2001-01-30 17:00:00', NULL),
(84, 1, 'B59110045', '1875.00', '3745.00', '2016-11-10 10:52:05', 'S004', '2001-01-30 17:00:00', NULL, '2001-01-30 17:00:00', NULL),
(85, 1, 'B59110046', '4550.00', '8295.00', '2016-11-10 10:58:14', 'S004', '2001-01-30 17:00:00', NULL, '2001-01-30 17:00:00', NULL),
(86, 1, 'B59110047', '60.00', '8355.00', '2016-11-10 11:00:32', 'S004', '2001-01-30 17:00:00', NULL, '2001-01-30 17:00:00', NULL),
(87, 1, 'B59110048', '300.00', '8655.00', '2016-11-10 11:40:05', 'S004', '2001-01-30 17:00:00', NULL, '2001-01-30 17:00:00', NULL),
(88, 1, 'B59110049', '1500.00', '10155.00', '2016-11-10 11:46:42', 'S004', '2001-01-30 17:00:00', NULL, '2001-01-30 17:00:00', NULL),
(89, 1, 'tranRf-B59110041', '375.00', '9780.00', '2016-11-10 12:18:21', 'S004', '2016-11-10 12:18:21', 'S004', NULL, NULL),
(90, 1, 'B59110050', '49674.00', '59454.00', '2016-11-10 12:25:11', 'S004', '2001-01-30 17:00:00', NULL, '2001-01-30 17:00:00', NULL),
(91, 1, 'tranRf-B59110050', '49674.00', '9780.00', '2016-11-10 12:25:38', 'S004', '2016-11-10 12:25:38', 'S004', NULL, NULL),
(92, 1, 'B59110051', '59115.00', '68895.00', '2016-11-10 12:28:55', 'S004', '2001-01-30 17:00:00', NULL, '2001-01-30 17:00:00', NULL),
(93, 1, 'tranRf-B59110049', '1500.00', '67395.00', '2016-11-10 13:51:55', 'S004', '2016-11-10 13:51:55', 'S004', NULL, NULL),
(94, 1, 'tranRf-B59110039', '1250.00', '66145.00', '2016-11-10 13:53:50', 'S004', '2016-11-10 13:53:50', 'S004', NULL, NULL),
(95, 1, 'B59110052', '2790.00', '68935.00', '2016-11-10 13:56:13', 'S004', '2001-01-30 17:00:00', NULL, '2001-01-30 17:00:00', NULL),
(96, 1, 'B59110053', '514.00', '69449.00', '2016-11-11 03:41:56', 'S004', '2001-01-30 17:00:00', NULL, '2001-01-30 17:00:00', NULL),
(97, 1, 'tranRf-B59110053', '514.00', '68935.00', '2016-11-11 03:42:41', 'S004', '2016-11-11 03:42:41', 'S004', NULL, NULL),
(98, 1, 'B59110054', '539.00', '69474.00', '2016-11-11 03:44:15', 'S004', '2001-01-30 17:00:00', NULL, '2001-01-30 17:00:00', NULL),
(99, 1, 'B59110055', '60.00', '69534.00', '2016-11-11 04:45:37', 'S004', '2001-01-30 17:00:00', NULL, '2001-01-30 17:00:00', NULL),
(100, 1, 'B59110056', '99.00', '69633.00', '2016-11-11 04:47:06', 'S004', '2001-01-30 17:00:00', NULL, '2001-01-30 17:00:00', NULL),
(101, 1, 'tranRf-B59110056', '99.00', '69534.00', '2016-11-11 04:47:46', 'S004', '2016-11-11 04:47:46', 'S004', NULL, NULL),
(102, 1, 'tranRf-B59110054', '539.00', '68995.00', '2016-11-11 04:48:05', 'S004', '2016-11-11 04:48:05', 'S004', NULL, NULL),
(103, 1, 'B59110057', '774.00', '69769.00', '2016-11-11 12:49:01', 'S004', '2001-01-30 17:00:00', NULL, '2001-01-30 17:00:00', NULL),
(104, 1, 'tranRf-B59110057', '774.00', '68995.00', '2016-11-11 12:58:50', 'S004', '2016-11-11 12:58:50', 'S004', NULL, NULL),
(105, 1, 'tranRf-B59110048', '300.00', '68695.00', '2016-11-12 05:26:03', 'S004', '2016-11-12 05:26:03', 'S004', NULL, NULL),
(106, 1, 'tranRf-B59110047', '60.00', '68635.00', '2016-11-12 05:26:27', 'S004', '2016-11-12 05:26:27', 'S004', NULL, NULL),
(107, 1, 'B59110058', '3382.00', '72017.00', '2016-11-12 06:42:03', 'S004', '2001-01-30 17:00:00', NULL, '2001-01-30 17:00:00', NULL),
(108, 1, 'tranRf-B59110055', '60.00', '71957.00', '2016-11-12 06:45:33', 'S004', '2016-11-12 06:45:33', 'S004', NULL, NULL),
(109, 1, 'B59110059', '105.00', '72062.00', '2016-11-12 06:48:08', 'S004', '2001-01-30 17:00:00', NULL, '2001-01-30 17:00:00', NULL),
(110, 1, 'B59110060', '275.00', '72337.00', '2016-11-12 06:50:15', 'S004', '2001-01-30 17:00:00', NULL, '2001-01-30 17:00:00', NULL),
(111, 1, 'tranRf-B59110060', '275.00', '72062.00', '2016-11-12 06:52:31', 'S004', '2016-11-12 06:52:31', 'S004', NULL, NULL),
(112, 1, 'B59110061', '257.00', '72319.00', '2016-11-12 06:53:38', 'S004', '2001-01-30 17:00:00', NULL, '2001-01-30 17:00:00', NULL),
(113, 1, 'tranRf-B59110058', '3382.00', '68937.00', '2016-11-12 06:56:04', 'S004', '2016-11-12 06:56:04', 'S004', NULL, NULL),
(114, 1, 'tranRf-B59110043', '60.00', '68877.00', '2016-11-12 07:07:16', '004', '2016-11-12 07:07:16', '004', NULL, NULL),
(115, 1, 'B59110062', '300.00', '69177.00', '2016-11-12 07:27:53', 'S004', '2001-01-30 17:00:00', NULL, '2001-01-30 17:00:00', NULL),
(116, 1, 'B59110063', '300.00', '69477.00', '2016-11-12 07:30:20', 'S004', '2001-01-30 17:00:00', NULL, '2001-01-30 17:00:00', NULL),
(117, 1, 'B59110064', '60.00', '69537.00', '2016-11-12 07:37:24', 'S004', '2001-01-30 17:00:00', NULL, '2001-01-30 17:00:00', NULL),
(118, 1, 'B59110065', '60.00', '69597.00', '2016-11-12 07:38:33', 'S004', '2001-01-30 17:00:00', NULL, '2001-01-30 17:00:00', NULL),
(119, 1, 'B59110066', '60.00', '69657.00', '2016-11-12 07:40:17', 'S004', '2001-01-30 17:00:00', NULL, '2001-01-30 17:00:00', NULL),
(120, 1, 'B59110067', '300.00', '69957.00', '2016-11-12 07:40:48', 'S004', '2001-01-30 17:00:00', NULL, '2001-01-30 17:00:00', NULL),
(121, 1, 'B59110068', '155.00', '70112.00', '2016-11-12 07:43:15', 'S004', '2001-01-30 17:00:00', NULL, '2001-01-30 17:00:00', NULL),
(122, 1, 'B59110069', '60.00', '70172.00', '2016-11-12 07:44:13', 'S004', '2001-01-30 17:00:00', NULL, '2001-01-30 17:00:00', NULL),
(123, 1, 'B59110070', '155.00', '70327.00', '2016-11-12 07:47:09', 'S004', '2001-01-30 17:00:00', NULL, '2001-01-30 17:00:00', NULL),
(124, 1, 'B59110071', '155.00', '70482.00', '2016-11-12 08:46:53', 'S004', '2001-01-30 17:00:00', NULL, '2001-01-30 17:00:00', NULL),
(125, 1, 'tranRf-B59110061', '257.00', '70225.00', '2016-11-12 09:02:38', 'S004', '2016-11-12 09:02:38', 'S004', NULL, NULL),
(126, 1, 'tranRf-B59110061', '257.00', '69968.00', '2016-11-12 09:03:46', 'S004', '2016-11-12 09:03:46', 'S004', NULL, NULL),
(127, 1, 'tranRf-B59110042', '60.00', '69908.00', '2016-11-12 09:04:45', 'S004', '2016-11-12 09:04:45', 'S004', NULL, NULL),
(128, 1, 'tranRf-B59110051', '59115.00', '10793.00', '2016-11-12 09:06:11', 'S004', '2016-11-12 09:06:11', 'S004', NULL, NULL),
(129, 1, 'tranRf-B59110044', '125.00', '10668.00', '2016-11-12 09:07:09', 'S004', '2016-11-12 09:07:09', 'S004', NULL, NULL),
(130, 1, 'tranRf-B59110071', '155.00', '10513.00', '2016-11-12 09:12:51', 'S004', '2016-11-12 09:12:51', 'S004', NULL, NULL),
(131, 1, 'tranRf-B59110062', '300.00', '10213.00', '2016-11-12 09:13:44', 'S004', '2016-11-12 09:13:44', 'S004', NULL, NULL),
(132, 1, 'tranRf-B59110063', '300.00', '9913.00', '2016-11-12 09:15:28', 'S004', '2016-11-12 09:15:28', 'S004', NULL, NULL),
(133, 1, 'tranRf-B59110064', '60.00', '9853.00', '2016-11-12 09:19:08', 'S004', '2016-11-12 09:19:08', 'S004', NULL, NULL),
(134, 1, 'tranRf-B59110059', '105.00', '9748.00', '2016-11-12 09:22:29', 'S004', '2016-11-12 09:22:29', 'S004', NULL, NULL),
(135, 1, 'tranRf-B59110065', '60.00', '9688.00', '2016-11-12 09:24:17', 'S004', '2016-11-12 09:24:17', 'S004', NULL, NULL),
(136, 1, 'tranRf-B59110066', '60.00', '9628.00', '2016-11-12 09:48:26', 'S004', '2016-11-12 09:48:26', 'S004', NULL, NULL),
(137, 1, 'tranRf-B59110067', '300.00', '9328.00', '2016-11-12 09:49:02', 'S004', '2016-11-12 09:49:02', 'S004', NULL, NULL),
(138, 1, 'tranRf-B59110045', '1875.00', '7453.00', '2016-11-12 09:53:08', 'S004', '2016-11-12 09:53:08', 'S004', NULL, NULL),
(139, 1, 'tranRf-B59110046', '4550.00', '2903.00', '2016-11-12 09:57:07', 'S004', '2016-11-12 09:57:07', 'S004', NULL, NULL),
(140, 1, 'tranRf-B59110052', '2790.00', '113.00', '2016-11-12 10:02:05', 'S004', '2016-11-12 10:02:05', 'S004', NULL, NULL),
(141, 1, 'tranRf-B59110068', '155.00', '-42.00', '2016-11-12 10:10:49', 'S004', '2016-11-12 10:10:49', 'S004', NULL, NULL),
(142, 1, 'tranRf-B59110069', '60.00', '-102.00', '2016-11-12 10:11:14', 'S004', '2016-11-12 10:11:14', 'S004', NULL, NULL),
(143, 1, 'tranRf-B59110070', '155.00', '-257.00', '2016-11-12 10:11:55', 'S004', '2016-11-12 10:11:55', 'S004', NULL, NULL),
(144, 1, 'B59110072', '220.00', '-37.00', '2016-11-12 10:13:10', 'S004', '2001-01-30 17:00:00', NULL, '2001-01-30 17:00:00', NULL),
(145, 1, 'B59110073', '60.00', '23.00', '2016-11-12 10:13:18', 'S004', '2001-01-30 17:00:00', NULL, '2001-01-30 17:00:00', NULL),
(146, 1, 'B59110074', '60.00', '83.00', '2016-11-12 10:13:28', 'S004', '2001-01-30 17:00:00', NULL, '2001-01-30 17:00:00', NULL),
(147, 1, 'B59110075', '300.00', '383.00', '2016-11-12 10:13:37', 'S004', '2001-01-30 17:00:00', NULL, '2001-01-30 17:00:00', NULL),
(148, 1, 'B59110076', '470.00', '853.00', '2016-11-12 10:13:48', 'S004', '2001-01-30 17:00:00', NULL, '2001-01-30 17:00:00', NULL),
(149, 1, 'tranRf-B59110073', '60.00', '793.00', '2016-11-12 10:14:59', 'S004', '2016-11-12 10:14:59', 'S004', NULL, NULL),
(150, 1, 'tranRf-B59110072', '220.00', '573.00', '2016-11-12 10:20:24', 'S004', '2016-11-12 10:20:24', 'S004', NULL, NULL),
(151, 1, 'tranRf-B59110075', '300.00', '273.00', '2016-11-12 10:41:37', 'S004', '2016-11-12 10:41:37', 'S004', NULL, NULL),
(152, 1, 'tranRf-B59110074', '60.00', '213.00', '2016-11-12 10:48:52', 'S004', '2016-11-12 10:48:52', 'S004', NULL, NULL),
(153, 1, 'tranRf-B59110076', '470.00', '-257.00', '2016-11-12 11:07:29', 'S004', '2016-11-12 11:07:29', 'S004', NULL, NULL),
(154, 1, 'B59110077', '155.00', '-102.00', '2016-11-12 11:11:40', 'S004', '2001-01-30 17:00:00', NULL, '2001-01-30 17:00:00', NULL),
(155, 1, 'tranRf-B59110077', '155.00', '-257.00', '2016-11-12 11:11:48', 'S004', '2016-11-12 11:11:48', 'S004', NULL, NULL),
(156, 1, 'B59110078', '60.00', '-197.00', '2016-11-12 11:25:01', 'S004', '2001-01-30 17:00:00', NULL, '2001-01-30 17:00:00', NULL),
(157, 1, 'tranRf-B59110078', '60.00', '-257.00', '2016-11-12 11:26:07', 'S004', '2016-11-12 11:26:07', 'S004', NULL, NULL),
(158, 1, 'B59110079', '155.00', '-102.00', '2016-11-12 11:26:32', 'S004', '2001-01-30 17:00:00', NULL, '2001-01-30 17:00:00', NULL),
(159, 1, 'tranRf-B59110079', '155.00', '-257.00', '2016-11-12 11:28:06', 'S004', '2016-11-12 11:28:06', 'S004', NULL, NULL),
(160, 1, 'B59110080', '155.00', '-102.00', '2016-11-12 11:28:25', 'S004', '2001-01-30 17:00:00', NULL, '2001-01-30 17:00:00', NULL),
(161, 1, 'tranRf-B59110080', '155.00', '-257.00', '2016-11-12 11:28:32', 'S004', '2016-11-12 11:28:32', 'S004', NULL, NULL),
(162, 1, 'B59110081', '155.00', '-102.00', '2016-11-12 11:31:52', 'S004', '2001-01-30 17:00:00', NULL, '2001-01-30 17:00:00', NULL),
(163, 1, 'tranRf-B59110081', '155.00', '-257.00', '2016-11-12 11:32:00', 'S004', '2016-11-12 11:32:00', 'S004', NULL, NULL),
(164, 1, 'B59110082', '155.00', '-102.00', '2016-11-12 11:35:28', 'S004', '2001-01-30 17:00:00', NULL, '2001-01-30 17:00:00', NULL),
(165, 1, 'tranRf-B59110082', '155.00', '-257.00', '2016-11-12 11:35:37', 'S004', '2016-11-12 11:35:37', 'S004', NULL, NULL),
(166, 1, 'B59110083', '155.00', '-102.00', '2016-11-12 11:36:18', 'S004', '2001-01-30 17:00:00', NULL, '2001-01-30 17:00:00', NULL),
(167, 1, 'B59110084', '155.00', '53.00', '2016-11-12 11:36:35', 'S004', '2001-01-30 17:00:00', NULL, '2001-01-30 17:00:00', NULL),
(168, 1, 'tranRf-B59110083', '155.00', '-102.00', '2016-11-12 11:36:47', 'S004', '2016-11-12 11:36:47', 'S004', NULL, NULL),
(169, 1, 'tranRf-B59110084', '155.00', '-257.00', '2016-11-12 12:09:41', '004', '2016-11-12 12:09:41', '004', NULL, NULL),
(170, 1, 'B59110085', '155.00', '-102.00', '2016-11-12 12:10:01', '004', '2001-01-30 17:00:00', NULL, '2001-01-30 17:00:00', NULL),
(171, 1, 'tranRf-B59110085', '155.00', '-257.00', '2016-11-12 12:10:22', '004', '2016-11-12 12:10:22', '004', NULL, NULL),
(172, 1, 'B59110086', '155.00', '-102.00', '2016-11-12 12:10:35', '004', '2001-01-30 17:00:00', NULL, '2001-01-30 17:00:00', NULL),
(173, 1, 'tranRf-B59110086', '155.00', '-257.00', '2016-11-12 12:10:52', '004', '2016-11-12 12:10:52', '004', NULL, NULL),
(174, 1, 'B59110087', '325.00', '68.00', '2016-11-14 02:41:05', '004', '2001-01-30 17:00:00', NULL, '2001-01-30 17:00:00', NULL),
(175, 1, 'B59110088', '185.00', '253.00', '2016-11-14 02:41:25', '004', '2001-01-30 17:00:00', NULL, '2001-01-30 17:00:00', NULL),
(176, 1, 'B59110089', '17810.00', '18063.00', '2016-11-14 02:42:34', '004', '2001-01-30 17:00:00', NULL, '2001-01-30 17:00:00', NULL),
(177, 1, 'tranRf-B59110089', '17810.00', '253.00', '2016-11-14 02:47:56', '004', '2016-11-14 02:47:56', '004', NULL, NULL),
(178, 1, 'B59110090', '275.00', '528.00', '2016-11-14 02:49:09', '004', '2001-01-30 17:00:00', NULL, '2001-01-30 17:00:00', NULL),
(179, 1, 'B59110091', '580.00', '1108.00', '2016-11-14 02:55:23', '004', '2001-01-30 17:00:00', NULL, '2001-01-30 17:00:00', NULL),
(180, 1, 'B59110092', '155.00', '1263.00', '2016-11-14 08:35:34', 'S004', '2001-01-30 17:00:00', NULL, '2001-01-30 17:00:00', NULL);

-- --------------------------------------------------------

--
-- Table structure for table `_unitcategory`
--

CREATE TABLE `_unitcategory` (
  `unitCategoryIndex` int(11) NOT NULL,
  `unitCategory` varchar(50) DEFAULT NULL,
  `CRE_DTE` datetime DEFAULT NULL,
  `CRE_USR` varchar(5) DEFAULT NULL,
  `UPD_DTE` datetime DEFAULT NULL,
  `UPD_USR` varchar(5) DEFAULT NULL,
  `DEL_DTE` datetime DEFAULT NULL,
  `DEL_USR` varchar(5) DEFAULT NULL
) ENGINE=InnoDB DEFAULT CHARSET=utf8;

-- --------------------------------------------------------

--
-- Table structure for table `_wl_item`
--

CREATE TABLE `_wl_item` (
  `wl_itemIndex` int(11) NOT NULL,
  `itemIndex` int(11) NOT NULL,
  `MinQty` int(11) NOT NULL DEFAULT '1',
  `MaxQty` int(11) NOT NULL DEFAULT '-1',
  `wlPrice` decimal(10,2) NOT NULL DEFAULT '0.00',
  `CRE_DTE` datetime DEFAULT NULL,
  `CRE_USR` varchar(5) DEFAULT NULL,
  `UPD_DTE` datetime DEFAULT NULL,
  `UPD_USR` varchar(5) DEFAULT NULL
) ENGINE=InnoDB DEFAULT CHARSET=utf8;

-- --------------------------------------------------------

--
-- Structure for view `itemmovementview`
--
DROP TABLE IF EXISTS `itemmovementview`;

CREATE ALGORITHM=UNDEFINED DEFINER=`root`@`localhost` SQL SECURITY DEFINER VIEW `itemmovementview`  AS  select `sl`.`itemIndex` AS `itemIndex`,`i`.`itemID` AS `itemID`,`sl`.`saleNo` AS `actionType`,`sl2`.`saleQTY` AS `QTY`,`sl`.`stockQTY` AS `stockQTY`,`sl`.`CRE_DTE` AS `CRE_DTE` from ((`salelist` `sl` join (select max(`sl1`.`listIndex`) AS `listIndex`,`sl1`.`itemIndex` AS `itemIndex`,sum(`sl1`.`saleQTY`) AS `saleQTY` from `salelist` `sl1` group by `sl1`.`itemIndex`,`sl1`.`saleNo`,`sl1`.`CRE_DTE`) `sl2` on(((`sl`.`itemIndex` = `sl2`.`itemIndex`) and (`sl`.`listIndex` = `sl2`.`listIndex`)))) join `_item` `i` on((`sl`.`itemIndex` = `i`.`itemIndex`))) union all select `sl`.`itemIndex` AS `itemIndex`,`i`.`itemID` AS `itemID`,`sl`.`saleNo` AS `actionType`,`sl2`.`saleQTY` AS `QTY`,`sl`.`stockQTY` AS `stockQTY`,`sl`.`CRE_DTE` AS `CRE_DTE` from ((`salelist_opt` `sl` join (select max(`sl1`.`listIndex`) AS `listIndex`,`sl1`.`itemIndex` AS `itemIndex`,sum(`sl1`.`saleQTY`) AS `saleQTY` from `salelist_opt` `sl1` group by `sl1`.`itemIndex`,`sl1`.`saleNo`,`sl1`.`CRE_DTE`) `sl2` on(((`sl`.`itemIndex` = `sl2`.`itemIndex`) and (`sl`.`listIndex` = `sl2`.`listIndex`)))) join `_item` `i` on((`sl`.`itemIndex` = `i`.`itemIndex`))) where (`sl`.`saleClass` = 'Rt') union all select `i`.`itemIndex` AS `itemIndex`,`i`.`itemID` AS `itemID`,`in`.`inID` AS `actionType`,`in`.`inQTY` AS `QTY`,`in`.`stockQTY` AS `stockQTY`,`in`.`CRE_DTE` AS `CRE_DTE` from (`inventoryin` `in` join `_item` `i`) where (`i`.`itemIndex` = `in`.`itemIndex`) union all select `i`.`itemIndex` AS `itemIndex`,`i`.`itemID` AS `itemID`,`move`.`moveID` AS `actionType`,`move`.`moveQTY` AS `QTY`,`move`.`stockQTY` AS `stockQTY`,`move`.`CRE_DTE` AS `CRE_DTE` from (`inventorymove` `move` join `_item` `i`) where (`move`.`itemIndex` = `i`.`itemIndex`) order by `itemIndex`,`CRE_DTE` ;

-- --------------------------------------------------------

--
-- Structure for view `podetailview`
--
DROP TABLE IF EXISTS `podetailview`;

CREATE ALGORITHM=UNDEFINED DEFINER=`root`@`localhost` SQL SECURITY DEFINER VIEW `podetailview`  AS  select `i`.`inIndex` AS `inIndex`,`i`.`inID` AS `inID`,`i`.`orderNo` AS `orderNo`,`i`.`supplierIndex` AS `supplierIndex`,`i`.`itemIndex` AS `itemIndex`,`i`.`branchIndex` AS `branchIndex`,`i`.`inPrice` AS `inPrice`,`i`.`inQTY` AS `inQTY`,`i`.`inDone` AS `inDone`,`i`.`inTransportCost` AS `inTransportCost`,`i`.`paymentDue` AS `paymentDue`,`i`.`orderDate` AS `orderDate`,`i`.`receiveDate` AS `receiveDate`,`i`.`CRE_DTE` AS `CRE_DTE`,`i`.`CRE_USR` AS `CRE_USR`,`i`.`UPD_DTE` AS `UPD_DTE`,`i`.`UPD_USR` AS `UPD_USR`,`i`.`DEL_DTE` AS `DEL_DTE`,`i`.`DEL_USR` AS `DEL_USR`,`s`.`supplierID` AS `supplierID`,`s`.`name` AS `name`,`t`.`itemID` AS `itemID`,`t`.`itembarcodeID` AS `itembarcodeID`,`t`.`itemName` AS `itemName`,`t`.`itemCatagoryIndex` AS `itemCatagoryIndex`,`t`.`itemUnitIndex` AS `itemUnitIndex`,`w`.`setvalue` AS `setvalue`,(`i`.`inQTY` * `i`.`inPrice`) AS `inTotal` from (((`inventoryin` `i` join `_supplier` `s`) join `_item` `t`) join `workcode` `w`) where ((`i`.`supplierIndex` = `s`.`supplierIndex`) and (`i`.`itemIndex` = `t`.`itemIndex`) and (`i`.`inDone` = `w`.`code`) and isnull(`i`.`DEL_USR`)) ;

-- --------------------------------------------------------

--
-- Structure for view `poview`
--
DROP TABLE IF EXISTS `poview`;

CREATE ALGORITHM=UNDEFINED DEFINER=`root`@`localhost` SQL SECURITY DEFINER VIEW `poview`  AS  select `i`.`inIndex` AS `inIndex`,`i`.`inID` AS `inID`,`i`.`orderNo` AS `orderNo`,`i`.`supplierIndex` AS `supplierIndex`,`i`.`itemIndex` AS `itemIndex`,`i`.`branchIndex` AS `branchIndex`,`i`.`inPrice` AS `inPrice`,`i`.`inQTY` AS `inQTY`,`i`.`inDone` AS `inDone`,`i`.`inTransportCost` AS `inTransportCost`,`i`.`paymentDue` AS `paymentDue`,`i`.`orderDate` AS `orderDate`,`i`.`receiveDate` AS `receiveDate`,`i`.`CRE_DTE` AS `CRE_DTE`,`i`.`CRE_USR` AS `CRE_USR`,`i`.`UPD_DTE` AS `UPD_DTE`,`i`.`UPD_USR` AS `UPD_USR`,`i`.`DEL_DTE` AS `DEL_DTE`,`i`.`DEL_USR` AS `DEL_USR`,`s`.`supplierID` AS `supplierID`,`s`.`name` AS `name`,`t`.`itemID` AS `itemID`,`t`.`itembarcodeID` AS `itembarcodeID`,`t`.`itemName` AS `itemName`,`t`.`itemCatagoryIndex` AS `itemCatagoryIndex`,`t`.`itemUnitIndex` AS `itemUnitIndex`,`w`.`setvalue` AS `setvalue` from (((`inventoryin` `i` join `_supplier` `s`) join `_item` `t`) join `workcode` `w`) where ((`i`.`supplierIndex` = `s`.`supplierIndex`) and (`i`.`itemIndex` = `t`.`itemIndex`) and (`i`.`inDone` = `w`.`code`) and isnull(`i`.`DEL_USR`)) ;

-- --------------------------------------------------------

--
-- Structure for view `saledetailview`
--
DROP TABLE IF EXISTS `saledetailview`;

CREATE ALGORITHM=UNDEFINED DEFINER=`root`@`localhost` SQL SECURITY DEFINER VIEW `saledetailview`  AS  select `s`.`saleIndex` AS `saleIndex`,`s`.`saleNo` AS `saleNo`,`s`.`saleType` AS `saleType`,`s`.`customerIndex` AS `customerIndex`,`s`.`saleDone` AS `saleDone`,`s`.`creditCardID` AS `creditCardID`,`s`.`approvalCode` AS `approvalCode`,`s`.`saleTotalAmount` AS `saleTotalAmount`,`s`.`saleTotalDiscount` AS `saleTotalDiscount`,`s`.`saleTotalBalance` AS `saleTotalBalance`,`s`.`creditCardAuthorizer` AS `creditCardAuthorizer`,`s`.`CRE_DTE` AS `CRE_DTE`,`s`.`CRE_USR` AS `CRE_USR`,`s`.`UPD_DTE` AS `UPD_DTE`,`s`.`UPD_USR` AS `UPD_USR`,`s`.`DEL_DTE` AS `DEL_DTE`,`s`.`DEL_USR` AS `DEL_USR`,`c`.`customerID` AS `customerID`,`c`.`fullname` AS `fullname` from (`saledetail` `s` join `_customer` `c`) where ((`s`.`customerIndex` = `c`.`customerIndex`) and isnull(`s`.`DEL_USR`)) ;

-- --------------------------------------------------------

--
-- Structure for view `_itemsku`
--
DROP TABLE IF EXISTS `_itemsku`;

CREATE ALGORITHM=UNDEFINED DEFINER=`root`@`localhost` SQL SECURITY DEFINER VIEW `_itemsku`  AS  select `j`.`itemIndex` AS `itemIndex`,`j`.`itemID` AS `itemID`,`j`.`itembarcodeID` AS `itembarcodeID`,`j`.`itemName` AS `itemName`,`j`.`itemDetail` AS `itemDetail`,`j`.`itemPrice` AS `SKUPrice`,`j`.`itemCatagoryIndex` AS `itemCategoryIndex`,`j`.`itemSizeIndex` AS `itemSizeIndex`,`j`.`itemUnitIndex` AS `itemUnitIndex`,`s`.`unit` AS `unit`,`s`.`unitCategoryIndex` AS `unitCategoryIndex`,`s`.`referenceUnitIndex` AS `referenceUnitIndex`,`s`.`type` AS `type`,`s`.`ratio` AS `ratio`,`s`.`precision` AS `precision` from (`_itemunit` `s` join `_item` `j`) where (`j`.`itemUnitIndex` = `s`.`itemUnitIndex`) order by `j`.`itemIndex` ;

--
-- Indexes for dumped tables
--

--
-- Indexes for table `calculatedlist`
--
ALTER TABLE `calculatedlist`
  ADD PRIMARY KEY (`listIndex`);

--
-- Indexes for table `inventoryin`
--
ALTER TABLE `inventoryin`
  ADD PRIMARY KEY (`inIndex`);

--
-- Indexes for table `inventorylost`
--
ALTER TABLE `inventorylost`
  ADD PRIMARY KEY (`lostIndex`);

--
-- Indexes for table `inventorymove`
--
ALTER TABLE `inventorymove`
  ADD PRIMARY KEY (`moveIndex`);

--
-- Indexes for table `inventoryreturn`
--
ALTER TABLE `inventoryreturn`
  ADD PRIMARY KEY (`returnIndex`);

--
-- Indexes for table `orderinfo`
--
ALTER TABLE `orderinfo`
  ADD PRIMARY KEY (`orderIndex`);

--
-- Indexes for table `saledetail`
--
ALTER TABLE `saledetail`
  ADD PRIMARY KEY (`saleIndex`);

--
-- Indexes for table `saledetail_void`
--
ALTER TABLE `saledetail_void`
  ADD PRIMARY KEY (`saleIndex`);

--
-- Indexes for table `salelist`
--
ALTER TABLE `salelist`
  ADD PRIMARY KEY (`listIndex`);

--
-- Indexes for table `salelist_opt`
--
ALTER TABLE `salelist_opt`
  ADD PRIMARY KEY (`listIndex`);

--
-- Indexes for table `storeinfo`
--
ALTER TABLE `storeinfo`
  ADD PRIMARY KEY (`storeindex`);

--
-- Indexes for table `_bos`
--
ALTER TABLE `_bos`
  ADD PRIMARY KEY (`bosIndex`);

--
-- Indexes for table `_branch`
--
ALTER TABLE `_branch`
  ADD PRIMARY KEY (`branchIndex`);

--
-- Indexes for table `_customer`
--
ALTER TABLE `_customer`
  ADD PRIMARY KEY (`customerIndex`);

--
-- Indexes for table `_hashlink`
--
ALTER TABLE `_hashlink`
  ADD PRIMARY KEY (`HashLink_index`);

--
-- Indexes for table `_item`
--
ALTER TABLE `_item`
  ADD PRIMARY KEY (`itemIndex`);

--
-- Indexes for table `_itemattribute`
--
ALTER TABLE `_itemattribute`
  ADD PRIMARY KEY (`attributeIndex`),
  ADD KEY `attributeIndex_UNIQUE` (`attributeIndex`);

--
-- Indexes for table `_itemcatagory`
--
ALTER TABLE `_itemcatagory`
  ADD PRIMARY KEY (`itemCatagoryIndex`);

--
-- Indexes for table `_itemcategory`
--
ALTER TABLE `_itemcategory`
  ADD PRIMARY KEY (`itemCategoryIndex`);

--
-- Indexes for table `_itemlocation`
--
ALTER TABLE `_itemlocation`
  ADD PRIMARY KEY (`itemLocationIndex`);

--
-- Indexes for table `_itemsize`
--
ALTER TABLE `_itemsize`
  ADD PRIMARY KEY (`itemSizeIndex`);

--
-- Indexes for table `_itemunit`
--
ALTER TABLE `_itemunit`
  ADD PRIMARY KEY (`itemUnitIndex`);

--
-- Indexes for table `_myuser`
--
ALTER TABLE `_myuser`
  ADD PRIMARY KEY (`userIndex`);

--
-- Indexes for table `_supplier`
--
ALTER TABLE `_supplier`
  ADD PRIMARY KEY (`supplierIndex`);

--
-- Indexes for table `_till_monitor`
--
ALTER TABLE `_till_monitor`
  ADD PRIMARY KEY (`actionIndex`);

--
-- Indexes for table `_unitcategory`
--
ALTER TABLE `_unitcategory`
  ADD PRIMARY KEY (`unitCategoryIndex`);

--
-- Indexes for table `_wl_item`
--
ALTER TABLE `_wl_item`
  ADD PRIMARY KEY (`wl_itemIndex`);

--
-- AUTO_INCREMENT for dumped tables
--

--
-- AUTO_INCREMENT for table `calculatedlist`
--
ALTER TABLE `calculatedlist`
  MODIFY `listIndex` int(11) NOT NULL AUTO_INCREMENT;
--
-- AUTO_INCREMENT for table `inventoryin`
--
ALTER TABLE `inventoryin`
  MODIFY `inIndex` bigint(11) NOT NULL AUTO_INCREMENT;
--
-- AUTO_INCREMENT for table `inventorylost`
--
ALTER TABLE `inventorylost`
  MODIFY `lostIndex` int(11) NOT NULL AUTO_INCREMENT;
--
-- AUTO_INCREMENT for table `inventorymove`
--
ALTER TABLE `inventorymove`
  MODIFY `moveIndex` int(11) NOT NULL AUTO_INCREMENT;
--
-- AUTO_INCREMENT for table `inventoryreturn`
--
ALTER TABLE `inventoryreturn`
  MODIFY `returnIndex` int(11) NOT NULL AUTO_INCREMENT;
--
-- AUTO_INCREMENT for table `orderinfo`
--
ALTER TABLE `orderinfo`
  MODIFY `orderIndex` int(11) NOT NULL AUTO_INCREMENT;
--
-- AUTO_INCREMENT for table `saledetail`
--
ALTER TABLE `saledetail`
  MODIFY `saleIndex` bigint(11) NOT NULL AUTO_INCREMENT, AUTO_INCREMENT=93;
--
-- AUTO_INCREMENT for table `saledetail_void`
--
ALTER TABLE `saledetail_void`
  MODIFY `saleIndex` bigint(11) NOT NULL AUTO_INCREMENT, AUTO_INCREMENT=89;
--
-- AUTO_INCREMENT for table `salelist`
--
ALTER TABLE `salelist`
  MODIFY `listIndex` int(11) NOT NULL AUTO_INCREMENT, AUTO_INCREMENT=535;
--
-- AUTO_INCREMENT for table `salelist_opt`
--
ALTER TABLE `salelist_opt`
  MODIFY `listIndex` int(11) NOT NULL AUTO_INCREMENT;
--
-- AUTO_INCREMENT for table `storeinfo`
--
ALTER TABLE `storeinfo`
  MODIFY `storeindex` int(11) NOT NULL AUTO_INCREMENT, AUTO_INCREMENT=2;
--
-- AUTO_INCREMENT for table `_branch`
--
ALTER TABLE `_branch`
  MODIFY `branchIndex` int(11) NOT NULL AUTO_INCREMENT, AUTO_INCREMENT=3;
--
-- AUTO_INCREMENT for table `_customer`
--
ALTER TABLE `_customer`
  MODIFY `customerIndex` int(11) NOT NULL AUTO_INCREMENT, AUTO_INCREMENT=12;
--
-- AUTO_INCREMENT for table `_hashlink`
--
ALTER TABLE `_hashlink`
  MODIFY `HashLink_index` int(11) NOT NULL AUTO_INCREMENT;
--
-- AUTO_INCREMENT for table `_item`
--
ALTER TABLE `_item`
  MODIFY `itemIndex` int(11) NOT NULL AUTO_INCREMENT, AUTO_INCREMENT=127;
--
-- AUTO_INCREMENT for table `_itemattribute`
--
ALTER TABLE `_itemattribute`
  MODIFY `attributeIndex` int(11) NOT NULL AUTO_INCREMENT;
--
-- AUTO_INCREMENT for table `_itemcatagory`
--
ALTER TABLE `_itemcatagory`
  MODIFY `itemCatagoryIndex` int(11) NOT NULL AUTO_INCREMENT, AUTO_INCREMENT=17;
--
-- AUTO_INCREMENT for table `_itemcategory`
--
ALTER TABLE `_itemcategory`
  MODIFY `itemCategoryIndex` int(11) NOT NULL AUTO_INCREMENT;
--
-- AUTO_INCREMENT for table `_itemlocation`
--
ALTER TABLE `_itemlocation`
  MODIFY `itemLocationIndex` int(11) NOT NULL AUTO_INCREMENT;
--
-- AUTO_INCREMENT for table `_itemsize`
--
ALTER TABLE `_itemsize`
  MODIFY `itemSizeIndex` int(11) NOT NULL AUTO_INCREMENT;
--
-- AUTO_INCREMENT for table `_itemunit`
--
ALTER TABLE `_itemunit`
  MODIFY `itemUnitIndex` int(11) NOT NULL AUTO_INCREMENT, AUTO_INCREMENT=8;
--
-- AUTO_INCREMENT for table `_myuser`
--
ALTER TABLE `_myuser`
  MODIFY `userIndex` int(11) NOT NULL AUTO_INCREMENT, AUTO_INCREMENT=13;
--
-- AUTO_INCREMENT for table `_supplier`
--
ALTER TABLE `_supplier`
  MODIFY `supplierIndex` int(11) NOT NULL AUTO_INCREMENT;
--
-- AUTO_INCREMENT for table `_till_monitor`
--
ALTER TABLE `_till_monitor`
  MODIFY `actionIndex` bigint(20) NOT NULL AUTO_INCREMENT, AUTO_INCREMENT=181;
--
-- AUTO_INCREMENT for table `_wl_item`
--
ALTER TABLE `_wl_item`
  MODIFY `wl_itemIndex` int(11) NOT NULL AUTO_INCREMENT;
/*!40101 SET CHARACTER_SET_CLIENT=@OLD_CHARACTER_SET_CLIENT */;
/*!40101 SET CHARACTER_SET_RESULTS=@OLD_CHARACTER_SET_RESULTS */;
/*!40101 SET COLLATION_CONNECTION=@OLD_COLLATION_CONNECTION */;
